track_id,track_name,artist_name,album_name,genre,release_year,language,danceability,energy,loudness,speechiness,acousticness,instrumentalness,liveness,valence,tempo,duration_ms,popularity,play_count,user_id,user_rating,mood
TRK0151,Ocean Memories,Indigo Pulse,Indigo Diaries,,2013.0,English,0.4359492139152006,0.9280126933158812,-5.081624812735736,0.0507258236874201,0.0425358487440104,0.0009303192120989,0.2129422528966364,0.7559709051706432,122.35925035093342,240529.0,44.0,27.0,U063,4.0,Party
TRK0094,Golden Waves,Solar Stories,Solar Stories,,2016.0,Korean,0.7817281580492258,0.7654144600780781,-6.432486735577432,0.1141665887188652,0.0,0.2208755386185139,0.0528400572800692,0.932763346965809,105.48243534586436,210231.0,100.0,45.0,U071,3.0,Energetic
TRK0213,Paper City,Nova Heaven,Nova Frequency,Country,2025.0,English,0.5965528649116472,0.594694026206655,-8.940629584296916,0.0,0.3131055659732205,0.013109108403801,0.18690165117217,0.8844966869126745,111.88603257009572,267414.0,100.0,52.0,U129,4.0,Romantic
TRK0292,Hidden Shadows,Neon District,Neon Frequency,K-Pop,2015.0,Korean,0.6749792624860942,0.806929720281435,-6.297646873759345,0.0099477821538762,0.1507953326819583,0.0211911016248631,0.2686839999080875,0.945410162835344,108.29886720306446,140464.0,99.0,43.0,U015,3.0,Energetic
TRK0087,Ocean Roads,Electric Lines,Electric Frequency,Classical,2026.0,Hindi,0.3760937323562984,0.424635103653962,-14.558685256196826,0.1303173124750188,0.8285928158560564,0.8999731822678968,0.1019615530918113,0.3674124555756131,82.64425593849256,233339.0,100.0,75.0,U045,5.0,Sad
TRK0112,Golden Memories,Nova Heaven,Nova Sessions,Country,,English,0.6444459281259471,0.516946141836524,-8.080608302089118,0.078723836858265,0.5738480877595257,0.0,0.1541481790819103,0.7841213937324781,111.51347269905312,195637.0,99.0,53.0,U148,4.0,Happy
TRK0210,Afterglow Stories,Urban Parade,Urban Nights,,2013.0,English,0.6915900994639217,0.866148677022207,-4.122841608758671,0.0720930926596633,0.0824599298942206,0.0,0.197420440405195,0.8068276995096823,117.12153195816752,270078.0,73.0,31.0,U072,,Motivational
TRK0346,Velvet Paradise,Wild Stories,Wild Frequency,Jazz,2021.0,English,0.538614690099219,0.4421966559607088,-10.328131643942044,0.0647042293334609,0.4161243020431462,0.1770323129954132,0.145396167080501,0.5710336350251407,114.9803118589986,216751.0,100.0,46.0,U023,3.0,Energetic
TRK0104,Falling Stories,Aurora Heights,Aurora Diaries,Jazz,2016.0,English,0.4468122506057242,0.3042876652904063,-9.88488258531332,0.0590404325813865,0.7209461351677944,0.1983231540030662,0.2442543225096861,0.3722957132026803,102.16710425629466,233711.0,36.0,31.0,U036,5.0,
TRK0326,Paper Hearts,Static Motion,Static Diaries,Classical,2019.0,Japanese,0.2621240544677043,0.0913890458949559,-14.63231093500218,0.0647042293334609,0.6503885166733496,0.9284406801412872,0.135294526297412,0.3552812908878518,74.80240887960493,239721.0,94.0,27.0,U126,3.0,Calm
TRK0074,Afterglow Shadows,Urban Lines,Urban Frequency,Rock,2010.0,Spanish,0.4313805869300953,0.8456655505852365,-6.245879396177607,0.0207246370817483,0.0310988877573207,0.0,0.128434325993874,0.9348239309699162,130.765071828263,267909.0,70.0,56.0,U069,4.0,Happy
TRK0334,Midnight Colours,Blue Circuit,Blue Diaries,K-Pop,2014.0,Korean,0.7213527127283091,0.8145648991765665,-7.6297359296728064,0.0403267542885664,0.125793142200641,0.1212483217606737,0.0610040681723323,0.9517229382247088,117.9565881033663,238641.0,100.0,72.0,U023,5.0,
TRK0259,,Indigo Waves,Indigo Collection,Pop,2019.0,Hindi,0.7840785134252641,0.718821765121364,-7.961764675059078,0.0228133759827583,0.018537762820207,0.0440670005369658,0.1181130914495354,0.8681763943593139,113.91398100228058,219647.0,100.0,60.0,U003,5.0,Party
TRK0148,Sunday Rain,Velvet Parade,Velvet Frequency,Country,2026.0,English,0.5067914177191088,0.6734256310405013,-7.575936964480379,0.0647042293334609,0.3775675751005797,0.2027458141229706,0.1394988938283282,0.7236785152210713,121.66519978230572,301756.0,83.0,47.0,U033,4.0,Romantic
TRK0246,Falling Memories,Indigo Parade,Indigo Frequency,Hip-Hop,2011.0,English,0.6444459281259471,0.7206641419830236,-6.862334048038703,0.1849063465480982,0.0073560826699426,0.0733252021213763,0.1916466720723761,0.6305913341891172,101.3032612207818,310252.0,77.0,26.0,U147,4.0,Motivational
TRK0002,Neon Waves,Echo Heaven,Echo Diaries,Pop,2024.0,Japanese,0.7015137636454739,0.6340947819150138,-5.730666047846122,0.0630461733069039,0.0610758439538876,0.0,0.1572616429887344,0.8629039093926958,120.31328262149312,252870.0,100.0,69.0,U081,5.0,Romantic
TRK0337,Ocean Paradise,Aurora Harbor,Aurora Sessions,Hip-Hop,2022.0,Spanish,0.6793932527048435,0.7762462462134004,-7.123713224494114,0.1765520929493499,0.0923707229181061,0.060933254653263,0.134062565956992,0.6876423177643098,95.0910098620933,258138.0,89.0,46.0,U053,4.0,Energetic
TRK0211,Falling Rain,Crimson Garden,Crimson Nights,Pop,2026.0,Japanese,0.8661799167547305,0.6603957869327228,-6.835223500767991,0.0275578034033774,0.0779759510099389,0.1050187428362443,0.1271274429172309,0.6883525801369106,106.8857039596888,194633.0,100.0,70.0,U078,4.0,Happy
TRK0172,Broken Lights,,Silver Stories,Rock,,French,0.4435571581935758,0.7730435386390737,-6.981424511673829,0.0503243177169366,0.0537092187002533,0.0,0.2445908728765943,0.7590504137374932,134.04104755976746,189890.0,85.0,55.0,U036,5.0,Happy
TRK0023,Falling Fire,Aurora Harbor,Aurora Sessions,Hip-Hop,2016.0,French,0.8599824246910295,0.6497273587947006,-7.460828759999391,0.3066654996446538,0.0,0.0,0.1641614334281835,0.8010529977957789,99.03731882640578,282526.0,100.0,31.0,U058,4.0,Romantic
TRK0254,Summer Echoes,Crimson Garden,,Pop,2014.0,English,0.8538196132938654,0.8281729744753916,-6.068266458042872,0.0100759857974132,0.0,0.0733252021213763,0.0258170231446973,0.8404632787252565,122.35579818662028,203596.0,67.0,35.0,U121,3.0,Party
TRK0183,Hidden Paradise,Lunar Heights,Lunar Diaries,Electronic,2022.0,Korean,0.7740957782694945,1.0,-6.572475443496948,0.0255092174611048,0.0,0.353102467155807,0.2173613300832528,0.8061382127205055,136.54218157498795,262006.0,100.0,42.0,U047,3.0,Happy
TRK0067,Distant Lights,Paper Riders,Paper Frequency,Classical,2018.0,English,0.209166683717333,0.1339618015474367,-16.260464838384188,0.0593960197476552,0.7362545748057363,0.7340165675149569,0.1005953938706207,0.4370383640370838,81.40233856742273,207962.0,98.0,64.0,U127,4.0,Focus
TRK0299,Afterglow Lights,Indigo Waves,Indigo Collection,Pop,2012.0,,0.7814644048081822,0.8283303587054707,-6.245198817413489,0.0499444199776055,0.0,0.0270589575417337,0.1218039135586493,0.8767309273368145,136.77487776220872,279699.0,96.0,34.0,U147,3.0,Party
TRK0355,Paper Fire,Royal Sound,,R&B,2016.0,English,0.7241690885958164,0.5941028486711759,-9.672849921492633,0.1065806675634478,0.1582807093787289,0.0,0.1655363238222102,0.7383752196951652,121.83839453173924,225107.0,77.0,37.0,U094,3.0,Romantic
TRK0127,Electric Fire,Urban Parade,Urban Diaries,Pop,2021.0,English,0.6857847109267953,0.5648239028275313,-9.77882716635796,0.0582297144520119,0.1178708008600195,0.0,0.1175867594475757,0.8152596734541223,98.72429449393792,208947.0,98.0,33.0,U052,3.0,Happy
TRK0053,Velvet Dreams,Midnight Bloom,Midnight Frequency,Pop,2018.0,English,0.7213985221865292,0.7306421119411214,-7.575936964480379,0.0,0.1589802134280187,0.0,0.0190390605108412,0.8204883799577991,113.91398100228058,215423.0,100.0,53.0,U029,4.0,Energetic
TRK0113,Ocean Rhythm,Paper Sound,Paper Frequency,Indie,2016.0,English,0.4899307816287322,0.5246238267584429,-8.41294590349164,0.0895529312465401,0.2073078237795332,0.0,0.0073590044585697,0.6682659253467892,105.9229108637243,224584.0,92.0,45.0,U010,4.0,
TRK0277,Neon Promises,Golden Theory,Golden Sessions,Rock,2007.0,English,0.5166336968934061,0.7468484700118985,-6.058597139783031,0.0002037877795454,0.1794339154259975,0.1637268683554904,0.2090633380789829,0.4685184177371747,119.1683788808502,255379.0,,48.0,U007,5.0,Relaxing
TRK0218,Summer Lights,Crimson Signals,Crimson Frequency,Rock,2021.0,English,0.5525707983318722,0.9087885855648804,-5.497718548208321,0.0467414447526255,0.0301086201418125,0.0,0.2137749236699345,0.7252444775467085,133.79243552607176,196746.0,99.0,62.0,U091,5.0,Happy
TRK0281,Neon Roads,,Paper Diaries,Electronic,2026.0,English,0.8542604959235293,0.8525376246807856,-6.4972773372031325,0.085082845073713,0.0,0.1389640499022388,0.0859486614828387,0.9804413135929296,115.21658655302237,226172.0,100.0,28.0,U041,3.0,Motivational
TRK0122,Distant Hearts,Urban Parade,Urban Nights,Pop,2019.0,Japanese,0.6393718179315315,0.5574210450995871,-6.958866833394563,0.0945395467885177,0.1362755190117013,0.1301446011740367,0.1261507345956509,0.8446858842510397,118.2920150815943,235026.0,80.0,26.0,U007,3.0,Romantic
TRK0282,Velvet Echoes,Velvet Lines,Velvet Diaries,K-Pop,2026.0,English,0.6597261987851413,0.6734256310405013,-5.090941511810036,0.0302306772797351,0.1507953326819583,0.0303262767850384,0.1892287672133924,1.0,128.1084134502337,222189.0,100.0,42.0,U084,,Happy
TRK0215,,Royal Heights,Royal Diaries,,2018.0,Hindi,0.6472632259340868,0.6854460829834439,-7.418383584577652,0.0,0.0057008944170567,0.1773907341480889,0.1469306320209663,0.6801654107029175,105.45885623796435,236325.0,100.0,45.0,U116,3.0,Energetic
TRK0245,Gravity Sky,Static Lines,Static Diaries,Indie,2012.0,English,0.6161600521843583,0.6321213150233576,-7.279291653604948,0.1275273447516076,0.3612409774159476,0.1048200606544563,0.2556103736325805,0.7846826053302078,113.91398100228058,234747.0,83.0,43.0,U068,3.0,Motivational
TRK0088,Distant Motion,Solar Circuit,Solar Stories,Rock,2022.0,English,0.4529071869842191,0.7296177717043025,-7.512978801656027,0.0,0.1361407285500787,0.0452691945323485,0.1592008606829204,0.3413013106465727,116.6657268180112,273824.0,70.0,76.0,U110,5.0,Sad
TRK0036,Starlight Motion,Silver Hearts,Silver Frequency,Rock,2011.0,English,0.334517751474221,0.9038861868696506,-4.45080145731973,0.0386367199563665,0.1278790913595492,0.0,0.1090556637814267,0.6379847403383734,120.68122863162988,260942.0,100.0,59.0,U030,5.0,Party
TRK0316,Ocean Waves,Indigo Pulse,Indigo Stories,Rock,2016.0,English,0.6193519509610061,0.6981663089190868,-7.36464394815389,0.0647042293334609,0.1082354065191356,0.0447921153405382,0.39973673667787,0.5669849662934751,128.00425411910143,258104.0,80.0,36.0,U115,4.0,Focus
TRK0287,Hidden Roads,Echo Signals,Echo Sessions,R&B,2017.0,Hindi,0.6907989308907942,0.6915559733892898,-8.373154730139111,0.0184335235044111,0.1938491819951375,0.1119173245141763,0.1702743132265298,0.7829840672443317,100.28464387319944,211276.0,95.0,34.0,U134,3.0,Motivational
TRK0090,Distant Fire,Wild District,Wild Frequency,,2012.0,Korean,0.6259705955014987,0.700462440697253,-7.850304875507684,0.0,0.1999186704873969,0.0,0.0262664520942433,0.711212611430093,126.507287984123,236571.0,40.0,28.0,U063,4.0,Energetic
TRK0144,Golden Memories,Silver Skies,Silver Stories,,2023.0,English,0.7821601313120972,0.7121876000983328,-6.726369660671997,0.0166666938760457,0.0,0.0733252021213763,0.1426793179390501,0.9780970782940764,130.75350053013395,290239.0,80.0,37.0,U038,3.0,Party
TRK0322,Distant Signals,Lunar Harbor,Lunar Diaries,Pop,2013.0,English,0.7323309404442458,0.660704085936643,-7.645994554894629,0.1588904403030486,0.0,0.0582871135371471,0.0503634933998673,0.9338588764663796,119.79801117845015,252139.0,68.0,33.0,U047,4.0,Happy
TRK0018,Sunday Rhythm,Echo Heaven,,Pop,2026.0,English,0.768014340339161,0.5549908462571129,-6.322101283358844,0.0904489152196463,0.0023580300076986,0.0,0.1384602043049563,0.8332435108849815,113.48749320742824,236653.0,93.0,51.0,U026,5.0,Happy
TRK0258,Ocean Dreams,Blue Stories,Blue Sessions,Country,2021.0,Hindi,0.4507518073217522,0.4881468791308773,-8.47300196876671,0.0578755323840546,0.6164362729217966,0.0048061589622262,0.2333442963085719,0.7383752196951652,116.25938584472834,200001.0,100.0,29.0,U052,3.0,Romantic
TRK0012,Summer Sun,Paper Sound,Paper Collection,Indie,2025.0,Hindi,0.7335755991995991,0.6548849991498713,-9.504707840614987,0.0,0.1507953326819583,0.3030172314108438,0.1374336550702179,0.6408464390279692,128.5148293251857,196976.0,77.0,29.0,U034,3.0,Happy
TRK0076,Neon Echoes,Neon Stories,Neon Diaries,Lo-Fi,2009.0,English,0.221517946450468,0.2706649853855485,-11.755593201296175,0.0043363376293938,0.6501787358863441,0.0733252021213763,0.153273350026571,0.6023411664551772,113.91398100228058,198205.0,,46.0,U047,4.0,Relaxing
TRK0366,Velvet Stories,Silver Skies,Silver Collection,Pop,2026.0,English,0.5817238393907174,0.6856914652811356,-7.106937158852667,0.1088819631733403,0.1583903419074364,0.0,0.145396167080501,0.7383752196951652,106.41154204762744,231592.0,100.0,55.0,U125,4.0,Party
TRK0073,Golden Waves,Paper Dream,Paper Sessions,Electronic,2012.0,English,0.7789361323381807,0.7058591581675298,-7.251859770994836,0.0764413683928695,0.0765934390673563,0.1135605541622937,0.2672245223420737,0.9187569613804676,120.08465444131492,262854.0,100.0,32.0,U030,3.0,Energetic
TRK0365,Neon Paradise,Solar Heights,Solar Diaries,Hip-Hop,2012.0,,0.7393400739432503,0.6734256310405013,-9.899811615513416,0.2655740089034645,0.0304768813243852,0.0,0.1626671970194792,0.6495650873135022,83.88248167073107,233339.0,82.0,58.0,U135,5.0,Happy
TRK0031,Broken Memories,Indigo Waves,Indigo Sessions,,2025.0,English,0.6913751266444308,0.7337006837988904,-7.575936964480379,0.1120996206459317,0.0,0.0,0.0,0.6718783922522282,129.41640809549463,268645.0,80.0,52.0,U108,5.0,
TRK0156,Broken Rhythm,Velvet Dream,Velvet Nights,Pop,2026.0,French,0.7699788104295798,0.6734256310405013,-7.545755713623786,0.0504867631680615,0.0,0.0589037590433763,0.0933973356465462,0.5976222359819389,122.63716618801293,285920.0,100.0,65.0,U103,5.0,Focus
TRK0237,Electric Hearts,,Indigo Collection,R&B,2020.0,English,0.7196383020116754,0.5834281442962522,-6.42177692673047,0.1145673503010579,0.1507953326819583,0.0,0.1339300338170917,0.6124944703195264,98.14258022248843,227059.0,74.0,49.0,U005,4.0,Focus
TRK0124,Golden Hearts,Solar Theory,Solar Frequency,R&B,2021.0,English,0.6110013646132396,0.6119440280282565,-8.107926458829796,0.0399936556569609,0.0293854815041906,0.079453886031396,0.0,0.7547588860018177,98.05449595839325,281423.0,81.0,31.0,U050,3.0,Romantic
TRK0121,Velvet Rain,Sapphire Riders,Sapphire Frequency,R&B,,English,0.6593302712174063,0.621754670494283,-5.958831968952131,0.0396839706390458,0.2523751288462215,0.0,0.1452091210760036,0.8943642003247797,105.9356682531527,241674.0,85.0,55.0,U048,5.0,Motivational
TRK0226,Afterglow Fire,Sapphire Garden,Sapphire Sessions,Electronic,2010.0,English,0.7749525927218578,0.7485004972599811,-7.633720803954731,0.0248464038233847,0.0624159617122491,0.1030290271216891,0.1474999622474302,0.8785151326196182,121.6411905930362,230159.0,89.0,62.0,U146,4.0,Motivational
TRK0100,Sunday Signals,Neon Harbor,Neon Sessions,,2001.0,English,0.607506215189234,0.6734256310405013,-9.8447035263667,0.0026153553277598,0.4122279347167524,0.0495190045379289,0.1898148011606993,0.8478574243291017,99.47397431479284,264978.0,69.0,43.0,U096,4.0,Happy
TRK0276,Golden Roads,Neon Stories,Neon Frequency,Lo-Fi,2016.0,Hindi,0.2761184537479068,0.181467564097109,-12.033566235818991,0.0337953014975993,0.6657166001649696,0.420497020979903,0.0268873823656407,0.4020438096006706,81.43170116874637,207481.0,99.0,53.0,U150,3.0,Melancholic
TRK0386,Ocean Shadows,Crimson Hearts,Crimson Sessions,K-Pop,2018.0,,0.7879820265019124,1.0,-5.945918308415852,0.0604067467657674,0.1415331824381853,0.0581116826583707,0.2307535039847963,0.9213508267653436,123.01261433623174,180797.0,63.0,35.0,U140,4.0,Party
TRK0216,Paper Echoes,Midnight Skies,Midnight Frequency,Hip-Hop,2008.0,English,0.7265067962726393,0.7893050198931415,-7.869088918703911,0.247967220637946,0.0804836930065861,0.0226450376430719,0.1783181635160309,0.6703689438303281,95.8470972740669,290168.0,92.0,40.0,U136,3.0,Party
TRK0103,Hidden Rhythm,Wild Circuit,Wild Diaries,Classical,2006.0,,0.2864525037992802,0.2137717671567321,-14.50540523473548,0.0,0.6518063751634017,0.7313995028806262,0.1859894568596106,0.3032615941608924,86.27828578198104,212996.0,66.0,48.0,U025,4.0,Relaxing
TRK0214,Ocean Fire,Static Bloom,Static Frequency,Jazz,2022.0,English,0.5161524652153847,0.6734256310405013,-9.760372608852055,0.100147176354278,0.5047036984697552,0.2468080799305154,0.2657495564449459,0.3964769543112564,105.28053031180876,266852.0,89.0,53.0,U007,5.0,Energetic
TRK0229,Neon Memories,Solar Theory,Solar Diaries,,2024.0,English,0.8199346930553539,0.6271010589627435,-8.736875650011106,0.0919919099914441,0.2505255490180895,0.0223104918262433,0.0952292708044406,0.7191887488137937,91.93167440843408,248947.0,63.0,54.0,U135,4.0,Romantic
TRK0343,Higher Roads,Royal Garden,Royal Diaries,Jazz,2021.0,Hindi,0.5189756561162653,0.4943777475673389,-11.830638804726156,0.0581795003249524,0.5835561705635799,0.3985871561920195,0.0,0.6091729121003809,113.91398100228058,233339.0,100.0,48.0,U037,4.0,Energetic
TRK0131,Midnight Memories,Velvet Bloom,Velvet Sessions,Lo-Fi,2012.0,Korean,0.4748933910396658,0.4023907133676121,-11.369914059068874,0.0966601682200631,0.6222165833366194,0.0733252021213763,0.2992789575095571,0.5208150930332149,77.4800083326858,208450.0,58.0,60.0,U106,5.0,Calm
TRK0059,Sunday Fire,Royal Sound,Royal Collection,R&B,2021.0,English,0.5737571219860069,0.5268500967273972,-6.634800523480849,0.0782186440792295,0.4110700196330108,0.0609150166456664,0.1585625323816887,0.8665064465752664,101.65096838045832,201758.0,89.0,31.0,U091,3.0,
TRK0024,Afterglow Rhythm,Electric Pulse,Electric Diaries,Indie,2003.0,Japanese,0.5342300569043174,0.5982667542169522,-6.63373891551651,0.0,0.2230432680833517,0.0,0.0944104596982203,0.7244508474654144,120.16750405575644,245495.0,44.0,42.0,U027,4.0,Romantic
TRK0333,Velvet Echoes,,Velvet Sessions,Lo-Fi,2012.0,English,0.264397931011321,0.3883126426371508,-11.04603033502772,0.0804653982314999,0.6892141840785073,0.3028090666622137,0.0355795902891203,0.4300135827240473,75.22279914553619,245218.0,84.0,41.0,U101,4.0,Melancholic
TRK0098,Golden Promises,Electric Pulse,Electric Sessions,Indie,2012.0,English,0.6252538418979592,0.6401899286437044,-7.7931092649547535,0.1209995692219348,0.2364178316582668,0.0981482965455349,0.2292882874363712,0.829235406386648,105.22873973489898,226458.0,100.0,58.0,U135,5.0,Motivational
TRK0243,Summer Stories,Golden Pulse,Golden Diaries,K-Pop,2020.0,Korean,0.7346162438874467,0.8606440839593326,-5.287792723901146,0.0947334992838893,0.0311587394201005,0.0,0.145396167080501,0.8030747028608726,117.93360106817649,203565.0,97.0,78.0,U146,5.0,Happy
TRK0153,Midnight Stories,Aurora Circuit,Aurora Diaries,Indie,2002.0,English,0.7031875134289303,0.6805737891895045,-7.65958231402145,0.0953900760179677,0.3867764892221016,0.2404501676673238,0.214359657365289,0.8588848111937194,120.0789755090926,263166.0,66.0,39.0,U007,4.0,Party
TRK0194,Golden Paradise,Lunar Stories,Lunar Frequency,Hip-Hop,2024.0,English,0.8376807698865146,0.5809041460537996,-6.481582540184175,0.2479703923502263,0.1330024624884606,0.0813025761537073,0.0809061391824179,0.5231875346996698,92.2171288613433,256082.0,100.0,26.0,U087,3.0,Energetic
TRK0039,Slow Rhythm,Golden Heights,Golden Stories,Pop,2019.0,English,0.7671136293399929,0.663767696090173,-7.602662898388932,0.1313189187911503,0.0,0.0,0.145396167080501,1.0,114.21436131775792,178021.0,87.0,55.0,U124,5.0,Romantic
TRK0280,Neon Shadows,Royal Riders,Royal Sessions,Indie,2019.0,English,0.5504783292879338,0.6347049167130754,-7.488823172418342,0.1175720842684036,0.1507953326819583,0.0514763404807845,0.2093961273771952,0.8557227696126306,118.44114585183276,228035.0,100.0,67.0,U017,5.0,Romantic
TRK0222,Ocean Motion,,Crimson Sessions,Lo-Fi,2013.0,English,0.4328550168512207,0.1995465658903995,-12.677668482518694,0.100137075604457,0.6797882224725368,0.1833726894627549,0.0010912411834545,0.6306395672756933,79.47064640631496,209086.0,72.0,,U042,5.0,Focus
TRK0248,Distant Hearts,Sapphire Garden,Sapphire Frequency,Electronic,2024.0,English,0.8388735622881146,0.8358608237928283,-6.188490456168153,0.1078579017803186,0.0,0.0571592221303134,0.1727001978565253,0.8799316757830565,117.4950603627804,237607.0,95.0,39.0,U040,4.0,Energetic
TRK0335,Midnight Rhythm,Static Parade,Static Frequency,Electronic,2013.0,English,0.7077877729771409,0.7890418484376899,-9.448335191837202,0.0506657293486435,0.0,0.1983759767397799,0.1846693565307028,0.7477620885463989,128.10531448946858,263144.0,68.0,43.0,U115,5.0,
TRK0171,Wild Hearts,Indigo Motion,Indigo Frequency,Indie,2025.0,English,0.5227148970165341,0.6361083502950367,-8.400700387806639,0.0758013111577825,0.2793108854695308,0.0819696854123756,0.2178863141174221,0.7701622965150224,108.68634648681912,208433.0,95.0,40.0,U009,4.0,Motivational
TRK0356,Gravity Hearts,Midnight Bloom,Midnight Collection,Pop,2016.0,English,0.8126376747833246,0.6537982853253361,-7.180192765719566,0.0057987960415999,0.0433088458148023,0.0,0.1192096407127418,0.8922022185488249,128.8195749477698,262797.0,100.0,59.0,U081,4.0,Motivational
TRK0177,Falling Fire,Urban Bloom,Urban Sessions,Hip-Hop,2020.0,English,0.6936826249363235,0.6438186224948674,-8.781022605854742,0.284047860355674,0.0706035322537946,0.0,0.2065983424721412,0.6203261255841609,87.60527432132514,271620.0,77.0,61.0,U130,5.0,Romantic
TRK0304,Paper Promises,Paper Sound,Paper Collection,Indie,2021.0,,0.5087595126647839,0.6349822885262093,-7.860071068963618,0.0,0.5338561509202658,0.0,0.17936480906168,0.6947364721605259,118.72982858652576,216165.0,100.0,31.0,U060,3.0,Motivational
TRK0182,Velvet Fire,Velvet Lines,Velvet Diaries,K-Pop,2018.0,Hindi,0.681574149108482,0.769139539849731,-7.224700019719344,0.1834848831326677,0.0587301782268704,0.1803962329923429,0.1163064368434618,0.9025260781886812,110.96618052458382,224812.0,93.0,47.0,U086,4.0,Energetic
TRK0267,Falling Promises,Blue Hearts,Blue Diaries,Indie,2023.0,Hindi,0.5210118668446194,0.482985709050827,-6.425231733863422,0.0894044989333985,0.1417724508003643,0.0,0.1407358028649759,0.6175097755344411,103.6497279711473,300105.0,93.0,42.0,U119,4.0,Focus
TRK0167,Falling Fire,Sapphire Heaven,Sapphire Sessions,Hip-Hop,2026.0,English,0.6444459281259471,0.5735856386233139,-5.466341140176336,0.219194713251542,0.0686058173304349,0.0,0.0838903985117835,0.6431682073185628,117.4697334252422,283517.0,78.0,46.0,U052,5.0,Romantic
TRK0180,Falling Motion,Urban Parade,,Pop,2026.0,English,0.6906596908936026,0.6807758135702193,-6.785077201224383,0.1420021276593823,0.1405536447952963,0.1066582677834437,0.201848907634912,0.6910480925679444,123.75053234334564,228465.0,51.0,31.0,U101,3.0,Motivational
TRK0360,Broken Hearts,Crimson Signals,Crimson Frequency,Rock,2021.0,English,0.4851397854317092,0.7917747507211181,-6.479237155809347,0.0560941693360488,0.2767970295374481,0.0437083251006646,0.1936828453137966,0.5700589443162052,133.30966979260202,279581.0,100.0,62.0,U068,5.0,Romantic
TRK0239,Silent Colours,Echo Garden,Echo Sessions,Hip-Hop,2026.0,English,0.7124250880687383,0.5892681888011877,-10.176506032067662,0.2290151076665054,0.0376512750277131,0.0,0.1654962677783359,0.7248747731558538,100.62368889552104,229319.0,76.0,44.0,U024,4.0,
TRK0199,Ocean Colours,Crimson Harbor,Crimson Sessions,Lo-Fi,2015.0,English,0.3852540571520481,0.4518006682090442,-12.656475784392704,0.0248156610652221,0.6365287900846464,0.2044346462997688,0.1331363670011316,0.6477984029938024,80.05331273758598,243096.0,32.0,12.0,U135,2.0,Romantic
TRK0120,Wild Lights,Solar Heights,Solar Frequency,Hip-Hop,2013.0,English,0.6575471087086994,0.7761124330937934,-8.374898603799856,0.2271135238860671,0.0,0.0464320659381916,0.1051656949701201,0.6667185973766202,98.95264576218302,216499.0,87.0,45.0,U081,4.0,Party
TRK0196,Electric Stories,Crimson Garden,Crimson Collection,Pop,2015.0,English,0.7520449513846037,0.7998906917363736,-7.358342570228901,0.0718542730051728,0.0778615490311714,0.0982009690670956,0.0482374563889076,0.9558730147234602,123.22899055340896,196690.0,100.0,47.0,U031,4.0,Happy
TRK0091,Falling Signals,Indigo Waves,Indigo Diaries,,2007.0,English,0.6444459281259471,0.7831443677348033,-6.07459120857588,0.0751562996660745,0.1507953326819583,0.1096626560016086,0.0633359576775063,0.9522497502409132,108.26314138093774,233339.0,83.0,61.0,U023,4.0,Energetic
TRK0030,Afterglow Lights,Wild Circuit,Wild Sessions,Classical,2025.0,English,0.2506339062362268,0.5039491119526817,-13.030456972991626,0.0944946527972777,0.7286781243829991,0.8509455219712795,0.0960251763925116,0.373431896064913,79.27337750548686,242839.0,69.0,33.0,U043,3.0,Melancholic
TRK0381,Velvet Shadows,Wild Circuit,Wild Sessions,Classical,2014.0,Japanese,0.246687394063799,0.2255538714505361,-12.661496690920478,0.0998029709801517,0.8784717815167117,0.7225381784281554,0.0653325965864441,0.5513910996459916,83.26242560775822,218258.0,87.0,,U039,4.0,Focus
TRK0290,Slow Sky,Paper Sound,Paper Frequency,Indie,2009.0,English,0.4051481970516476,0.6342628152950959,-7.796823602286155,0.0727370382169746,0.2009386383282416,0.278588676120838,0.1073804364298249,0.684471612891686,123.3490195148534,205402.0,64.0,46.0,U068,4.0,Happy
TRK0189,Broken Paradise,Neon Waves,Neon Stories,Pop,2024.0,Korean,0.6534938279638377,0.7677373840137277,-7.737758600123308,0.152179420610806,0.0,0.152847881079173,0.0740459725226893,1.0,123.7466265910258,207487.0,88.0,61.0,U077,5.0,Party
TRK0351,Falling Promises,Royal Heights,Royal Sessions,Pop,2020.0,English,0.8348495298580351,0.6501977227180674,-6.863115499785232,0.0318475803525172,0.0831515694384752,0.060494293848697,0.0,1.0,121.78423525995082,219690.0,100.0,45.0,U130,3.0,Motivational
TRK0006,Broken Shadows,Velvet Dream,Velvet Stories,Pop,2009.0,Japanese,0.6730597659797276,0.6893894121804237,-6.454935772771638,0.0900939029213474,0.1638117814356277,0.0265326296926204,0.0903691181569092,0.8078321674210557,104.34216571104211,191235.0,55.0,33.0,U004,2.0,Energetic
TRK0382,Gravity Echoes,Echo Signals,Echo Sessions,R&B,2009.0,English,0.5785610346949284,0.5036180139503191,-9.024866051125407,0.1214703792045761,0.1573635754621482,0.0,0.1336088194327471,0.5810341394121441,103.68469595192606,273843.0,71.0,43.0,U104,5.0,Energetic
TRK0118,,Aurora Heights,Aurora Frequency,Jazz,2010.0,Hindi,0.3078495469451361,0.4835715858228656,-9.90540776138215,0.0263422101300905,0.403659902470987,0.2386435561369345,0.290635764060097,0.6035733710919362,95.05028471633462,221030.0,57.0,45.0,U019,5.0,
TRK0115,Neon Memories,Indigo Waves,Indigo Stories,Pop,2024.0,English,0.6583807260009306,0.5771022882350313,-8.646060430646314,0.0,0.1837306043133492,0.219264514639612,0.2197730260429214,0.6231481738496301,121.95537169597507,282751.0,83.0,44.0,U098,4.0,Romantic
TRK0157,Wild City,Golden Parade,Golden Frequency,,2026.0,English,0.3558462397770199,0.3145825967335979,-11.488832836649491,0.0647042293334609,0.6891861543540457,0.5462177980333435,0.1547955316060554,0.6111003550568717,83.38205679203361,227319.0,96.0,67.0,U019,4.0,Calm
TRK0306,Midnight Rhythm,Indigo Pulse,Indigo Collection,Rock,2023.0,Spanish,0.3388462745423815,0.935410420051172,-5.4318838002915335,0.0311341704497028,0.0,0.0,0.1066599364720682,0.781377934100168,123.517147071917,274993.0,83.0,28.0,U062,2.0,Happy
TRK0150,Broken Lights,Sapphire Signals,Sapphire Diaries,Indie,2023.0,Spanish,0.5264912846623288,0.5503381802418778,-7.699628453412719,0.0127587091669402,0.3129060195694731,0.1202498786937907,0.219715707937558,0.5966744428383599,100.5159970073828,173975.0,66.0,44.0,U074,4.0,Energetic
TRK0256,Silent Signals,Nova Riders,Nova Diaries,K-Pop,2012.0,,0.860320586961775,0.8990544948402247,-5.411289485417474,0.0348507174337242,0.1798664797932004,0.0,0.1498300758705452,0.7184217119348768,113.91398100228058,247487.0,67.0,49.0,U104,5.0,Motivational
TRK0338,Higher Hearts,Electric Pulse,Electric Frequency,Indie,2002.0,English,0.4587789976253233,0.5816260232969395,-7.809936060181718,0.0771058777501634,0.2298031858207613,0.096464156768007,0.2669196294551424,0.8534064419773466,123.62297510166972,247352.0,52.0,41.0,U017,4.0,Romantic
TRK0220,Distant Rhythm,Silver Skies,Silver Frequency,Pop,2026.0,English,0.865817080747911,0.6734256310405013,-5.904380339320048,0.0647042293334609,0.2376762062457382,0.0733252021213763,0.1172762975649647,0.9101229955168066,112.51753459426097,217892.0,92.0,39.0,U107,4.0,Motivational
TRK0228,Paper Echoes,Solar Circuit,Solar Stories,Rock,2022.0,,0.4425204925209917,0.8170196475184932,-6.744387374661235,0.0280391044297129,0.2564025901096481,0.0,0.1568143668643547,0.4896680060351533,121.89440091643942,181485.0,95.0,38.0,U048,3.0,Energetic
TRK0197,Velvet Promises,Midnight Dream,Midnight Diaries,Lo-Fi,2018.0,Japanese,0.2655879548832475,0.2968543726689101,-12.779811451269245,0.0,0.6381028068828634,0.3753688094744151,0.0083069717266496,0.3911312290714093,93.73178105499618,196019.0,91.0,53.0,U047,4.0,Focus
TRK0009,Afterglow Sky,Lunar Heights,Lunar Stories,Electronic,2016.0,English,0.6784420918792459,0.832826769240329,-5.485767810805756,0.1498528901261304,0.2914470342918935,0.190585646756789,0.0907323315977695,0.5568548743257469,126.18409323735564,209614.0,,46.0,U071,4.0,Romantic
TRK0279,Slow Echoes,Sapphire Signals,Sapphire Sessions,Indie,2018.0,Hindi,0.597889171170518,0.6734256310405013,-7.478087806495166,0.0453836324206139,0.504744242173093,0.1616117371294754,0.1806371310135174,0.7824878753621336,119.83473487506625,203692.0,45.0,8.0,U006,3.0,Motivational
TRK0063,Broken Echoes,Sapphire Dream,,Pop,2016.0,Japanese,0.7819701965482478,0.7460813316444053,-6.4824985602936405,0.0647042293334609,0.1520837070028952,0.0,0.0944893223414877,0.5964547530961565,113.91398100228058,237570.0,,45.0,U146,4.0,Relaxing
TRK0284,Paper Paradise,Sapphire Riders,Sapphire Frequency,R&B,2019.0,English,0.59553720668084,0.6856547922432635,-7.290827047244499,0.0798371769635988,0.1822707296343393,0.0298448208132375,0.0692686343915708,0.7332028708476079,98.01672784518996,207028.0,,32.0,U143,3.0,Party
TRK0266,Hidden Fire,Crimson Garden,Crimson Frequency,Pop,2007.0,French,0.6449302063495839,0.757187067967636,-7.263571936621392,0.0498460114700592,0.2846068033850083,0.0837069300573722,0.1437296157332378,0.7696747053149479,113.91398100228058,165765.0,91.0,60.0,U026,4.0,Happy
TRK0165,Paper Rain,Nova Heaven,Nova Frequency,Country,2024.0,English,0.5845630314343885,0.6190314377872316,-9.617284513014354,0.0785744659100475,0.2945118020296121,0.1229888795931843,0.145396167080501,0.7516848696181704,111.17576709511268,248392.0,43.0,14.0,U048,3.0,Happy
TRK0221,Distant Echoes,Indigo Pulse,Indigo Collection,Rock,2024.0,Spanish,0.4098655850236158,0.8338046676909375,-6.477234566482271,0.0647723282936463,0.0371857157559845,0.0,0.263645242021662,0.6725637153477547,144.38394162219186,240924.0,74.0,23.0,U109,4.0,Energetic
TRK0261,Golden Colours,Electric Waves,Electric Frequency,Electronic,2009.0,English,0.8194599421370541,1.0,-5.517530000822723,0.0425896552206936,0.0566183966850284,0.1017119761098282,0.1335200347845055,0.7383752196951652,137.81759075397085,157896.0,91.0,42.0,U146,3.0,Party
TRK0294,Wild Promises,Electric Lines,Electric Diaries,Classical,2017.0,English,0.2674819327020807,0.0621966118666617,-12.366358595990596,0.0233720258909449,0.8305986685206992,0.6652497326986675,0.0670299817125524,0.2679148543340143,90.6407392940683,208794.0,86.0,48.0,U050,4.0,Focus
TRK0329,Higher Sky,Solar Stories,Solar Diaries,Pop,2011.0,English,0.8804409996035354,0.6120761915104123,-9.206409777404993,0.0327150630954879,0.1507953326819583,0.0956036737917106,0.1506213904403073,0.9653633800767693,102.57645811878474,233339.0,79.0,36.0,U146,4.0,Romantic
TRK0396,Slow Colours,Royal Heaven,Royal Sessions,Electronic,2017.0,English,0.7030869782256146,0.9017189063858078,-6.788584533862755,0.0107386625836107,0.0,0.1318009753129123,0.0219107043064315,0.8200602286657633,132.0196230705732,254439.0,100.0,45.0,U063,2.0,Party
TRK0005,Golden Waves,Royal Heights,Royal Diaries,Pop,2014.0,Spanish,0.7008695675118385,0.5804056227775467,-8.718727788471536,0.0286246471299274,0.1600673996720708,0.0502493135742636,0.1683339747847437,0.7383752196951652,117.4744018702769,257617.0,77.0,45.0,U056,5.0,Happy
TRK0020,Gravity Dreams,Urban Bloom,Urban Collection,Hip-Hop,2021.0,English,0.8038993158738299,0.8054937648801928,-7.199403849601072,0.0647042293334609,0.0,0.1289583934594853,0.0675187463819594,0.8030758320588216,99.75719801316164,277479.0,100.0,58.0,U059,5.0,Motivational
TRK0123,Velvet Hearts,Sapphire Riders,Sapphire Sessions,R&B,2021.0,English,0.5495208452389672,0.6734256310405013,-7.915269727759565,0.0500081007152925,0.28656786092893,0.1112243432525084,0.041482060563646,0.9070993104047592,108.25919776023672,235375.0,100.0,51.0,U119,4.0,Motivational
TRK0046,Gravity Stories,Silver Skies,Silver Stories,Pop,2006.0,French,0.8201745397651508,0.8319388933348619,-7.575936964480379,0.0,0.0900708149005366,0.1220909041251066,0.245831616570402,0.911201901844421,117.00534982733735,210068.0,77.0,51.0,U096,4.0,Party
TRK0201,Wild Fire,Static Parade,Static Diaries,Electronic,2025.0,French,0.677149575905873,0.7847444687995999,-6.302953577936942,0.0377363206263429,0.0612260143435803,0.0678232130679512,0.203426067575195,0.8534787416652042,122.83378259433051,224957.0,98.0,46.0,U103,4.0,Party
TRK0339,Midnight Sun,Royal Heights,Royal Nights,Pop,2013.0,English,0.7364147360076424,0.7262687122363578,-6.328726605938629,0.0439362256963795,0.0,0.1824785039899794,0.2942477918316351,0.8902129177768145,107.80209392570448,215257.0,92.0,44.0,U123,3.0,Motivational
TRK0308,Neon Paradise,Royal Riders,Royal Frequency,Indie,2005.0,English,0.7172387434143576,0.7156516974997185,-9.112201110597413,0.0498650160438257,0.4360725023201662,0.1655273110610771,0.1603756167328434,0.8132149677184671,111.889075660886,233339.0,73.0,55.0,U014,5.0,Energetic
TRK0022,Paper Sky,Blue District,Blue Sessions,Classical,2026.0,English,0.1908896574808894,0.3084039834216243,-15.782701329079858,0.0964177071624079,0.779827183259471,0.8826411169102876,0.0600339436934743,0.4508749884753946,91.12383219923667,235754.0,90.0,22.0,U063,2.0,Focus
TRK0132,Hidden Dreams,Echo Riders,Echo Diaries,Rock,2023.0,French,0.3724427713856984,0.813297450492768,-5.498956506881819,0.0649639540893938,0.021458933031135,0.1098943775122529,0.1379297351033055,0.6169369120465678,120.34783355961552,281315.0,98.0,29.0,U077,4.0,Focus
TRK0061,Hidden Waves,Wild District,Wild Sessions,Indie,2020.0,English,0.439573090190925,0.5946868864973889,-8.579083051872368,0.0282744428573909,0.435693134562286,0.2714967645236515,0.2756059038220251,0.7919908745733164,115.04242984441936,244751.0,100.0,40.0,U042,4.0,Motivational
TRK0209,Paper Shadows,Lunar Circuit,Lunar Sessions,R&B,2026.0,Spanish,0.6784665005192664,0.712904721892063,-8.895414890373532,0.0647042293334609,0.201977181189626,0.0733252021213763,0.1667567181780818,0.9430332900428288,109.7336301217618,185608.0,100.0,49.0,U026,4.0,Motivational
TRK0296,Falling Shadows,Golden Heights,Golden Sessions,Pop,2024.0,French,0.7830612362483332,0.6493851912959683,-7.1223846272273095,0.0555395861483239,0.0819548006950087,0.2319082697654821,0.0,0.8065350336723476,126.93476912700878,191862.0,84.0,35.0,U037,4.0,Happy
TRK0037,Gravity Memories,Sapphire Signals,Sapphire Collection,Indie,2026.0,English,0.6049036122306941,0.7701427996308533,-9.67168257892256,0.0,0.2852222033982137,0.0564633790542802,0.2068820901427551,0.7233675063392037,104.35244551732578,252214.0,84.0,59.0,U058,5.0,Happy
TRK0143,Silent Sky,Echo Riders,Echo Sessions,Rock,2019.0,Japanese,0.4308459173842834,0.8153309946120195,-2.89308394572523,0.0875536496316076,0.2071101412328895,0.1451047032786245,0.2935623500696535,0.6457579142296029,111.49187445777794,230858.0,97.0,47.0,U061,5.0,Motivational
TRK0270,Neon Rhythm,Paper Riders,Paper Diaries,Classical,2026.0,Hindi,0.3265342536136285,0.1611781021700354,-15.161280636909916,0.0,0.8334119971021757,0.8204063938852227,0.0026641296458583,0.3378670974512298,68.4147728468003,225797.0,57.0,38.0,U085,4.0,Focus
TRK0250,Slow Lights,Neon District,Neon Diaries,K-Pop,2023.0,Hindi,0.7661610346189476,0.7326582622939095,-8.023983463059329,0.1048379703337519,0.0,0.0750345101404888,0.1872398124384038,0.9331958902392796,119.23258055890018,258078.0,99.0,32.0,U123,3.0,Happy
TRK0379,Slow Sky,Nova Heaven,Nova Diaries,,2026.0,English,0.6726071970153532,0.5497279045295622,-9.541421868686225,0.094590546270946,0.513421111804245,0.0822087010768228,0.2232805384864424,0.682871159322255,111.47897754619233,211126.0,100.0,40.0,U015,4.0,Happy
TRK0271,Ocean Waves,Aurora Skies,Aurora Sessions,Pop,2026.0,English,0.6444459281259471,0.7630534519991411,-8.488036301136791,0.0266887328343511,0.121747838967614,0.0733252021213763,0.1173987450546281,0.7156615848796087,119.75625822121324,203686.0,100.0,58.0,U147,4.0,Energetic
TRK0097,Wild Signals,Echo Riders,Echo Frequency,Rock,2018.0,English,0.2585812628956997,0.7957607079060671,-4.845171469936627,0.0431138355707204,0.159528964653916,0.0,0.145396167080501,0.4695430181518808,108.88166415124002,267775.0,61.0,55.0,U075,5.0,Romantic
TRK0004,Paper Waves,Static Motion,Static Diaries,Classical,2022.0,English,0.2180328783642698,0.2196746807047158,-14.917629375777864,0.0176185986947992,0.9031331694388736,0.723730205374563,0.1677794848214036,0.1607650850413355,78.56603997068453,231661.0,86.0,44.0,U007,4.0,Focus
TRK0077,Distant Sun,Electric Pulse,Electric Collection,Indie,2015.0,English,0.5628435489783652,0.4553663960670865,-7.473141728787413,0.1182556695712661,0.2856649335422805,0.1387635676061551,0.0992225934594417,0.5910913504856832,120.02645357192928,234481.0,100.0,41.0,U009,3.0,Relaxing
TRK0075,Higher Shadows,Velvet Dream,Velvet Sessions,,2008.0,English,0.4950216222048392,0.5361730978643806,-5.901533891148901,0.068000372453304,0.2447156044883917,0.0855698181389267,0.1747791178000611,0.6743439866084442,119.73420410150707,259648.0,63.0,58.0,U029,5.0,Motivational
TRK0038,Electric Rhythm,Golden Pulse,Golden Sessions,K-Pop,2023.0,Korean,0.5914402682615192,0.8062831666589225,-7.622320162032512,0.0905874250214718,0.0,0.0646322147543063,0.0735380766984839,0.7305113373286172,127.80480859174304,247732.0,80.0,51.0,U086,4.0,
TRK0161,Distant Hearts,Static Lines,Static Frequency,Indie,2017.0,Spanish,0.4813759889483402,0.5703323424985856,-8.282615539962201,0.1013094265521531,0.4723026217312898,0.0943093223372281,0.1350232799297431,0.7200862964112761,110.87347754606267,251751.0,82.0,52.0,U121,4.0,Romantic
TRK0028,Starlight Echoes,Urban Parade,Urban Collection,Pop,2026.0,English,0.5723142183154268,0.7591285720703351,-7.2204000903057,0.1201566600059819,0.1272422826698068,0.0196104752466461,0.1444143125832406,1.0,135.50277281348505,240311.0,100.0,41.0,U066,4.0,Energetic
TRK0119,Paper Lights,Electric Bloom,Electric Frequency,Country,2017.0,English,0.5022725815990722,0.4909224497306074,-10.496774733226784,0.0442672086878669,0.1507953326819583,0.0,0.1434226470406279,0.5071869530819308,113.91398100228058,206434.0,65.0,47.0,U007,,Energetic
TRK0348,Sunday Fire,Sapphire Riders,Sapphire Diaries,R&B,2022.0,English,0.5905065556183671,0.6155452105257381,-6.797987922188337,0.1193823665411493,0.1928080917002473,0.0,0.1907027269878409,0.3724811303288982,104.99594382880724,319358.0,57.0,22.0,U022,3.0,
TRK0051,Slow Rhythm,Crimson Harbor,Crimson Sessions,Lo-Fi,2014.0,French,0.3337920487265713,0.100449111774295,-14.89286684856813,0.0413099475959501,0.6710378343903546,0.3053426978965233,0.1949932880249951,0.1324051426320664,81.87420767206102,279900.0,49.0,14.0,U054,2.0,Focus
TRK0021,Velvet Signals,Midnight Dream,Midnight Frequency,Lo-Fi,2017.0,English,0.3981720157633725,0.4430535629357481,-10.86579873811552,0.0085481307139564,0.5254618358036705,0.3058243928679931,0.024840789543321,0.4062236208072619,86.34187921644617,269088.0,87.0,20.0,U048,2.0,Relaxing
TRK0212,Summer Colours,Neon Harbor,Neon Sessions,Country,2024.0,French,0.5396798383289502,0.6710169766168603,-7.766428857027675,0.0,0.4605521783855961,0.0,0.1544024476969952,0.8401943486243177,113.51240837382346,217125.0,100.0,46.0,U067,5.0,
TRK0057,Wild Colours,Indigo Bloom,Indigo Diaries,Electronic,2026.0,Japanese,0.7482093451371538,0.74402186321518,-6.614863377001589,0.0647042293334609,0.0,0.3082174880204049,0.1481196142505735,0.7383752196951652,120.8521733088338,242422.0,98.0,35.0,U044,3.0,Happy
TRK0295,Electric Rain,Wild District,Wild Sessions,Indie,2026.0,English,0.4484336444725567,0.3918509462060556,-10.129449705095572,0.0134779976963551,0.2115297610462344,0.0277382014431565,0.0089699863346609,0.5340959914591686,122.48112739237244,249741.0,92.0,44.0,U011,4.0,Relaxing
TRK0247,Neon Sun,Echo Signals,Echo Frequency,R&B,2016.0,English,0.5456553203063159,0.4972770873188433,-8.547371022529267,0.0925629413489903,0.1337078220357387,0.0156694235959301,0.1342710398789943,0.8023452016234809,99.36546242797424,250765.0,75.0,51.0,U115,5.0,Happy
TRK0349,Golden City,Indigo Waves,Indigo Stories,Pop,2025.0,English,0.6444459281259471,0.7755620398189181,-6.753213029657155,0.2130939019970581,0.1020672485874039,0.0497349347077108,0.0002672365298707,0.7778388925620907,128.31245205168224,195734.0,58.0,34.0,U029,3.0,Happy
TRK0137,Afterglow Rhythm,Solar Heights,Solar Sessions,Hip-Hop,2026.0,English,0.6556055928531358,0.6903824953037941,-7.297083410141483,0.1993872072100518,0.0266567786922347,0.1556032496342339,0.145396167080501,0.5322744050970981,107.09648639675524,255353.0,80.0,28.0,U037,3.0,Relaxing
TRK0289,Silent Shadows,Paper Sound,Paper Collection,Indie,2016.0,Korean,0.8041837800010986,0.4543825615104596,-9.102852999227794,0.0647042293334609,0.2873598433904669,0.198718567551875,0.2069280375103747,0.683698514246201,111.65034837990734,232106.0,82.0,49.0,U049,5.0,Happy
TRK0142,Sunday Colours,Wild District,Wild Collection,Indie,2015.0,English,0.6444459281259471,0.6315239313663522,-7.602070334477045,0.1066000527891249,0.1507953326819583,0.1269958874049831,0.0,0.7497429416359015,98.71706490151088,280164.0,87.0,55.0,U022,5.0,Romantic
TRK0309,Neon Fire,Solar Heights,Solar Frequency,Hip-Hop,2018.0,French,0.8401795909900448,0.6521702290485479,-7.565369446310965,0.2267123787275976,0.0975499337800958,0.0,0.2123636870450621,0.6237656408839145,108.74225979394464,223235.0,84.0,33.0,U049,4.0,Relaxing
TRK0015,Electric Fire,Electric Lines,Electric Frequency,Classical,2007.0,English,0.281560500359034,0.6734256310405013,-14.525649752383233,0.0005634101969491,0.5189010629097706,0.7556235142364862,0.0256309911698305,0.3426785330970043,113.91398100228058,229200.0,34.0,30.0,U098,4.0,Melancholic
TRK0274,Broken Paradise,Blue Hearts,Blue Collection,Indie,2018.0,Japanese,0.7493766240762492,0.547806361117693,-7.843417453991226,0.0355891665964355,0.5302179636108069,0.0426735426386966,0.0985315716767767,0.5656084069532538,117.80481582437028,188109.0,75.0,19.0,U139,3.0,
TRK0252,Wild Signals,,Lunar Diaries,Pop,2011.0,English,0.7946846810634294,0.7107290797394782,-5.755736324543652,0.0563060423729593,0.0733269503318711,0.0,0.1912024143334143,0.7383752196951652,120.95911073781264,236617.0,62.0,40.0,U094,4.0,Party
TRK0391,Wild Signals,Aurora Circuit,Aurora Frequency,Indie,,English,0.5365041500863855,0.566712913986654,-9.6556157359953,0.0208238713868783,0.5278055419430353,0.1400730433660168,0.145396167080501,0.6142024315626098,102.72127274046731,199629.0,100.0,49.0,U007,,Romantic
TRK0219,Wild Dreams,Indigo Parade,Indigo Diaries,Hip-Hop,2020.0,English,0.6576352238300109,0.712697429962954,-8.08149661686831,0.2153847875619752,0.0495172776162516,0.169684051922981,0.2760693420482116,0.7355202235555344,96.87770366525643,319024.0,81.0,51.0,U021,4.0,Party
TRK0262,Paper Stories,Wild Harbor,Wild Sessions,Electronic,2013.0,,0.8213847385812238,0.8005791642389477,-8.47689322392622,0.0210435818603205,0.1320638859377782,0.1406840675073289,0.1915761098592675,0.7893026413895854,118.28270589419806,291701.0,79.0,45.0,U082,4.0,Motivational
TRK0369,Afterglow Lights,Echo Heaven,Echo Collection,Pop,2024.0,English,0.8030623547539831,0.7065186630780205,-7.859448877154677,0.0519550684538927,0.0,0.2189359558581611,0.1132532730509059,0.9179158986333216,113.8028268832039,206338.0,93.0,62.0,U111,4.0,Motivational
TRK0193,Falling Rhythm,Urban Motion,Urban Sessions,R&B,2012.0,English,0.6636522749820964,0.4822843808752101,-9.251012609053458,0.0976794472235703,0.2467925775566233,0.1001589099281936,0.1773630186243567,0.6371886711507364,113.91398100228058,233339.0,67.0,29.0,U041,4.0,Happy
TRK0383,,Echo Heaven,Echo Stories,,2021.0,Hindi,0.7077323778885279,0.6862118414376621,-6.149036075567393,0.1440399700689082,0.195151363470894,0.0,0.1594379186363922,1.0,113.91398100228058,200125.0,99.0,,U064,3.0,Party
TRK0325,Distant Fire,Urban Skies,Urban Sessions,Electronic,2012.0,English,0.6444459281259471,1.0,-6.967145063687939,0.0836950762722108,0.0358797852142315,0.1623505556728979,0.1879285744317463,0.8936755400768364,140.05056096645134,274740.0,66.0,39.0,U069,3.0,Motivational
TRK0130,Afterglow Promises,Sapphire Sound,Sapphire Stories,Rock,2019.0,Japanese,0.5355145681944831,0.8378581723096372,-7.117376665000337,0.0530452066128219,0.0966552408332691,0.0733252021213763,0.3444567714998282,0.6327001405081042,131.64618473764742,272740.0,86.0,66.0,U052,5.0,Energetic
TRK0264,Summer Fire,Urban Lines,Urban Diaries,Rock,2012.0,English,0.3304339749124632,0.7930906510827438,-7.40059870757897,0.0300887175717495,0.2093355884471831,0.1081345156825256,0.2297886667202373,0.4573817627988904,142.29152112487327,198719.0,98.0,53.0,U030,4.0,Romantic
TRK0315,Gravity Fire,Midnight Dream,Midnight Frequency,Lo-Fi,2013.0,Spanish,0.4446759201360922,0.1854498405327902,-10.46411237412516,0.0479554436993418,0.5672285134617077,0.2368596098799253,0.0,0.7383752196951652,88.11233322831744,302908.0,84.0,38.0,U120,3.0,Melancholic
TRK0395,Ocean Memories,Aurora Heights,Aurora Diaries,Jazz,2022.0,Japanese,0.5163722255058019,0.3437610100494708,-12.34550164249148,0.0407348400913295,0.4739769769770204,0.1368437698768035,0.1918974745409075,0.5011851762637948,104.9830027228584,211715.0,79.0,31.0,U016,4.0,Relaxing
TRK0010,Wild Colours,Golden Pulse,Golden Sessions,K-Pop,2016.0,Korean,0.5925317055295642,0.7143652145657913,-6.721443417284611,0.1595568461110947,0.0873036263993936,0.1270043137422451,0.0950493081022593,0.7252122217023026,112.99454412062788,215483.0,,32.0,U022,3.0,Party
TRK0187,Higher Echoes,Neon Stories,Neon Frequency,Lo-Fi,2014.0,English,0.3828152260238794,0.6734256310405013,-10.721510721361945,0.0489657118562157,0.8942069772753047,0.3564715163294954,0.145396167080501,0.4323341613080783,83.37367711882861,240515.0,100.0,41.0,U102,4.0,Relaxing
TRK0330,Sunday Dreams,Lunar District,Lunar Frequency,Rock,2026.0,English,0.4830752548534904,0.7230976375105796,-5.884111834418331,0.0849747441405256,0.2419453077495392,0.0106915853441164,0.2549058539982153,0.8106223443359897,113.40048880381497,255965.0,100.0,51.0,U022,5.0,Energetic
TRK0375,Higher Hearts,Crimson Garden,Crimson Nights,Pop,2024.0,English,0.6685401160715851,0.6261592084986389,-9.694157111053258,0.127919151697611,0.0406976510663616,0.0,0.0374019822871126,0.7971053846741541,131.00032661195752,306390.0,65.0,46.0,U031,4.0,Happy
TRK0064,Summer Colours,Lunar Harbor,Lunar Stories,Pop,2014.0,French,0.8186136316960768,0.6744539867849711,-6.109823672554085,0.1004830615911536,0.0035863398727213,0.1177480468090122,0.1688996441760053,0.856603974903201,111.51822213755337,212451.0,76.0,39.0,U029,4.0,Motivational
TRK0319,Hidden Stories,Static Lines,Static Collection,Indie,2025.0,English,0.5848924824680156,0.576445291504419,-7.830090873223296,0.0359713440992951,0.4376141750259809,0.0,0.145396167080501,0.8877530503769564,110.63803566398714,225797.0,,29.0,U023,3.0,Motivational
TRK0162,Silent Sky,Neon District,Neon Diaries,K-Pop,2026.0,Korean,0.7891205201131494,1.0,-7.068864093595936,0.0,0.1686590131287233,0.0,0.1285505545125636,0.8367507382136057,127.14530224764252,207052.0,94.0,30.0,U117,3.0,Happy
TRK0071,Distant Hearts,Velvet Dream,Velvet Frequency,Pop,2025.0,English,0.8162657572486841,0.7486045130210626,-7.527966093076273,0.1014017577550002,0.1012287706953402,0.0733252021213763,0.2231067500532702,0.5751181063769117,107.38759433403938,200495.0,86.0,54.0,U099,4.0,Romantic
TRK0043,Falling City,Crimson Garden,Crimson Horizons,Pop,2014.0,English,0.75140772238698,0.6857333955955839,-5.900335429445381,0.0,0.0150414878368404,0.0,0.0,0.7315387183384803,110.46475200716635,233339.0,100.0,51.0,U078,,Motivational
TRK0095,Golden Rain,Indigo Parade,Indigo Frequency,Hip-Hop,2017.0,English,0.7363341175348099,0.5538170997029901,-8.562436811233075,0.2648036277915762,0.113092858671892,0.0,0.0992960236414259,0.6107050269684777,94.58349974263103,194274.0,72.0,42.0,U015,4.0,Relaxing
TRK0233,Velvet Sky,Wild Circuit,Wild Diaries,Classical,2014.0,English,0.3648742349822743,0.2328378447840542,-14.186854533420584,0.0382503996299289,0.9080945516133592,0.7807786293377045,0.1671164659207673,0.499938862906362,80.93253355183563,219635.0,69.0,30.0,U107,3.0,Melancholic
TRK0234,Starlight Stories,Indigo Lines,Indigo Collection,R&B,2010.0,English,0.904344682477698,0.6575818553434425,-8.816980828663704,0.1643994624515183,0.1992710322271421,0.0977425949091663,0.1203367047302926,0.723283824890048,101.20703685017332,192763.0,77.0,45.0,U099,4.0,Motivational
TRK0328,Electric Sun,Crimson Garden,Crimson Nights,Pop,2017.0,English,0.7275791549964352,0.7826573200609109,-6.767761757013272,0.0557519737722164,0.0610028681749133,0.0733252021213763,0.2057613018569899,0.7673084446371496,113.89115694133376,251224.0,100.0,37.0,U040,4.0,Happy
TRK0054,Gravity Dreams,Solar Circuit,Solar Sessions,Rock,2019.0,French,0.5524282677456228,0.8437772800865286,-8.399003663714707,0.0,0.0975147970966854,0.0276547479310331,0.1827605920497756,0.6897898661520688,130.16113791737936,268862.0,66.0,39.0,U028,4.0,Energetic
TRK0174,Gravity Hearts,Golden Parade,Golden Diaries,Lo-Fi,2022.0,Japanese,0.3835413327741403,0.2093116828676724,-13.013331523300224,0.0120630376443735,0.7335025249211707,0.4209486575215223,0.0991408797327319,0.5956770182966491,91.28743039313612,236786.0,72.0,34.0,U056,4.0,Melancholic
TRK0384,Afterglow Motion,Blue District,Blue Sessions,Classical,2011.0,English,0.3986150645860495,0.3164649109869452,-14.531648235510028,0.0,0.554854062041623,0.6503573428518936,0.1078371469011064,0.5129176884451836,78.21416172542656,281934.0,60.0,33.0,U071,3.0,Relaxing
TRK0056,Distant Waves,Blue District,Blue Diaries,Classical,2026.0,Japanese,0.4560298170524078,0.3012186238325731,-15.438763862466557,0.0647042293334609,0.6362292451082144,0.7084473397294714,0.145396167080501,0.4650611305724028,113.91398100228058,262053.0,100.0,28.0,U146,3.0,Melancholic
TRK0135,Gravity Hearts,Aurora Harbor,Aurora Collection,Hip-Hop,2014.0,English,0.7690800023610048,0.7767012430198023,-5.632868824999548,0.2267543524412737,0.0011802312260879,0.0733252021213763,0.1927591441487598,0.6621032584287365,107.1736664610264,271329.0,100.0,35.0,U129,4.0,Energetic
TRK0110,Broken City,Static Pulse,Static Diaries,R&B,2020.0,English,0.5241664434417754,0.5778302044768526,-7.797898508599294,0.0864655936818969,0.0,0.0,0.145396167080501,0.7043950291604453,96.85968166375224,225823.0,86.0,28.0,U032,4.0,Happy
TRK0241,Hidden Roads,Lunar Harbor,Lunar Frequency,,2019.0,Hindi,0.8437050541842469,0.726373397417053,-5.351381059213035,0.0,0.0872898548291621,0.0247194942724725,0.0691103939314857,1.0,117.86605989974572,225643.0,94.0,53.0,U015,4.0,Energetic
TRK0200,Silent Motion,Wild Harbor,Wild Diaries,Electronic,2015.0,English,0.742280712521093,0.6480567496714164,-8.404213479078104,0.1032492068754097,0.0,0.0433684650384294,0.1320195960597165,0.995677765871745,127.4196813690422,222170.0,100.0,61.0,U147,5.0,Romantic
TRK0359,Hidden Roads,Crimson Harbor,Crimson Sessions,Lo-Fi,2015.0,French,0.4440145602304148,0.3889302763181195,-9.928931568852564,0.0565665949839283,0.8308174753775616,0.4228011893410623,0.0935640424119907,0.5468676315034441,96.68147637444198,291482.0,98.0,48.0,U071,3.0,Relaxing
TRK0238,Starlight Signals,Midnight Bloom,Midnight Sessions,Pop,2022.0,English,0.5831877153746694,0.8269778002546297,-7.382861859054016,0.0647042293334609,0.1449943786194938,0.1007520508400774,0.0134380038574358,0.79566419079192,106.9588488476723,316107.0,64.0,38.0,U086,4.0,Energetic
TRK0109,Wild Sun,Electric Waves,Electric Frequency,Electronic,2018.0,English,0.950609175812764,0.9734073552254532,-5.713478889440305,0.0,0.0042578051454076,0.0082826759128152,0.2623648684431353,0.7383752196951652,126.9146226362837,161972.0,75.0,46.0,U135,4.0,Party
TRK0350,Broken Fire,Urban Lines,Urban Frequency,Rock,2004.0,English,0.5461275108883045,0.676175952802977,-5.270033203154407,0.0844562986651449,0.2320904799183773,0.1215615571751719,0.2357577896167923,0.7218649570506154,132.7904178640542,178318.0,44.0,24.0,U002,3.0,Happy
TRK0336,Distant Motion,Indigo Motion,Indigo Sessions,Indie,2018.0,English,0.528654801295089,0.4768839389813383,-8.36401150481846,0.0691571567563208,0.4030104621642216,0.1215371594069481,0.0421248902449023,0.5806912300521931,110.8948057061722,221049.0,83.0,46.0,U137,4.0,Relaxing
TRK0128,Hidden Sun,Midnight Sound,Midnight Sessions,,,English,0.7332023686675708,0.6916595885767873,-6.64363749477805,0.0987796787914299,0.2199412499810055,0.0551815063102157,0.2373134765243209,0.8999601217246539,121.2524035577053,264567.0,81.0,41.0,U148,4.0,Party
TRK0019,Hidden Rhythm,Aurora District,Aurora Frequency,R&B,2016.0,,0.71959939896871,0.5939275374232614,-10.186283526704516,0.1147597967671349,0.3514637169256271,0.0,0.1904679609588732,0.6814898097210028,101.11831829471814,201035.0,77.0,37.0,U126,4.0,Motivational
TRK0078,Hidden Paradise,Midnight Motion,Midnight Collection,Rock,2014.0,English,0.4684501120701065,0.7418673876814057,-5.63989999545768,0.0792612052510264,0.1507953326819583,0.2107297036886432,0.2914541360865412,0.6255303256956454,129.81242936269453,217489.0,78.0,45.0,U092,4.0,Motivational
TRK0203,Falling Memories,Neon Waves,Neon Stories,Pop,2006.0,Hindi,0.6444459281259471,0.7742325610913118,-5.685180522798339,0.0827757700528963,0.1456168458049281,0.0409753648183081,0.0728303818273607,0.8054210109744,119.26541790949054,236706.0,42.0,31.0,U033,3.0,Motivational
TRK0011,Summer Hearts,Lunar Stories,Lunar Diaries,Hip-Hop,2024.0,English,0.7443362102341909,0.7124154252063586,-7.908498958896192,0.2600732490666936,0.0090118009411589,0.0,0.0605443697976266,0.7188256146228792,112.51896142937883,244984.0,91.0,21.0,U144,3.0,Energetic
TRK0111,Velvet Waves,Echo Signals,Echo Sessions,R&B,2018.0,Japanese,0.7377035127226458,0.6318751994395951,-7.916742169764141,0.1432330438417509,0.0,0.0,0.1491662691726463,0.7509290874065403,103.5395435371294,225211.0,98.0,32.0,U018,4.0,Happy
TRK0285,Golden Echoes,Indigo Pulse,Indigo Stories,Rock,2026.0,English,0.6104330132660478,0.9241801244031502,-3.6640216568642616,0.0145849107437356,0.1507953326819583,0.0,0.2290753002883276,0.7323368409245183,131.76648275378955,282269.0,100.0,30.0,U041,3.0,Motivational
TRK0079,Wild Rain,Indigo Bloom,Indigo Collection,Electronic,2016.0,Spanish,0.5629384590204589,0.5944653812172387,-6.251597470084556,0.0627210801652815,0.0537087842800074,0.0,0.1583736402404743,0.7383752196951652,127.06057767662548,244624.0,80.0,47.0,U004,4.0,
TRK0169,Broken City,Midnight Dream,Midnight Frequency,Lo-Fi,2006.0,English,0.5389127317527007,0.2934478316208378,-12.912508493766657,0.0,0.8200510156605935,0.4145764657085903,0.1638927186892335,0.7383752196951652,86.21538436665978,219880.0,66.0,25.0,U009,3.0,Focus
TRK0311,Electric Sun,Solar Heights,Solar Diaries,Hip-Hop,2008.0,English,0.8109247984413085,0.7099830074622289,-5.839204227821639,0.3440324006539273,0.0,0.0,0.0885570754129996,0.884991184160994,108.18858764817092,235663.0,79.0,30.0,U009,3.0,Happy
TRK0045,Afterglow Shadows,Echo Riders,Echo Diaries,Rock,2025.0,French,0.3303361310096673,0.6995242529818426,-4.808012600990078,0.0627164142313683,0.1927888136883015,0.0,0.1116324887310631,0.6934291647637784,126.65905844221122,254667.0,87.0,54.0,U052,4.0,Happy
TRK0093,Paper Sky,Silver Hearts,Silver Frequency,Rock,2018.0,Korean,0.5695605243314346,0.6626181287227711,-8.690937391980919,0.0594631080988765,0.0489981683635165,0.1761023430583431,0.1679377927080343,0.4678908413945251,115.4951605960896,151275.0,76.0,58.0,U134,4.0,Relaxing
TRK0367,Neon Promises,Crimson Garden,Crimson Horizons,Pop,2018.0,English,0.6220621995810708,0.7678494417374881,-8.60991889858262,0.117901170736863,0.0713381510784577,0.01755036514356,0.0004338606210672,0.8095865267230561,113.91398100228058,196164.0,95.0,38.0,U138,3.0,Motivational
TRK0265,Velvet Rain,Crimson Signals,Crimson Diaries,Rock,2019.0,English,0.4829039571505291,0.7982374859699318,-8.711620149977094,0.1004802867943064,0.096100786028672,0.0011300386526435,0.1507770937019162,0.7195147139731075,120.5235115831932,166392.0,92.0,,U098,3.0,Energetic
TRK0390,,Electric Bloom,Electric Frequency,Country,2014.0,English,0.6444459281259471,0.4522964373042233,-8.62073154631914,0.0395492397197665,0.6171569683838714,0.0463928265766424,0.2517602369728614,0.5440339788512432,101.86037217639128,253835.0,96.0,34.0,U042,3.0,Focus
TRK0040,Midnight Dreams,Silver Skies,Silver Collection,Pop,2021.0,English,0.7899196731694887,0.9022215666675024,-6.186982901073021,0.0548203677069172,0.0575330905591475,0.0733252021213763,0.0,0.8784928475298603,117.90961190431004,298267.0,90.0,50.0,U125,5.0,Party
TRK0223,Electric Rhythm,Golden Heights,Golden Diaries,Pop,2026.0,English,0.862953197456844,0.7588408042780886,-5.799598391722843,0.0647042293334609,0.1512682101118264,0.0699202687294537,0.103700449871909,1.0,111.62711618340413,237868.0,100.0,43.0,U037,4.0,Party
TRK0096,Distant Colours,Sapphire Sound,Sapphire Collection,Rock,2015.0,English,0.3983424892544425,0.696370734918541,-7.699153245955237,0.0214334076212844,8.813183054798279e-05,0.0562147690893422,0.2410800971648596,0.4928503085681368,126.3465907135064,232960.0,82.0,47.0,U094,4.0,Focus
TRK0347,Slow Rhythm,Paper Garden,Paper Sessions,,2005.0,English,0.7071067390768662,0.6683437494288447,-9.5102753210444,0.1215070456701603,0.364626833916373,0.019560100268972,0.2706081356305253,0.8149972012116945,130.9339813514694,242489.0,67.0,44.0,U051,4.0,Motivational
TRK0007,Paper Stories,Paper Sound,,Indie,2015.0,Spanish,0.6444459281259471,0.6574698018855021,-9.147931810355344,0.0407553098959566,0.2461014182826815,0.0707068342382119,0.2088215696220177,0.4913784525220401,120.3374361766494,243916.0,67.0,56.0,U137,4.0,
TRK0188,Falling Sun,Wild Stories,Wild Sessions,Jazz,2023.0,Japanese,0.414282359622257,0.4077665417952869,-12.137125489023385,0.0233537093142048,0.5758709727462908,0.3109454466738856,0.1523837917543372,0.5396614996049235,103.48719867548112,216295.0,98.0,24.0,U048,3.0,Melancholic
TRK0055,Neon Lights,Golden Heights,Golden Collection,Pop,2026.0,English,0.4698300155840345,0.4840981462610748,-8.64734962857199,0.0449022000627153,0.0810693597231983,0.0319650482704115,0.0981777568424286,0.8937312248781106,109.35333374846518,211189.0,100.0,58.0,U057,5.0,Motivational
TRK0288,Gravity Lights,Echo Riders,Echo Collection,Rock,,English,0.5668581937733912,0.8094937109131557,-5.886662015688272,0.0569656510035727,0.0,0.0,0.1864407368023503,0.659745091922599,129.81922618234069,276143.0,73.0,35.0,U086,3.0,Party
TRK0377,Silent Rhythm,Silver Hearts,Silver Stories,Rock,2020.0,English,0.4834157943540789,0.5861910509723561,-8.203380411230823,0.0516399676621839,0.2142246107286495,0.0,0.1633191284608299,0.7605564627985034,112.88123916959916,244120.0,88.0,29.0,U098,3.0,Romantic
TRK0361,Midnight Echoes,Golden Heights,Golden Nights,Pop,2021.0,French,0.7258264387251487,0.7138544419862287,-6.416129933968936,0.0567631404319496,0.0700877877538492,0.1977449801425403,0.3097382738192468,0.7003972294865881,108.13204699478496,208319.0,87.0,35.0,U063,,Happy
TRK0398,Wild Sun,Crimson Hearts,Crimson Diaries,K-Pop,2025.0,Korean,0.8671902956182658,0.8815532311358876,-5.90372513568255,0.1294708284029445,0.1461548914377034,0.0722250258991694,0.2189750309602099,0.6424890605973907,113.91398100228058,228022.0,100.0,30.0,U135,3.0,Energetic
TRK0207,Hidden Fire,Silver Hearts,Silver Collection,Rock,2017.0,Korean,0.3250742823655756,0.7352934602766225,-7.742562514431493,0.0,0.0321969005997466,0.0,0.2308650581705063,0.7260826099791239,119.49836758750234,231189.0,50.0,36.0,U045,5.0,Happy
TRK0081,Velvet Shadows,Static Motion,Static Sessions,Classical,2013.0,,0.3065460419169093,0.4493968360549291,-13.705339824245655,0.0469219966330175,0.5775668317606649,0.8967980395054409,0.0467643806350044,0.3438369040450168,84.51297018203024,181324.0,74.0,27.0,U052,3.0,
TRK0320,Higher Paradise,,Midnight Diaries,Lo-Fi,2013.0,,0.5322229315560356,0.4355017814137453,-11.484845461857114,0.1858566584639553,0.7331931558845588,0.3558070780291385,0.0486852910142785,0.4680849736111785,95.14314253640646,283707.0,100.0,44.0,U032,4.0,Energetic
TRK0303,Gravity Hearts,Solar Stories,Solar Frequency,Pop,2013.0,Japanese,0.7454554125512725,0.6624340633573439,-7.892224569049965,0.0647042293334609,0.0595613571458819,0.0,0.0967205772965147,0.8682883358282869,116.01168321580307,193874.0,100.0,48.0,U020,4.0,Happy
TRK0389,Slow Sky,Royal Heights,Royal Stories,Pop,2026.0,English,0.7326281137237569,0.6436961034914768,-6.9969502871483344,0.0,0.1712519232465236,0.0694726006738861,0.1159711736273856,0.7756447544303136,113.91398100228058,260718.0,76.0,64.0,U021,5.0,Happy
TRK0072,Golden Waves,Royal Heaven,Royal Diaries,Electronic,2026.0,English,0.7388250582315351,0.7869837684302718,-8.008093491335137,0.0,0.0,0.0202148016755974,0.1540604627836593,0.6413347404360288,117.25896085997202,244756.0,100.0,,U060,4.0,Party
TRK0101,Paper Stories,Blue Stories,Blue Sessions,Country,2001.0,English,0.4207894164527007,0.5475085662487479,-8.94047690604726,0.0926292166282247,0.3964334551487611,0.0,0.1345378112820158,0.833548014750311,115.80300424717836,221713.0,63.0,,U130,4.0,Romantic
TRK0175,Midnight Shadows,Urban Parade,Urban Sessions,Pop,2015.0,English,0.5731360569684708,0.7202421633622736,-7.879354774589124,0.207678905304857,0.0,0.0733252021213763,0.1557097100929408,0.9890250258588464,118.82034970597988,258311.0,55.0,57.0,U046,4.0,Party
TRK0257,Slow Promises,Midnight Sound,Midnight Sessions,Latin,2026.0,Spanish,0.7808845306696945,0.8401146957779758,-5.413102288864184,0.0745408926528435,0.1426040080791003,0.0643218814843636,0.2187713424195182,0.9016708839905936,116.24103847611968,282015.0,100.0,59.0,U141,5.0,Happy
TRK0263,Golden Memories,Aurora Stories,Aurora Diaries,Electronic,2013.0,English,0.6444459281259471,0.8533717739134937,-3.919881770984934,0.0751311710858566,0.0,0.1526298943431561,0.1626515996142719,0.8337199213190679,126.31815508387176,239082.0,82.0,24.0,U013,3.0,Party
TRK0062,Hidden Paradise,,Royal Frequency,Indie,2012.0,,0.6433910377733743,0.6161171556513396,-7.743396560803975,0.0647042293334609,0.3085817950320783,0.1864829958661884,0.1765189822420876,0.5483026569351099,127.78019566426003,219347.0,48.0,16.0,U037,3.0,Romantic
TRK0317,Paper Fire,Crimson Waves,Crimson Collection,Hip-Hop,2021.0,English,0.8170200903912092,0.8613897336550631,-5.551470948737601,0.2432082576073846,0.0,0.0,0.1346258193657809,0.7519394256600107,98.2941839128308,210056.0,70.0,39.0,U069,4.0,Party
TRK0393,Silent Motion,Wild Stories,Wild Frequency,Jazz,2025.0,English,0.6419463472814954,0.5202680039826147,-9.528014230380114,0.1357627427939613,0.4484782255138723,0.3481724741858534,0.350510384210784,0.7415937581060065,109.28861360435263,218759.0,100.0,,U120,4.0,Happy
TRK0291,Electric Sun,Sapphire Dream,Sapphire Stories,Pop,2026.0,English,0.7568010036494518,0.6201726314656019,-5.967777772621313,0.0025850346258378,0.265666796591837,0.0665672104810092,0.0,0.7741243694036452,122.03417203936756,228430.0,100.0,52.0,U054,3.0,Happy
TRK0191,Broken Roads,Lunar Stories,Lunar Sessions,Hip-Hop,2022.0,English,0.7842644271323862,0.7761616066940763,-6.982734895390743,0.258580112785008,0.0,0.0733252021213763,0.1967892379700206,0.6380629348373518,101.25708089235393,220044.0,81.0,37.0,U027,4.0,Party
TRK0108,Higher Colours,Static Lines,Static Sessions,Indie,2026.0,English,0.5870419127327289,0.4959024496852733,-9.4454197642421,0.0216462870384948,0.2547762186239397,0.0002888945725526,0.1399000935035821,0.5358141509840348,121.17555241838016,206810.0,100.0,55.0,U007,4.0,Relaxing
TRK0313,Golden Rhythm,Urban Lines,Urban Stories,Rock,2026.0,English,0.6173174917888647,0.8780376464959104,-5.928221656802176,0.0078530982075387,0.0958284357401474,0.0508882361415587,0.0943020281176036,0.6448675671302997,126.28430390930777,251793.0,100.0,47.0,U085,4.0,Energetic
TRK0102,Paper Waves,Electric Parade,Electric Sessions,Jazz,2018.0,French,0.3899864446275694,0.3932570229632354,-7.952283690002619,0.1336125338131136,0.4031879520864218,0.3627155380459869,0.2301399549490561,0.7383752196951652,101.85941185656988,231093.0,53.0,32.0,U037,3.0,Energetic
TRK0003,Golden Colours,Indigo Parade,,,2022.0,English,0.7486052542345125,0.6415372306320005,-8.324765766933485,0.2692766754521115,0.1373409494445041,0.0980495217749699,0.1034143204897913,0.7085368231531204,99.75654493260583,244937.0,100.0,42.0,U149,4.0,Motivational
TRK0170,Silent Shadows,Static Motion,Static Diaries,Classical,2021.0,French,0.4004506718589227,0.2481164493420881,-13.464348132826776,0.077968993338441,0.7887028804994488,0.8083172872319087,0.100756145939921,0.3735609744597418,77.05815882871131,213785.0,100.0,57.0,U037,4.0,Relaxing
TRK0344,Sunday Colours,Sapphire Sound,Sapphire Diaries,Rock,2021.0,Spanish,0.5163887003821573,0.8817316624309044,-6.508816347514161,0.0647042293334609,0.1633786027419979,0.2313132522188293,0.2690706597959221,0.4684031808134414,116.80681967877612,210478.0,56.0,41.0,U086,4.0,Focus
TRK0399,Starlight Sky,Aurora Skies,Aurora Collection,Pop,2009.0,Korean,0.6965714297672635,0.6655042749498832,-8.973587910810602,0.0992445088071655,0.1680797294786742,0.1422121325642344,0.0896581269155494,0.8123385220617966,117.2391468050271,291494.0,29.0,34.0,U054,,Romantic
TRK0354,Higher Hearts,Royal Riders,Royal Sessions,Indie,2008.0,English,0.6917834400549722,0.5999642595272116,-7.575936964480379,0.0067295573995176,0.3330107288099779,0.0570642345886787,0.0792277119307721,0.8945081517984762,119.73140642690424,253321.0,93.0,36.0,U063,4.0,Motivational
TRK0033,Gravity Signals,Crimson District,,Latin,2016.0,Hindi,0.7357464288107817,0.8798907090670594,-6.482544892632279,0.1016202970495212,0.2908849170789433,0.0129114439634772,0.1141214532852529,0.8536657861145653,121.417032241151,185532.0,97.0,42.0,U135,4.0,Motivational
TRK0125,Summer Signals,Sapphire Heaven,Sapphire Frequency,Hip-Hop,2023.0,Spanish,0.8596554884498404,0.6554810631728766,-6.940045399411315,0.2815187875254533,0.1273460215982883,0.2343790898333698,0.0965592477882537,0.5468126655550608,91.07753507963218,259223.0,98.0,48.0,U031,4.0,Romantic
TRK0066,Hidden Lights,Crimson Waves,Crimson Sessions,Hip-Hop,2021.0,English,0.7522643820179146,0.7003463826211268,-8.496501207818131,0.2296818305901461,0.0,0.0,0.1658750232276394,0.845397815855816,113.91398100228058,221229.0,100.0,45.0,U051,4.0,Motivational
TRK0060,Gravity Roads,Golden Heights,Golden Nights,Pop,2024.0,English,0.691720425085243,0.6833737325152788,-6.782132380366764,0.09775663898604,0.0,0.0,0.1973275450781771,0.7859867683192368,106.4158692469542,254202.0,100.0,53.0,U078,,Happy
TRK0240,Electric Memories,Solar Stories,Solar Horizons,Pop,2008.0,Hindi,0.6444459281259471,0.5860475952853267,-6.435555082972699,0.0858089354194563,0.2195926879442918,0.081607950535521,0.1346054707311358,0.9303411317059618,120.04853264716029,238885.0,100.0,50.0,U122,,
TRK0227,Broken Sun,Neon Waves,Neon Frequency,Pop,2012.0,English,0.7969147501966808,0.759273473178186,-6.27582145436555,0.0826384456926485,0.093507510800113,0.0989919401622882,0.1854576132715948,0.9443115970483824,118.0828787701049,282981.0,88.0,60.0,U130,4.0,Energetic
TRK0001,Electric Dreams,Paper Riders,Paper Frequency,Classical,2010.0,English,0.3440564716391214,0.1179209509309351,-16.018852555441978,0.0357528181425278,0.7342252266539296,0.791742406914964,0.0402869250698494,0.4610746307923848,85.94114974739561,231099.0,89.0,68.0,U109,5.0,Relaxing
TRK0184,Falling Stories,Royal Riders,Royal Collection,Indie,2025.0,Japanese,0.6539631204986562,0.8308702542143291,-7.931281667550142,0.031048115780428,0.3321619864666801,0.2119409339450089,0.1103300882282894,0.6355838652794028,127.92056797514589,247134.0,57.0,24.0,U041,3.0,Energetic
TRK0230,Afterglow Fire,Solar Heights,Solar Diaries,Hip-Hop,,,0.8524699196769792,0.7832701703015356,-5.797134556319141,0.2737690599481609,0.0020612282291267,0.0,0.1794253488089836,0.7805283245245181,109.67282848363156,233339.0,72.0,65.0,U140,5.0,Party
TRK0041,Distant Rain,,Midnight Frequency,Rock,2020.0,English,0.497739611463694,0.9335615981807674,-6.247865250601619,0.0,0.0862163255705633,0.0,0.1660361342935282,0.6872129524827117,116.05820624458735,187005.0,94.0,42.0,U149,3.0,Motivational
TRK0249,,Lunar Stories,Lunar Diaries,Hip-Hop,2016.0,English,0.6384201701491125,0.6153890111288629,-10.548467924596611,0.2183587500221636,0.0265889632519363,0.0,0.2275374137638632,0.7706901319276909,99.0536889610714,227741.0,100.0,,U037,3.0,Motivational
TRK0044,Wild Colours,Midnight Bloom,Midnight Collection,Pop,2011.0,Spanish,0.6444459281259471,0.6940254735660835,-6.24094195045038,0.0647042293334609,0.1668833079810266,0.0,0.1191540744448212,0.8059785686494697,108.18325471065822,187465.0,92.0,63.0,U082,5.0,Happy
TRK0231,Wild Fire,Indigo Motion,Indigo Diaries,Indie,2020.0,Hindi,0.4854743448126623,0.6980199097605752,-5.716085449349736,0.0,0.3032984570874615,0.1145920980166167,0.2746858849307098,0.6195794515258959,113.6552264621424,285009.0,78.0,51.0,U086,5.0,Energetic
TRK0082,Electric Memories,Golden Heights,Golden Collection,Pop,2023.0,English,0.6125233986182286,0.7520197740218939,-7.575936964480379,0.0885387211957039,0.2757071078797038,0.0944259886385906,0.1660521607303225,1.0,117.06986014560448,210332.0,100.0,71.0,U021,5.0,Energetic
TRK0345,Gravity City,Blue District,,Classical,2023.0,French,0.1951840875156296,0.2407690431403488,-16.427454281362593,0.0150482029670816,0.7518462122361907,0.812059380746438,0.1265213838414121,0.384217889592378,79.44678606897986,237880.0,98.0,44.0,U067,4.0,Focus
TRK0034,Broken Memories,Solar Stories,Solar Nights,Pop,2006.0,,0.7447665901108943,0.6900612512372456,-7.333869329025881,0.0628366807878972,0.1175314739135248,0.0,0.1694794748629335,0.901868854766353,120.93122226980748,256046.0,81.0,49.0,U146,5.0,Motivational
TRK0026,Midnight Roads,Electric Lines,Electric Sessions,Classical,2007.0,Korean,0.1821735559844823,0.3204924399716172,-14.190383559744236,0.0389005536873833,0.8504626568744852,0.9378148789142176,0.0951603445691702,0.5047675060179745,83.49439986704714,200446.0,56.0,23.0,U006,4.0,Melancholic
TRK0107,Silent Waves,Lunar District,Lunar Diaries,Rock,2015.0,English,0.5306583154190254,0.7146022939348073,-5.710719504259139,0.0151406664682071,0.0565480875900697,0.0770367107697191,0.1555776806188905,0.7788295200320834,120.22295391691496,219345.0,71.0,39.0,U080,4.0,Happy
TRK0394,Wild Lights,Sapphire Sound,,Rock,2017.0,English,0.4929042328587235,0.8471142223222455,-6.569131413337541,0.0906721559874283,0.2272295325524294,0.1597127226207842,0.1706626130350203,0.758821933031798,129.030404514514,197047.0,95.0,46.0,U086,4.0,Energetic
TRK0166,Gravity Shadows,Aurora Skies,Aurora Stories,pop,2017.0,,0.7058597329174622,0.7025449267966397,-6.854444525712865,0.077286371527828,0.1996315132762585,0.0,0.1322990319315395,0.9608794064156652,104.16128192645203,242754.0,79.0,41.0,U037,3.0,Energetic
TRK0089,Summer Echoes,Urban Lines,Urban Sessions,Rock,2016.0,English,0.7125779791881685,1.0,-6.027878745544469,0.0233050916808338,0.0474454988480468,0.0957343747324582,0.182634310602439,0.7383752196951652,142.43745000567233,235633.0,100.0,44.0,U084,3.0,Energetic
TRK0378,Neon Lights,Golden Parade,Golden Diaries,Lo-Fi,2008.0,English,0.5032339272489473,0.3134289932226595,-12.566583033340637,0.0337489684282704,0.7272291657095648,0.3781390650791738,0.0575922384029926,0.4785895497013677,93.82496781114408,202487.0,71.0,,U123,4.0,Relaxing
TRK0035,Gravity Motion,Blue Circuit,Blue Frequency,K-Pop,2012.0,Korean,0.6355528212398924,0.6888964471191905,-6.818127116624915,0.0950432807823971,0.0824466322009133,0.0,0.1930129194813974,0.9398956466377372,119.05626024741171,217869.0,92.0,62.0,U148,5.0,Happy
TRK0126,Neon City,Solar Theory,Solar Collection,R&B,2026.0,English,0.726645114657155,0.6734256310405013,-8.406508690054213,0.0185404005510932,0.1079311423921594,0.0,0.0287096796509488,0.9361866170743558,105.10751530730847,250531.0,94.0,57.0,U025,5.0,Happy
TRK0358,Distant Shadows,Silver Skies,Silver Stories,Pop,2006.0,Spanish,0.8524736965627251,0.7745852050513429,-4.354873138918901,0.077975356537065,0.3318300507531296,0.070935127627018,0.1215736207307615,0.6924760503610465,128.00327999811228,218954.0,62.0,45.0,U123,5.0,Party
TRK0302,Hidden Signals,Nova Riders,Nova Frequency,K-Pop,2016.0,,0.6444459281259471,0.8665295966258072,-6.230764328800522,0.1179890535811798,0.1690134878156588,0.0,0.145396167080501,0.7005371909094229,131.98276083147425,303545.0,86.0,70.0,U107,4.0,Party
TRK0371,Paper Lights,Sapphire Riders,Sapphire Collection,R&B,2007.0,English,0.469715061749037,0.597520013272102,-9.388948145157173,0.051714993065574,0.041046176689908,0.1018401239427771,0.1798024556097283,0.9121578426205682,96.17714723049774,246386.0,53.0,46.0,U054,4.0,Happy
TRK0017,Broken Shadows,Solar Stories,Solar Stories,Pop,2014.0,,0.8212715817819829,0.7393065349356577,-6.459972705113983,0.072391990641004,0.0912916551168624,0.0,0.145396167080501,0.8344783850725709,135.33494449547962,288977.0,91.0,40.0,U133,3.0,Happy
TRK0305,Hidden Memories,Velvet Bloom,Velvet Frequency,Lo-Fi,2013.0,English,0.5577478542719683,0.3160439450026741,-11.075050857081044,0.0422383299450069,0.5528015056758783,0.2794849412434814,0.0890359876445869,0.4076774261832341,85.36852260428678,239216.0,47.0,20.0,U018,3.0,Melancholic
TRK0324,Neon Sky,Royal Riders,Royal Diaries,Indie,2015.0,Spanish,0.6513069281851587,0.5294057587662064,-9.652145522324076,0.0721368590610339,0.3387438427996552,0.1112313888058957,0.2250773355297136,0.7574919857832212,125.58007236884056,173109.0,87.0,55.0,U074,5.0,Motivational
TRK0244,Neon Fire,Neon District,Neon Sessions,K-Pop,2015.0,Korean,0.8201895648606442,0.7539564555693651,-5.324138136843929,0.068942565185201,0.0045648543721931,0.0,0.1477243157206745,0.991927229235318,123.49591688583548,311574.0,,46.0,U128,2.0,Party
TRK0298,Sunday Signals,Urban Bloom,Urban Diaries,Hip-Hop,2021.0,English,0.7058685644564351,0.7309472407335957,-7.821142260265308,0.2274735101864505,0.0964222003649634,0.0047649519163661,0.145396167080501,0.8652853059410873,98.78933821910796,276292.0,100.0,42.0,U008,4.0,Happy
TRK0202,Slow Shadows,Indigo Pulse,,Rock,2026.0,English,0.5284643511311702,0.8954774444717413,-7.18432683969068,0.0300244263611559,0.0419257799941576,0.1089539757213719,0.1778077806445161,0.7148139809855554,137.83179862826384,266991.0,90.0,51.0,U143,4.0,Motivational
TRK0186,Starlight Paradise,Paper Sound,Paper Diaries,,2026.0,English,0.4910196010651589,0.6734256310405013,-8.158621656436669,0.0331918701268618,0.4045160088330255,0.1727359769582056,0.2122288226283253,0.8064978795980711,113.91398100228058,204036.0,79.0,28.0,U129,4.0,Romantic
TRK0149,Wild Roads,Velvet Dream,Velvet Nights,Pop,2025.0,Spanish,0.7302472367103157,0.6807260949115542,-8.207435636106812,0.0257604132553776,0.1259543050359889,0.1321493633198671,0.1109184657768047,0.8333383809541681,122.28028395400167,207018.0,100.0,55.0,U114,4.0,Party
TRK0314,Gravity Signals,Indigo Parade,Indigo Frequency,Hip-Hop,2014.0,English,0.591819424337232,0.6880970641217066,-7.575936964480379,0.2057724171145283,0.0576432603481638,0.0,0.26390617991645,0.7383752196951652,99.89447070417772,282472.0,91.0,49.0,U117,5.0,Energetic
TRK0242,Distant Paradise,Static Parade,Static Collection,Electronic,2012.0,,0.9140254400951828,0.9100355025182983,-6.806034293291505,0.0492238020697654,0.0,0.0205226880971355,0.0868908458184097,0.782700618316879,116.92276461229652,189961.0,86.0,25.0,U112,3.0,Motivational
TRK0114,Summer Memories,Golden Heights,Golden Horizons,Pop,2021.0,French,0.7031348246599547,0.7897206119598331,-6.258785919815584,0.007136707401199,0.1507953326819583,0.0,0.2188759148972704,0.943935485923134,113.91398100228058,242769.0,90.0,51.0,U146,5.0,Party
TRK0251,Golden Dreams,Sapphire Sound,Sapphire Sessions,,2023.0,English,0.6076470882780929,0.9841005090884356,-5.671897928182727,0.0751446965631991,0.1507953326819583,0.0,0.2282985613807538,0.6213575932506222,125.59145224716391,273995.0,100.0,56.0,U063,3.0,Happy
TRK0138,Paper Sky,Aurora Heights,Aurora Sessions,Jazz,2010.0,English,0.5675144659894898,0.2325645558863996,-9.351762930814122,0.0267897242507103,0.5252918026393255,0.3771974952250069,0.3059210474024691,0.5799365291945221,113.91398100228058,207007.0,76.0,41.0,U108,4.0,Energetic
TRK0236,Ocean Roads,Midnight Dream,Midnight Sessions,Lo-Fi,2009.0,English,0.2784241715621683,0.1787761585560349,-11.9228265606937,0.1148904963173937,0.6900511645848929,0.3752909084767284,0.1112275831171141,0.313180593323601,75.9605355924255,190868.0,44.0,22.0,U125,2.0,Calm
TRK0140,Distant Colours,Blue Stories,Blue Frequency,Country,2019.0,Spanish,0.6063009247714516,0.6518491792657528,-5.751535923935423,0.0836952851181634,0.2437441667035561,0.0790405681982459,0.2499036537672252,0.870738584281841,113.91398100228058,273622.0,100.0,34.0,U028,3.0,Romantic
TRK0352,Electric Fire,Royal Sound,Royal Frequency,R&B,2017.0,Spanish,0.8103782153025446,0.7027571049971331,-7.816946363169487,0.1499675937560858,0.4195174703431392,0.093692791914256,0.1381732061510796,0.7527286779066664,113.72479258160914,214532.0,82.0,46.0,U093,3.0,Party
TRK0255,Slow Shadows,Static Motion,Static Frequency,Classical,2022.0,English,0.175380524644295,0.154963501535067,-14.958162001389775,0.0484471013241255,0.7950667504785263,0.5895164764753403,0.0450026080212747,0.4754325037492171,80.90817290545911,182729.0,100.0,51.0,U128,4.0,Calm
TRK0164,Neon Promises,,Urban Collection,Pop,2021.0,Korean,0.6978403830001897,0.6734256310405013,-7.575936964480379,0.0031507378214976,0.1000288344871857,0.0,0.1032160290974485,0.9756979109221184,103.98290517853954,197555.0,76.0,63.0,U111,,Happy
TRK0297,,Lunar District,Lunar Sessions,,2022.0,English,0.5308375325017948,0.7543757524392513,-6.293059793737492,0.009525189219391,0.0762152436301386,0.2629683170801016,0.1966986764317379,0.5524129362951404,128.45831901190007,195599.0,66.0,19.0,U098,4.0,Energetic
TRK0116,Neon Rain,Wild District,Wild Frequency,Indie,2019.0,French,0.6342858224477596,0.7057775964003419,-8.822483044857174,0.0,0.1197043841769608,0.0653290850101783,0.1092884246002876,0.5365035722413224,121.21081399650252,223805.0,65.0,28.0,U107,4.0,Energetic
TRK0331,Golden Signals,Solar Heights,Solar Frequency,Hip-Hop,2009.0,English,0.7559875942196671,0.7833953232082768,-7.661771901790208,0.2091937340027465,0.0558841090913179,0.1362274586711067,0.3101215000457203,0.538764382924217,103.47366599041678,204392.0,90.0,37.0,U020,4.0,Energetic
TRK0370,Golden Waves,Indigo Waves,Indigo Horizons,Pop,2021.0,English,0.7553750478372494,0.7668031030271234,-5.936460406614243,0.0181143078130316,0.0,0.0,0.0267497971015847,0.9348259022789268,121.3224472787169,242543.0,49.0,40.0,U119,4.0,Happy
TRK0341,Sunday Shadows,Wild Circuit,,Classical,2014.0,English,0.2312600779096016,0.1759870668026533,-14.203112789366848,0.0376652446863054,0.8523497582733146,0.8445490661420738,0.1322802473951885,0.3823940206083471,79.08402583170435,204295.0,77.0,62.0,U111,5.0,Relaxing
TRK0275,Velvet Fire,Blue Hearts,Blue Collection,Indie,2007.0,English,0.449233310161506,0.6390332596429159,-8.924149209856617,0.1220707120052941,0.4182710627354647,0.0210223191861436,0.0858042213452785,0.7209574107395091,114.4864738489624,228306.0,93.0,59.0,U074,4.0,Romantic
TRK0380,Afterglow Motion,Wild Stories,Wild Sessions,Jazz,2023.0,English,0.470209168571469,0.4198501818401048,-8.957867430210584,0.0501716500038482,0.4569942774518609,0.3467281004789336,0.290520963686936,0.5208675850905798,122.31414548355136,228135.0,82.0,61.0,U013,5.0,Energetic
TRK0321,Summer Sky,Wild Circuit,Wild Sessions,Classical,2009.0,English,0.2739158684577238,0.3230669173687085,-12.756746729716909,0.0523711308173742,0.7943905684900299,0.7009737983497653,0.0926516320720733,0.2058425040528016,66.76905072532907,251784.0,50.0,33.0,U127,4.0,Relaxing
TRK0198,Gravity Rain,Urban Lines,,Rock,2024.0,,0.5913659706741299,0.7710991123513987,-6.035252544259958,0.0616210784148752,0.1559803624047902,0.089293703846498,0.1309333015032693,0.5371099833711235,134.24527612496513,243607.0,100.0,32.0,U047,3.0,Relaxing
TRK0068,Silent Lights,Aurora Harbor,Aurora Sessions,Hip-Hop,2025.0,Spanish,0.8198347047074883,0.7817281277780573,-8.23162082612228,0.2715325420586813,0.0,0.0,0.2412495547465661,0.8089771952390661,112.82510823415775,231306.0,77.0,33.0,U101,,Energetic
TRK0195,Velvet Lights,Indigo Waves,Indigo Frequency,Pop,2015.0,English,0.5777948233859866,0.5904835291698167,-7.225044809020543,0.0168732547110929,0.0975616255024453,0.135611444164426,0.0288754183810542,0.777869768257945,124.55530680755344,225151.0,73.0,37.0,U130,4.0,Romantic
TRK0278,Slow Fire,Crimson Hearts,Crimson Frequency,K-Pop,2012.0,English,0.6922459987093101,0.7211008090929482,-6.206674391504312,0.1601467306659032,0.1507953326819583,0.0795538119610241,0.1623669961195223,0.943378353627252,110.76064273343944,257075.0,71.0,30.0,U037,3.0,Party
TRK0310,Paper Shadows,Static Bloom,Static Frequency,Jazz,2020.0,Japanese,0.5847851626300125,0.3894984455007285,-11.302362891120836,0.051264071433034,0.4832312241723216,0.3262412438621992,0.2797192413529824,0.6839860531122558,99.58576998463086,209265.0,62.0,48.0,U050,4.0,Happy
TRK0190,Electric City,,Solar Collection,R&B,2023.0,English,0.5606495140661624,0.5144947162989243,-8.034371919321229,0.1546967087423962,0.3498588764603338,0.1329388297231784,0.1501103532725454,0.7731082306590776,95.083413942829,229848.0,77.0,26.0,U114,3.0,Happy
TRK0204,Ocean Shadows,Echo Heaven,,Pop,2021.0,Korean,0.5571957786048789,0.6279636634759189,-6.299171722970096,0.0647042293334609,0.1828571842923637,0.0,0.103734293243626,0.8232610669557565,118.34018388752752,254514.0,74.0,38.0,U112,4.0,Happy
TRK0129,Neon Hearts,Wild Circuit,Wild Diaries,Classical,2005.0,English,0.3271874292369828,0.2641259425072853,-14.632095875661095,0.0930396837140835,0.6435761722607447,0.0733252021213763,0.1147970532533787,0.4271390345042339,85.88263341233512,259505.0,67.0,21.0,U080,4.0,Melancholic
TRK0235,Neon Waves,Crimson Signals,Crimson Collection,Rock,2001.0,English,0.7539504133108306,0.9664605644763612,-6.733685039141223,0.076599793149375,0.0098233897738626,0.0,0.1656141445736149,0.7464021431793015,115.21966444767826,203079.0,68.0,40.0,U019,4.0,Happy
TRK0268,Afterglow Lights,Sapphire Garden,Sapphire Stories,Electronic,2016.0,English,0.6444459281259471,0.9330075682600808,-5.972110237551107,0.1176424893951191,0.0,0.0276834875971806,0.0786669844880131,0.8448855300384169,126.07297993924718,225138.0,68.0,30.0,U060,4.0,Motivational
TRK0016,Distant Dreams,Royal Garden,Royal Frequency,Jazz,2026.0,English,0.3828433371174658,0.3675684281684437,-9.77742805436606,0.1577913939982516,0.377206080776963,0.3131928234834853,0.2844136303243221,0.5703458250001111,104.05427785268586,230059.0,66.0,47.0,U025,4.0,Focus
TRK0368,Afterglow Colours,Crimson District,Crimson Diaries,Latin,2020.0,Spanish,0.923994313910066,0.8310811833259836,-7.148773381379065,0.0613888849553566,0.1099776786103177,0.0853784926528224,0.1234929336178408,1.0,134.13150189391635,236370.0,72.0,27.0,U076,4.0,Energetic
TRK0224,Higher Memories,Urban Skies,,Electronic,2006.0,Spanish,0.6699434666969848,0.6463911480538451,-6.886578571011203,0.0819547503908804,0.0751028664439962,0.184227357346369,0.0247187685341572,0.6393122394236813,137.03403871531705,205362.0,81.0,73.0,U129,5.0,Motivational
TRK0342,Silent Promises,Wild District,Wild Sessions,Indie,2020.0,English,0.4538876268652864,0.5490164066173447,-8.231270740061658,0.0603255413500098,0.4010716679075012,0.2122401865785186,0.1015492149814993,0.5721441056599775,113.91398100228058,258655.0,77.0,23.0,U080,3.0,Romantic
TRK0052,Velvet Stories,Indigo Waves,Indigo Collection,Pop,2026.0,French,0.6864060774959853,0.8630569386397986,-6.468137411699055,0.1489160962015486,0.0671033023978749,0.0398161128444019,0.1455832130849984,1.0,127.2561386783553,216360.0,100.0,58.0,U108,4.0,Party
TRK0340,Sunday Lights,Wild Harbor,Wild Stories,Electronic,2024.0,English,0.6236185308678075,0.8468124130677129,-5.099807602591376,0.0562833842214677,0.0389065195625175,0.0764415290135446,0.1007959043691874,0.9193097683061008,127.3521529785314,255108.0,,61.0,U138,5.0,Motivational
TRK0070,Summer Roads,Electric Lines,Electric Diaries,Classical,2026.0,English,0.3788444249318252,0.3077645232974894,-13.84203302640164,0.0260041598529374,0.7434478823664472,0.9662242885416306,0.0,0.1665919208439975,78.22110120101343,229313.0,94.0,38.0,U089,3.0,Relaxing
TRK0206,Summer Hearts,Paper Heaven,Paper Frequency,Jazz,2016.0,Spanish,0.3522792036538968,0.3405199763951745,-10.27837593152998,0.0526288423760397,0.5416587958905256,0.3262437876678842,0.1624491092654342,0.472402206178073,108.46467833646004,242271.0,100.0,58.0,U041,4.0,Energetic
TRK0134,Summer Sky,Velvet Bloom,Velvet Diaries,Lo-Fi,2005.0,Hindi,0.4378194775946666,0.2747965565877155,-9.722498995356236,0.0647042293334609,0.7196342493541077,0.2288560761412004,0.0400598576068291,0.4564958579224679,82.70600546603355,169803.0,62.0,26.0,U072,,Melancholic
TRK0181,Starlight Rhythm,Echo Garden,Echo Diaries,Hip-Hop,2018.0,English,0.9550943482686692,0.6545555217297842,-7.329253459831115,0.2536995985266217,0.0,0.032832674508294,0.0380035466140958,0.8751565578654719,93.56541640570327,305004.0,90.0,33.0,U016,3.0,Romantic
TRK0092,Golden Waves,Wild Stories,Wild Diaries,Jazz,2015.0,Hindi,0.5322797464093248,0.6734256310405013,-9.431940846024885,0.0268334419432031,0.4232230393864651,0.2798619631171286,0.3227602710212387,0.5698038446488887,113.91398100228058,249610.0,43.0,22.0,U051,4.0,Romantic
TRK0208,Neon Rhythm,Indigo Lines,Indigo Sessions,R&B,2025.0,English,0.5652372200856207,0.652678872928814,-5.896617906937662,0.1222044394682663,0.167644296595141,0.0,0.0,0.7339198590340901,99.62568173736284,202098.0,94.0,51.0,U057,4.0,Motivational
TRK0376,Silent Echoes,Royal Heights,Royal Sessions,Pop,,English,0.6722581378592292,0.833346682958548,-5.943608533105111,0.1001420539412397,0.0,0.0133211321171189,0.2658247671341324,0.9898798425429975,105.2234835570158,229970.0,65.0,60.0,U014,5.0,Party
TRK0387,Distant Shadows,Urban Bloom,Urban Collection,Hip-Hop,2026.0,English,0.7355813080898331,0.6379483702540678,-6.599444391313549,0.2037975981205914,0.0,0.1488349920605348,0.1748234812542515,0.6662223568888769,103.90068943168076,240285.0,100.0,44.0,U050,3.0,Romantic
TRK0159,Wild Waves,Echo Signals,,R&B,2026.0,English,0.4986220265171073,0.6656016002378206,-8.515734564509806,0.163509264364452,0.1613442401110915,0.0566050926131621,0.2125268205014154,0.6147630372029348,94.74124954089578,231291.0,100.0,56.0,U123,4.0,Romantic
TRK0327,Sunday Waves,Royal Heights,,Pop,2024.0,English,0.7142430237594596,0.6599245325905864,-7.280822231534281,0.0474267149632643,0.1145715166098591,0.2238198737032577,0.0973254268250014,0.8546241057817568,133.3568393361317,220680.0,100.0,39.0,U134,4.0,Motivational
TRK0085,Afterglow Waves,Sapphire Garden,Sapphire Stories,Electronic,2020.0,,0.902603390991068,0.6026159019073201,-7.563078560083258,0.0525907037605221,0.0,0.1294183058232312,0.2474130440687355,0.6990515325546952,123.28044603812876,210693.0,78.0,50.0,U058,4.0,Happy
TRK0269,Midnight Memories,Indigo Parade,Indigo Sessions,Hip-Hop,2013.0,English,0.7517674321807266,0.8322457220986049,-7.403165452923421,0.2510149327709395,0.0345829117225339,0.0,0.2499836814384738,0.7383752196951652,107.65503158854276,215416.0,78.0,51.0,U119,4.0,Party
TRK0050,Wild Lights,Royal Riders,Royal Collection,Indie,,,0.5667771343468827,0.4847157544892423,-8.928780652945349,0.0597754037664736,0.3416257849223505,0.0563731676844694,0.1677019370478929,0.603719417221595,109.24620764753564,244842.0,85.0,28.0,U060,3.0,Relaxing
TRK0173,Broken Paradise,Aurora Skies,Aurora Horizons,Pop,2017.0,Japanese,0.9124496037012572,0.5983203255255962,-4.312326616549624,0.0288148425481004,0.206268890369671,0.1376766871233402,0.0503016841210735,0.8870839310894377,115.61453492875545,254644.0,93.0,35.0,U069,3.0,Romantic
TRK0388,Velvet Echoes,Urban Lines,Urban Sessions,Rock,2016.0,English,0.5534223499026136,0.9415722454391576,-6.844031712279501,0.0984035930575487,0.2716553156384451,0.0412962336396588,0.1924294246999485,0.6312563506083368,127.05209366410656,290690.0,64.0,29.0,U121,3.0,Motivational
TRK0373,Electric Paradise,Solar Stories,Solar Stories,Pop,2019.0,Hindi,0.7638816523361697,0.8416583449675807,-8.151378695902254,0.0192333968308569,0.0306851430741596,0.0,0.2598926112322152,0.963564835532798,127.67945399145984,231080.0,87.0,46.0,U064,4.0,Party
TRK0312,Afterglow Memories,Golden Pulse,Golden Sessions,K-Pop,2022.0,Korean,0.7365034006502154,0.7950776186601707,-5.460340647467796,0.1540921883967725,0.1231393089853877,0.1126453532609654,0.1160102156529213,0.7383752196951652,127.15805413778348,243632.0,68.0,20.0,U028,3.0,Energetic
TRK0168,Starlight Dreams,Solar Heights,Solar Collection,Hip-Hop,2026.0,English,0.7130134750780427,0.6932435527093319,-6.280550677482256,0.2576173216806648,0.0174470265451757,0.0,0.1579712635899408,0.8121812704726568,90.01794697836672,260178.0,100.0,40.0,U132,3.0,Happy
TRK0374,Hidden Sun,Wild Stories,,Jazz,2020.0,French,0.4858220853799603,0.4417596189154473,-8.894444052645143,0.0138402970056134,0.5405944591039837,0.3520098896931153,0.1558953912432412,0.2999204226168739,107.08460458870488,278217.0,100.0,64.0,U043,5.0,Calm
TRK0008,Neon Waves,Aurora District,Aurora Sessions,R&B,2018.0,English,0.6660644372526975,0.5219013349772066,-8.0791652331208,0.1098998507787294,0.3232905973267789,0.1358401843241357,0.1549809741404656,0.8672179362160537,91.01841559007528,214678.0,72.0,48.0,U120,4.0,Romantic
TRK0176,,Golden Heights,Golden Nights,Pop,2002.0,French,0.6662806205986582,0.6117544299140677,-6.789046507609315,0.0837511086356116,0.1959693430038575,0.1148353075716535,0.1998568952552966,0.8052405460219413,119.10405165524438,253428.0,72.0,62.0,U150,5.0,Happy
TRK0086,Paper Rain,Golden Theory,Golden Stories,Rock,2026.0,English,0.4617500157349738,0.8672366898337339,-7.75007324523617,0.0647042293334609,0.0635331196703089,0.0259463604621874,0.1555841069524161,0.6231793669959312,134.26591524053327,247236.0,100.0,65.0,U032,5.0,Happy
TRK0286,Broken Shadows,Blue Stories,Blue Diaries,Country,2018.0,English,0.5078605506452881,0.5060440567138789,-9.772618655113371,0.0,0.2692326729722836,0.0733252021213763,0.128495189077572,0.8317965793098023,113.23527407684352,244451.0,74.0,32.0,U133,4.0,Romantic
TRK0362,Slow Waves,Velvet Dream,Velvet Sessions,Pop,2013.0,English,0.7179905451624203,0.5569181657921383,-8.822817748290701,0.0195295272425053,0.1895806424733208,0.0733252021213763,0.162774284005176,0.6043221817225677,103.98523899846926,258379.0,,38.0,U072,5.0,Relaxing
TRK0192,Silent City,Blue District,Blue Frequency,Classical,2026.0,English,0.5531762415110635,0.3253164129950761,-13.527818738907552,0.0120999938726906,0.7781945864466214,0.8813809514332865,0.0920258524862841,0.6020964065480437,84.74294047199383,233339.0,76.0,44.0,U034,5.0,Calm
TRK0048,Gravity Rhythm,Paper Heaven,Paper Sessions,Jazz,2026.0,English,0.6350625120952657,0.4648504142779807,-9.652092024888722,0.0307937883292107,0.5039170807365264,0.3564303009160943,0.1388143518215875,0.5467474941204821,107.88491970331523,289963.0,100.0,34.0,U051,2.0,Energetic
TRK0146,Midnight Hearts,Paper Heaven,Paper Diaries,Jazz,2007.0,English,0.5684037913117381,0.3918333180469414,-12.045068096983142,0.0647042293334609,0.585289464878521,0.3540294257235514,0.0927408081071327,0.6082253017086908,94.1483967193466,241102.0,56.0,31.0,U019,4.0,Relaxing
TRK0353,,Echo Signals,,R&B,2017.0,English,0.7435992804925224,0.5513127542060491,-9.079638319818793,0.1618636907453794,0.2965035043581933,0.0524653414582396,0.0990231474122817,0.8443855206585628,93.02307429929324,233339.0,100.0,37.0,U098,,Happy
TRK0178,Electric City,Static Pulse,Static Sessions,R&B,2009.0,English,0.6415010275738275,0.7777884143311089,-7.527978423404141,0.0,0.1507953326819583,0.2336999679756063,0.2403144201981772,0.9407717855055256,96.20874473191492,266302.0,67.0,,U082,3.0,Party
TRK0160,Broken Rain,Indigo Lines,Indigo Diaries,R&B,2015.0,Hindi,0.6221020685648018,0.6023444604443969,-6.93651318951934,0.0652946425194412,0.343456276769922,0.0,0.0821835738890377,0.8765195228393803,103.4268481255773,217183.0,82.0,53.0,U024,4.0,Romantic
TRK0332,Distant Signals,Nova Riders,,K-Pop,2020.0,Korean,0.7594232453817217,0.6801656193257781,-5.886159761650439,0.0776168601351637,0.1945536046823765,0.0,0.0178407690854303,0.859840202708656,130.5701057961608,233339.0,88.0,33.0,U069,4.0,Happy
TRK0253,Higher Fire,Electric Lines,Electric Sessions,Classical,2010.0,English,0.2353885968405455,0.5772113254121127,-12.736217414152936,0.0128718818820135,0.852737432729257,0.6211701265436411,0.1066024109466768,0.6071359039586541,85.67857560630367,171743.0,65.0,44.0,U109,4.0,Relaxing
TRK0232,Neon Lights,Royal Heights,Royal Sessions,Pop,2006.0,English,0.8039201355152263,0.7164885486810024,-7.575936964480379,0.0363062669208587,0.1507953326819583,0.0733252021213763,0.1888041344523233,0.5535966745325471,111.59323883611256,244011.0,69.0,56.0,U076,5.0,Energetic
TRK0069,Higher Motion,Velvet Lines,Velvet Sessions,,2025.0,Korean,0.7952034471802925,0.7198244183459586,-6.100146011309549,0.0801398847583536,0.0,0.0,0.1171076977439345,0.8576897912691505,134.96809621333085,236849.0,93.0,50.0,U055,4.0,Energetic
TRK0155,Paper Stories,Neon Waves,Neon Frequency,Pop,2026.0,English,0.744468192548735,0.7192133806173873,-7.152321502204852,0.1170538054094169,0.0071601111157301,0.0,0.1630108086024732,0.9101209283657148,122.13012992935494,252939.0,93.0,44.0,U030,4.0,Party
TRK0205,Summer Hearts,Electric Bloom,Electric Diaries,Country,2012.0,Spanish,0.2996182319926659,0.6734256310405013,-9.69987892881675,0.0,0.4417844573133251,0.0485839025268056,0.0118550285695671,0.6899646059688638,102.72050166743028,248915.0,54.0,44.0,U007,5.0,Happy
TRK0225,Hidden Echoes,Solar Heights,Solar Frequency,Hip-Hop,2021.0,Hindi,0.7151710226355766,0.6142772648876302,-7.095839168346096,0.1854276540430834,0.1090348324255682,0.3035519741462468,0.2445119035883408,0.7575437301693447,97.72930059138528,176324.0,67.0,65.0,U099,5.0,Happy
TRK0357,Gravity Motion,Aurora Harbor,Aurora Diaries,Hip-Hop,2025.0,English,0.8248565837966035,0.6052976622159016,-8.45385919706587,0.2276315653186282,0.1453263826076817,0.0423979963537122,0.2295808043415394,0.832562474830439,113.91398100228058,276397.0,79.0,35.0,U008,4.0,Romantic
TRK0179,Paper Paradise,Static Motion,Static Sessions,Classical,2013.0,English,0.3300719121669655,0.3149317536815152,-15.485710440621917,0.0159762254722626,0.6675965412639456,0.8737272297958437,0.1824729396972029,0.5038964959904689,76.63222094988656,142320.0,43.0,40.0,U012,5.0,Relaxing
TRK0083,Broken Promises,Midnight Sound,Midnight Sessions,Latin,2026.0,Spanish,0.7067714618597924,0.824126592670112,-6.938594403863266,0.0786203349156975,0.1973320960710358,0.0,0.204683904274202,0.7383752196951652,120.69132018763015,225001.0,91.0,40.0,U119,3.0,Party
TRK0027,Starlight Rhythm,Echo Riders,Echo Stories,Rock,2023.0,Hindi,0.341781848462296,0.8207999342589667,-7.446252924212141,0.0713613689808441,0.0883953428201513,0.0,0.2549807894097939,0.5994721094067997,123.74079710689604,204441.0,75.0,,U028,4.0,Romantic
TRK0392,Broken Roads,Golden Heights,Golden Nights,Pop,2022.0,English,0.7404939323653574,0.6734256310405013,-5.214609230284262,0.1134105727373627,0.0,0.144213861862758,0.1016379832093303,0.7394408869078635,119.58754649445744,233511.0,100.0,65.0,U118,5.0,Motivational
TRK0065,Golden Sky,Midnight Dream,Midnight Frequency,Lo-Fi,2009.0,French,0.4609647754574009,0.5428029069196527,-12.984370065865484,0.106240655492056,0.6298478925683697,0.3541019810584332,0.1182843539371743,0.5381281823428593,84.11256276889866,277081.0,63.0,22.0,U074,3.0,Relaxing
TRK0099,Electric Sky,Silver Sound,Silver Sessions,K-Pop,2015.0,Korean,0.7347625875015517,0.7898585709813879,-6.336105839717792,0.0494867812177925,0.1184299088703773,0.3232674557285797,0.0056109352471747,0.9133243525495928,115.76635785576956,256700.0,87.0,34.0,U091,4.0,Happy
TRK0147,Electric Hearts,Sapphire Heaven,,Hip-Hop,2013.0,English,0.7153930621541167,0.797065443988993,-6.531395869260845,0.2086099257031661,0.0,0.0,0.1703513224506775,0.7383752196951652,82.17841743532678,222857.0,64.0,47.0,U020,5.0,
TRK0042,,Wild District,Wild Collection,Indie,2013.0,English,0.6635807896314336,0.652336753438297,-5.18386700046422,0.0689084869426221,0.3804899037136058,0.101356197360504,0.2071743107040553,0.7531835499398102,126.79885137009602,217610.0,73.0,20.0,U125,3.0,Happy
TRK0397,Broken Hearts,Lunar Stories,Lunar Frequency,Hip-Hop,2023.0,,0.8573740293431332,0.6940122283302338,-7.048739731615335,0.2108522560614758,0.0965169883566601,0.0,0.1019150050096797,0.7500468095272721,98.50849189870895,176871.0,68.0,30.0,U112,3.0,Energetic
TRK0025,Midnight Colours,Silver Hearts,,Rock,2021.0,English,0.4938241432058681,0.8918680134852939,-5.709342310606036,0.073852911752066,0.0225085120947765,0.0242897098263317,0.203774326765987,0.7869031498615675,125.92809082448284,256339.0,84.0,69.0,U007,5.0,Happy
TRK0385,Distant Hearts,Velvet Parade,Velvet Frequency,Country,2026.0,Spanish,0.5353837931365302,0.6851761345186357,-10.120806222154814,0.0655007758136988,0.5199260838785208,0.0698154898235358,0.2085184149658093,0.9048688443920024,129.1650544505887,230218.0,88.0,24.0,U004,3.0,Motivational
TRK0372,Midnight Rhythm,Silver Skies,Silver Stories,Pop,2024.0,English,0.8198467904622999,0.7209940352758732,-7.326534169248798,0.0381169830931486,0.0374871363307399,0.1979800982526973,0.1415187536545816,0.8666893507017368,116.21693566084252,317709.0,100.0,37.0,U088,,Motivational
TRK0084,Summer Memories,Solar Stories,Solar Frequency,Pop,2005.0,Spanish,0.6820313474857439,0.7244331375840194,-8.279086079488978,0.1297883980082246,0.2176315195071049,0.1377222045257178,0.0139671656944522,0.9080798717133888,121.60533776484596,185366.0,74.0,29.0,U020,4.0,Energetic
TRK0029,Ocean City,Blue Hearts,,Indie,2017.0,English,0.4966631194050593,0.4361047054534576,-11.179266006829176,0.0,0.3217999068516518,0.0733252021213763,0.2856061813700662,0.7691253230156233,105.84484165106883,246299.0,77.0,20.0,U093,3.0,Romantic
TRK0323,Broken Hearts,Echo Signals,Echo Collection,R&B,2021.0,English,0.7238938522462067,0.8469459470519366,-7.196254785981496,0.1657828386727119,0.0743335497698964,0.0232247498133509,0.1733695644287879,0.7383752196951652,113.91398100228058,233339.0,100.0,34.0,U065,3.0,Happy
TRK0058,,Royal Heights,Royal Horizons,Pop,2022.0,Spanish,0.711212325758438,0.7824291332791324,-5.713550234062019,0.0795224379757772,0.1747478999632993,0.0865514608957118,0.145396167080501,0.861438067687144,116.39085047461872,248125.0,43.0,29.0,U012,4.0,Happy
TRK0106,Neon Promises,Silver Riders,Silver Sessions,Latin,2025.0,English,0.6859469784498784,0.6734256310405013,-7.575936964480379,0.0916885454552819,0.1482506385962662,0.0317418124512081,0.145396167080501,0.7307211491068307,110.80069761785552,267044.0,70.0,,U072,5.0,Happy
TRK0141,Slow Lights,Aurora Skies,Aurora Sessions,Pop,2015.0,English,0.6309979250236397,0.429108685745273,-8.334313311231941,0.0866211126864957,0.0791847731599761,0.2214565956689086,0.1209363068901103,0.9343090337948208,116.02799358801884,265257.0,91.0,,U147,4.0,Happy
TRK0307,Falling Rhythm,Aurora District,Aurora Diaries,R&B,2017.0,,0.7724742746547967,0.470851125145195,-7.053206991528159,0.1369269682748945,0.3187022213524428,0.0465980845348305,0.2009727783871929,0.5524490039251401,105.4671473988142,210542.0,54.0,23.0,U096,3.0,Relaxing
TRK0136,Afterglow Roads,Aurora Heights,Aurora Sessions,Jazz,2017.0,English,0.3514437996768929,0.4012021000618335,-11.008420491271997,0.0838697066336431,0.3924513938226946,0.2292793047978353,0.2464008852263828,0.5374987224103095,112.20228727149497,304060.0,83.0,57.0,U059,4.0,Relaxing
TRK0013,Falling Motion,Static Pulse,,R&B,2016.0,English,0.8307481861313717,0.663339688154,-7.097254383605771,0.0077422554536039,0.1655273972285082,0.0,0.044683085770346,0.6561847990107214,99.97710779670348,266825.0,61.0,34.0,U021,4.0,Romantic
TRK0080,Falling Lights,Golden Parade,,Lo-Fi,2006.0,English,0.3342535367766578,0.2041817766613757,-12.283276717829592,0.0,0.7169252306363414,0.3970780300570024,0.0924228188374161,0.1602966475301296,72.29137764190152,268698.0,12.0,11.0,U125,3.0,Melancholic
TRK0217,Slow Promises,Royal Heaven,,Electronic,2009.0,English,0.6095900374352594,0.8708145415807035,-6.680823150345559,0.0647042293334609,0.0364773769726445,0.1817676188966897,0.1021559776219764,0.8862638854549969,125.51918242791234,199259.0,75.0,38.0,U040,,Energetic
TRK0273,Velvet Echoes,Silver Sound,Silver Diaries,K-Pop,2015.0,Korean,0.6782991349257921,0.8063887696586054,-7.281096575314743,0.1603529336879587,0.1519159805208877,0.0,0.165881649540186,0.8982280240557057,117.96283344908116,261982.0,92.0,21.0,U007,3.0,Happy
TRK0300,Gravity Rain,Paper Garden,Paper Frequency,Country,2021.0,Japanese,0.4611692206945307,0.6605058089922838,-8.335710172452515,0.0,0.395605017086429,0.0776811473009333,0.2380954653005018,0.67262008167173,119.83109327446192,240054.0,64.0,29.0,U104,3.0,Romantic
TRK0158,Broken Signals,Electric Bloom,Electric Frequency,Country,2011.0,English,0.5613040024393978,0.6084087723139882,-8.062511315735959,0.0847457710655943,0.4152627675086403,0.1925424762810576,0.1916588987831947,0.7836366060950839,105.76003085241184,302848.0,86.0,24.0,U116,,
TRK0117,Gravity Memories,Velvet Lines,Velvet Frequency,K-Pop,2017.0,Korean,0.6439088043613261,0.7738905101557643,-6.301541672948942,0.0588573571175572,0.11067897237705,0.0,0.1656874495443282,0.9265082546172136,98.27107860675994,276429.0,36.0,44.0,U023,4.0,Party
TRK0032,Electric Colours,Solar Pulse,Solar Diaries,Latin,2021.0,Spanish,0.8265080209500306,0.6311407534680078,-7.743365774833139,0.0944764862857082,0.1507953326819583,0.1146459166091814,0.2041251658365236,0.9733586563005454,108.56013304417404,266395.0,100.0,34.0,U092,2.0,Happy
TRK0163,Distant Dreams,Urban Motion,Urban Frequency,R&B,2015.0,English,0.6477439017201253,0.6201276640212925,-8.479075737842237,0.0877880578180724,0.1735945132267863,0.0,0.1783743796106814,0.8838120672785967,98.2868718227558,252922.0,81.0,59.0,U099,5.0,Happy
TRK0400,Starlight Sun,Urban Bloom,Urban Diaries,Hip-Hop,2017.0,,0.7664468926102672,0.7781451581507699,-7.209084259584893,0.2196062369714068,0.0300460893565204,0.0322609742710931,0.0281776304265904,0.7581553867555282,97.2641675366872,279918.0,96.0,43.0,U072,4.0,Energetic
TRK0152,Electric Stories,Velvet Bloom,,Lo-Fi,2011.0,English,0.4464175253334044,0.3100775912634443,-12.166953827815364,0.0448197263504262,0.7275865633947567,0.4605322799669501,0.1098424828847089,0.5460557050336521,76.23702829881739,253596.0,60.0,35.0,U128,,Melancholic
TRK0133,Ocean Echoes,Lunar Harbor,Lunar Horizons,Pop,2006.0,English,0.6583824915825476,0.6080218568811946,-8.569034326480871,0.0565156121175085,0.0,0.0535042367537413,0.123618882500003,0.8727212378020274,120.68215546632392,259296.0,69.0,31.0,U071,4.0,Romantic
TRK0272,Velvet Waves,Royal Garden,Royal Diaries,Jazz,2016.0,English,0.6444459281259471,0.4932399535360104,-6.847244895360587,0.0520173804228017,0.4340317482081605,0.2858273223769945,0.2448479590791857,0.5914610613461709,108.52160054761208,268251.0,70.0,41.0,U094,4.0,Relaxing
TRK0047,Distant Colours,Urban Skies,Urban Diaries,Electronic,2026.0,English,0.6879149602190873,0.8839304792415269,-5.5706568708779365,0.0799145530891823,0.1188948691953944,0.1954266012056671,0.2118009965413035,0.8814909447857547,127.53528845263976,181141.0,99.0,59.0,U022,4.0,Party
TRK0260,Slow Lights,Blue Hearts,,Indie,2012.0,English,0.4062578070937889,0.6571461294974312,-6.215197731876743,0.0333745097979313,0.3703237412029392,0.2289410826053965,0.1173247568369536,0.7502949577626425,111.4880015814161,219161.0,64.0,53.0,U066,5.0,Happy
TRK0105,Falling Sky,Urban Motion,Urban Sessions,R&B,2019.0,English,0.6736046499973003,0.5636147455314916,-10.900039447871627,0.1288445823727738,0.1710493895633313,0.0,0.1388617697194385,0.6593052421390788,113.91398100228058,256835.0,63.0,22.0,U058,3.0,Happy
TRK0049,Gravity Memories,Nova Riders,Nova Diaries,K-Pop,2016.0,Korean,0.7448948122393071,0.7290748599611006,-8.113154066824475,0.103004981654639,0.1116374827979914,0.0,0.1214120753753411,0.9828910172899792,129.40991281058706,271152.0,89.0,15.0,U049,3.0,Happy
TRK0301,Summer Echoes,Nova Heaven,Nova Frequency,Country,2020.0,English,0.6756609849041606,0.6734256310405013,-9.52974829084276,0.1179142937964554,0.4534771233953215,0.0167638348783699,0.1232210996286291,0.7598415474713193,99.9506547994806,255587.0,72.0,52.0,U140,5.0,Motivational
TRK0283,Hidden Colours,Blue Hearts,Blue Sessions,Indie,2007.0,English,0.4622210232299129,0.5987465432712028,-9.643042561175234,0.0,0.2437592373485091,0.0571899589627089,0.1076185358489624,0.8329881528508393,111.07285767475484,264533.0,74.0,40.0,U033,4.0,Romantic
TRK0364,Falling Paradise,Royal Heights,Royal Horizons,Pop,2026.0,English,0.6401854295213565,0.6723972752960317,-6.937562646515616,0.1386836439993897,0.1430640983011877,0.0519356719397647,0.1060084289031184,0.8070555772640607,128.02269581486706,237972.0,89.0,30.0,U035,3.0,Romantic
TRK0363,Sunday Rain,Aurora Heights,Aurora Sessions,Jazz,2011.0,English,0.8208160913916496,0.305618036137011,-9.53869331415619,0.0,0.5260027278853091,0.3319230564333415,0.239084762572329,0.4566940259537682,112.37859941802716,185762.0,95.0,50.0,U063,4.0,Energetic
TRK0139,Gravity Roads,Golden Theory,Golden Collection,Rock,2022.0,English,0.2953662988879519,0.7328482623250544,-5.96181343525809,0.0647042293334609,0.1751856815331511,0.1483578978800455,0.198880688340709,0.3076981422820441,116.46801703318138,297730.0,70.0,39.0,U053,4.0,Calm
TRK0293,Paper Rhythm,Echo Garden,Echo Frequency,Hip-Hop,2020.0,English,0.805117611985762,0.6910076755578571,-7.698279657603706,0.2411368273994275,0.11134671358909,0.0397012709077179,0.218179743643164,0.6459942730875767,88.93795348966297,301593.0,77.0,36.0,U149,5.0,Party
