track_id,track_name,artist_name,album_name,genre,release_year,language,danceability,energy,loudness,speechiness,acousticness,instrumentalness,liveness,valence,tempo,duration_ms,popularity,play_count,user_id,user_rating,mood
TRK0151,Ocean Memories,Indigo Pulse,Indigo Diaries,,2013,English,0.43594921391520064,0.9280126933158811,-5.081624812735736,0.05072582368742018,0.04253584874401047,0.0009303192120989276,0.21294225289663646,0.7559709051706432,122.35925035093342,240529,44,27,U063,4,Party
TRK0094,Golden Waves,Solar Stories,Solar Stories,,2016,Korean,0.7817281580492258,0.7654144600780781,-6.432486735577432,0.11416658871886522,0.0,0.2208755386185139,0.05284005728006923,0.932763346965809,105.48243534586436,210231,100,45,U071,3,Energetic
TRK0213,Paper City,Nova Heaven,Nova Frequency,Country,2025,English,0.5965528649116472,0.594694026206655,-8.940629584296916,0.0,0.3131055659732205,0.013109108403801084,0.18690165117217006,0.8844966869126745,111.88603257009572,267414,100,52,U129,4,Romantic
TRK0292,Hidden Shadows,Neon District,Neon Frequency,K-Pop,2015,Korean,0.6749792624860942,0.806929720281435,-6.297646873759345,0.009947782153876247,,0.02119110162486314,0.2686839999080875,0.9454101628353441,108.29886720306446,140464,99,43,U015,3,Energetic
TRK0087,Ocean Roads,Electric Lines,Electric Frequency,Classical,2026,Hindi,0.37609373235629845,0.424635103653962,-14.558685256196826,0.1303173124750188,0.8285928158560564,0.8999731822678968,0.10196155309181137,0.3674124555756131,82.64425593849256,,100,75,U045,5,Sad
TRK0112,Golden Memories,Nova Heaven,Nova Sessions,Country,,English,,0.516946141836524,-8.080608302089118,0.07872383685826505,0.5738480877595257,0.0,0.1541481790819103,0.7841213937324781,111.51347269905312,195637,99,53,U148,4,Happy
TRK0210,Afterglow Stories,Urban Parade,Urban Nights,,2013,English,0.6915900994639217,0.866148677022207,-4.122841608758671,0.07209309265966336,0.08245992989422063,0.0,0.19742044040519502,0.8068276995096823,117.12153195816751,270078,73,31,U072,,Motivational
TRK0346,Velvet Paradise,Wild Stories,Wild Frequency,Jazz,2021,English,0.538614690099219,0.44219665596070884,-10.328131643942045,,0.41612430204314627,0.17703231299541325,,0.5710336350251407,114.98031185899859,216751,100,46,U023,3,Energetic
TRK0104,Falling Stories,Aurora Heights,Aurora Diaries,Jazz,2016,English,0.44681225060572427,0.30428766529040635,-9.884882585313319,0.0590404325813865,0.7209461351677944,0.19832315400306622,0.2442543225096861,0.37229571320268035,102.16710425629466,233711,36,31,U036,5,
TRK0326,Paper Hearts,Static Motion,Static Diaries,Classical,2019,Japanese,0.2621240544677043,0.09138904589495592,-14.632310935002181,,0.6503885166733496,0.9284406801412872,0.13529452629741207,0.3552812908878518,74.80240887960493,239721,94,27,U126,3,Calm
TRK0074,Afterglow Shadows,Urban Lines,Urban Frequency,Rock,2010,Spanish,0.4313805869300953,0.8456655505852365,-6.245879396177607,0.02072463708174836,0.031098887757320726,0.0,0.12843432599387403,0.9348239309699162,130.765071828263,267909,70,56,U069,4,Happy
TRK0334,Midnight Colours,Blue Circuit,Blue Diaries,K-Pop,2014,Korean,0.7213527127283091,0.8145648991765665,-7.6297359296728064,0.040326754288566455,0.12579314220064106,0.12124832176067372,0.061004068172332365,0.9517229382247088,117.9565881033663,238641,100,72,U023,5,
TRK0259,,Indigo Waves,Indigo Collection,Pop,2019,Hindi,0.7840785134252641,0.718821765121364,-7.961764675059078,0.022813375982758365,0.018537762820207096,0.04406700053696589,0.11811309144953548,0.8681763943593139,,219647,100,60,U003,5,Party
TRK0148,Sunday Rain,Velvet Parade,Velvet Frequency,Country,2026,English,0.5067914177191088,,,,0.37756757510057976,0.2027458141229706,0.13949889382832825,0.7236785152210713,121.66519978230573,301756,83,47,U033,4,Romantic
TRK0246,Falling Memories,Indigo Parade,Indigo Frequency,Hip-Hop,2011,English,,0.7206641419830236,-6.8623340480387025,0.18490634654809823,0.007356082669942657,,0.19164667207237612,0.6305913341891172,101.30326122078179,310252,77,26,U147,4,Motivational
TRK0002,Neon Waves,Echo Heaven,Echo Diaries,Pop,2024,Japanese,0.7015137636454739,0.6340947819150138,-5.730666047846122,0.06304617330690392,0.06107584395388762,0.0,0.1572616429887344,0.8629039093926958,120.31328262149312,252870,100,69,U081,5,Romantic
TRK0337,Ocean Paradise,Aurora Harbor,Aurora Sessions,Hip-Hop,2022,Spanish,0.6793932527048435,0.7762462462134004,-7.123713224494114,0.17655209294934998,0.09237072291810616,0.06093325465326305,0.13406256595699206,0.6876423177643098,95.0910098620933,258138,89,46,U053,4,Energetic
TRK0211,Falling Rain,Crimson Garden,Crimson Nights,Pop,2026,Japanese,0.8661799167547305,0.6603957869327228,-6.835223500767991,0.027557803403377476,0.07797595100993898,0.10501874283624439,0.1271274429172309,0.6883525801369106,106.88570395968881,194633,100,70,U078,4,Happy
TRK0172,Broken Lights,,Silver Stories,Rock,,French,0.44355715819357583,0.7730435386390737,-6.981424511673829,0.050324317716936656,0.053709218700253324,0.0,0.24459087287659437,0.7590504137374932,134.04104755976746,189890,85,55,U036,5,Happy
TRK0023,Falling Fire,Aurora Harbor,Aurora Sessions,Hip-Hop,2016,French,0.8599824246910295,0.6497273587947006,-7.460828759999391,0.3066654996446538,0.0,0.0,0.16416143342818354,0.8010529977957789,99.03731882640578,282526,100,31,U058,4,Romantic
TRK0254,Summer Echoes,Crimson Garden,,Pop,2014,English,0.8538196132938654,0.8281729744753916,-6.068266458042872,0.010075985797413263,0.0,0.07332520212137635,0.025817023144697387,0.8404632787252565,122.35579818662029,203596,67,35,U121,3,Party
TRK0183,Hidden Paradise,Lunar Heights,Lunar Diaries,Electronic,2022,Korean,0.7740957782694945,1.0,-6.5724754434969475,0.02550921746110489,0.0,0.35310246715580706,0.21736133008325284,0.8061382127205055,136.54218157498795,262006,100,42,U047,3,Happy
TRK0067,Distant Lights,Paper Riders,Paper Frequency,Classical,2018,English,0.20916668371733307,0.13396180154743675,-16.260464838384188,0.05939601974765521,0.7362545748057363,0.7340165675149569,0.10059539387062076,0.4370383640370838,81.40233856742273,207962,98,64,U127,4,Focus
TRK0299,Afterglow Lights,Indigo Waves,Indigo Collection,Pop,2012,,0.7814644048081822,0.8283303587054707,-6.245198817413489,0.04994441997760557,0.0,0.027058957541733795,0.12180391355864939,0.8767309273368145,136.77487776220872,279699,96,34,U147,3,Party
TRK0355,Paper Fire,Royal Sound,,R&B,2016,English,0.7241690885958164,0.5941028486711759,-9.672849921492633,0.10658066756344785,0.15828070937872898,0.0,0.16553632382221023,,121.83839453173924,225107,77,37,U094,3,Romantic
TRK0127,Electric Fire,Urban Parade,Urban Diaries,Pop,2021,English,0.6857847109267953,0.5648239028275313,-9.77882716635796,0.05822971445201193,0.11787080086001953,0.0,0.1175867594475757,0.8152596734541223,98.72429449393793,208947,98,33,U052,3,Happy
TRK0053,Velvet Dreams,Midnight Bloom,Midnight Frequency,Pop,2018,English,0.7213985221865292,0.7306421119411214,,0.0,0.15898021342801877,0.0,0.0190390605108412,0.8204883799577991,,215423,100,53,U029,4,Energetic
TRK0113,Ocean Rhythm,Paper Sound,Paper Frequency,Indie,2016,English,0.48993078162873227,0.5246238267584429,-8.41294590349164,0.08955293124654017,0.2073078237795332,0.0,0.00735900445856974,0.6682659253467892,105.9229108637243,224584,92,45,U010,4,
TRK0277,Neon Promises,Golden Theory,Golden Sessions,Rock,2007,English,0.5166336968934061,0.7468484700118985,-6.058597139783031,0.0002037877795454876,0.17943391542599751,0.16372686835549044,0.20906333807898297,0.46851841773717473,119.16837888085021,255379,,48,U007,5,Relaxing
TRK0218,Summer Lights,Crimson Signals,Crimson Frequency,Rock,2021,English,0.5525707983318722,0.9087885855648805,-5.497718548208321,0.04674144475262554,0.030108620141812516,0.0,0.21377492366993456,0.7252444775467085,133.79243552607176,196746,99,62,U091,5,Happy
TRK0281,Neon Roads,,Paper Diaries,Electronic,2026,English,0.8542604959235293,0.8525376246807856,-6.4972773372031325,0.08508284507371303,0.0,0.13896404990223882,0.08594866148283876,0.9804413135929296,115.21658655302235,226172,100,28,U041,3,Motivational
TRK0122,Distant Hearts,Urban Parade,Urban Nights,Pop,2019,Japanese,0.6393718179315315,0.5574210450995871,-6.958866833394563,0.09453954678851773,0.1362755190117013,0.1301446011740367,0.12615073459565093,0.8446858842510397,118.2920150815943,235026,80,26,U007,3,Romantic
TRK0282,Velvet Echoes,Velvet Lines,Velvet Diaries,K-Pop,2026,English,0.6597261987851413,,-5.090941511810036,0.030230677279735108,,0.030326276785038454,0.18922876721339243,1.0,128.1084134502337,222189,100,42,U084,,Happy
TRK0172,Broken Lights,Silver Hearts,Silver Stories,Rock,2014,French,0.44355715819357583,0.7730435386390737,-6.981424511673829,0.050324317716936656,0.053709218700253324,0.0,0.24459087287659437,0.7590504137374932,134.04104755976746,189890,85,26,U103,3,Happy
TRK0215,,Royal Heights,Royal Diaries,,2018,Hindi,0.6472632259340868,0.6854460829834439,-7.418383584577652,0.0,0.005700894417056748,0.17739073414808892,0.14693063202096637,0.6801654107029175,105.45885623796437,236325,100,45,U116,3,Energetic
TRK0245,Gravity Sky,Static Lines,Static Diaries,Indie,2012,English,0.6161600521843583,0.6321213150233576,-7.279291653604948,0.12752734475160765,0.3612409774159476,0.10482006065445633,0.2556103736325805,0.7846826053302078,113.91398100228058,234747,83,43,U068,3,Motivational
TRK0088,Distant Motion,Solar Circuit,Solar Stories,Rock,2022,English,0.45290718698421917,0.7296177717043025,-7.512978801656027,0.0,0.1361407285500787,0.045269194532348504,0.1592008606829204,0.3413013106465727,116.6657268180112,273824,70,76,U110,5,Sad
TRK0277,Neon Promises,Golden Theory,Golden Sessions,Rock,2007,English,0.5166336968934061,0.7468484700118985,-6.058597139783031,0.0002037877795454876,0.17943391542599751,0.16372686835549044,0.20906333807898297,0.46851841773717473,119.16837888085021,255379,,35,U029,4,Relaxing
TRK0036,Starlight Motion,Silver Hearts,Silver Frequency,Rock,2011,English,0.334517751474221,0.9038861868696506,-4.45080145731973,0.03863671995636659,0.12787909135954925,0.0,0.1090556637814267,0.6379847403383734,120.68122863162988,260942,100,59,U030,5,Party
TRK0316,Ocean Waves,Indigo Pulse,Indigo Stories,Rock,2016,English,0.6193519509610061,0.6981663089190868,-7.36464394815389,,0.10823540651913566,0.044792115340538216,0.39973673667787,0.5669849662934751,128.00425411910143,258104,80,36,U115,4,Focus
TRK0287,Hidden Roads,Echo Signals,Echo Sessions,R&B,2017,Hindi,0.6907989308907942,0.6915559733892898,-8.373154730139111,0.01843352350441113,0.1938491819951375,0.11191732451417631,0.17027431322652986,0.7829840672443317,100.28464387319944,211276,95,34,U134,3,Motivational
TRK0090,Distant Fire,Wild District,Wild Frequency,,2012,Korean,0.6259705955014987,0.700462440697253,-7.8503048755076845,0.0,0.1999186704873969,0.0,0.026266452094243317,0.711212611430093,126.507287984123,236571,40,28,U063,4,Energetic
TRK0144,Golden Memories,Silver Skies,Silver Stories,,2023,English,0.7821601313120972,0.7121876000983328,-6.726369660671997,0.01666669387604572,0.0,,0.14267931793905012,0.9780970782940765,130.75350053013395,290239,80,37,U038,3,Party
TRK0322,Distant Signals,Lunar Harbor,Lunar Diaries,Pop,2013,English,0.7323309404442458,0.660704085936643,-7.645994554894629,0.15889044030304866,0.0,0.058287113537147106,0.050363493399867384,0.9338588764663796,119.79801117845017,252139,68,33,U047,4,Happy
TRK0018,Sunday Rhythm,Echo Heaven,,Pop,2026,English,0.768014340339161,0.5549908462571129,-6.322101283358844,0.09044891521964633,0.0023580300076986443,0.0,0.13846020430495637,0.8332435108849815,113.48749320742824,236653,93,51,U026,5,Happy
TRK0346,Velvet Paradise,Wild Stories,Wild Frequency,Jazz,2021,,0.538614690099219,0.44219665596070884,-10.328131643942045,0.06523357255340027,0.41612430204314627,0.17703231299541325,0.25680265666131846,0.5710336350251407,114.98031185899859,216751,100,35,U108,3,Energetic
TRK0258,Ocean Dreams,Blue Stories,Blue Sessions,Country,2021,Hindi,0.4507518073217522,0.4881468791308773,-8.47300196876671,0.057875532384054636,0.6164362729217966,0.004806158962226262,0.23334429630857192,,116.25938584472834,200001,100,29,U052,3,Romantic
TRK0012,Summer Sun,Paper Sound,Paper Collection,Indie,2025,Hindi,0.7335755991995991,0.6548849991498713,-9.504707840614987,0.0,,0.3030172314108438,0.13743365507021796,0.6408464390279692,128.5148293251857,196976,77,29,U034,3,Happy
TRK0076,Neon Echoes,Neon Stories,Neon Diaries,Lo-Fi,2009,English,0.22151794645046802,0.27066498538554856,-11.755593201296177,0.004336337629393852,0.6501787358863441,,0.15327335002657105,0.6023411664551772,,198205,,46,U047,4,Relaxing
TRK0366,Velvet Stories,Silver Skies,Silver Collection,Pop,2026,English,0.5817238393907174,0.6856914652811356,-7.106937158852667,0.10888196317334037,0.1583903419074364,0.0,,,106.41154204762744,231592,100,55,U125,4,Party
TRK0073,Golden Waves,Paper Dream,Paper Sessions,Electronic,2012,English,0.7789361323381807,0.7058591581675298,-7.251859770994836,0.07644136839286954,0.07659343906735634,0.11356055416229377,0.2672245223420737,0.9187569613804677,120.08465444131492,262854,100,32,U030,3,Energetic
TRK0365,Neon Paradise,Solar Heights,Solar Diaries,Hip-Hop,2012,,0.7393400739432503,,-9.899811615513416,0.26557400890346455,0.030476881324385283,0.0,0.1626671970194792,0.6495650873135022,83.88248167073107,,82,58,U135,5,Happy
TRK0031,Broken Memories,Indigo Waves,Indigo Sessions,,2025,English,0.6913751266444308,0.7337006837988904,,0.11209962064593172,0.0,0.0,0.0,0.6718783922522282,129.41640809549463,268645,80,52,U108,5,
TRK0156,Broken Rhythm,Velvet Dream,Velvet Nights,Pop,2026,French,0.7699788104295798,,-7.5457557136237865,0.05048676316806156,0.0,0.0589037590433763,0.09339733564654629,0.5976222359819389,122.63716618801293,285920,100,65,U103,5,Focus
TRK0237,Electric Hearts,,Indigo Collection,R&B,2020,English,0.7196383020116754,0.5834281442962522,-6.42177692673047,0.11456735030105793,,0.0,0.1339300338170917,0.6124944703195264,98.14258022248843,227059,74,49,U005,4,Focus
TRK0124,Golden Hearts,Solar Theory,Solar Frequency,R&B,2021,English,0.6110013646132396,0.6119440280282565,-8.107926458829796,0.03999365565696096,0.029385481504190653,0.07945388603139601,0.0,0.7547588860018177,98.05449595839325,281423,81,31,U050,3,Romantic
TRK0121,Velvet Rain,Sapphire Riders,Sapphire Frequency,R&B,,English,0.6593302712174063,0.621754670494283,-5.958831968952131,0.03968397063904583,0.2523751288462215,0.0,0.14520912107600367,0.8943642003247797,105.9356682531527,241674,85,55,U048,5,Motivational
TRK0226,Afterglow Fire,Sapphire Garden,Sapphire Sessions,Electronic,2010,English,0.7749525927218578,0.7485004972599811,-7.633720803954731,0.02484640382338473,0.06241596171224914,0.10302902712168918,0.14749996224743026,0.8785151326196182,121.6411905930362,230159,89,62,U146,4,Motivational
TRK0100,Sunday Signals,Neon Harbor,Neon Sessions,,2001,English,0.607506215189234,,-9.8447035263667,0.0026153553277598954,0.4122279347167524,0.04951900453792894,0.1898148011606993,0.8478574243291017,99.47397431479283,264978,69,43,U096,4,Happy
TRK0276,Golden Roads,Neon Stories,Neon Frequency,Lo-Fi,2016,Hindi,0.27611845374790683,0.18146756409710907,-12.033566235818993,0.03379530149759937,0.6657166001649696,0.420497020979903,0.026887382365640783,0.40204380960067065,81.43170116874637,207481,99,53,U150,3,Melancholic
TRK0156,Broken Rhythm,Velvet Dream,,Pop,2026,French,0.7699788104295798,0.5613747641212603,-7.5457557136237865,0.05048676316806156,0.0,0.0589037590433763,0.09339733564654629,0.5976222359819389,122.63716618801293,285920,100,54,U104,4,Focus
TRK0386,Ocean Shadows,Crimson Hearts,Crimson Sessions,K-Pop,2018,,0.7879820265019124,1.0,-5.945918308415852,0.06040674676576747,0.1415331824381853,0.058111682658370724,0.23075350398479635,0.9213508267653437,123.01261433623174,180797,63,35,U140,4,Party
TRK0216,Paper Echoes,Midnight Skies,Midnight Frequency,Hip-Hop,2008,English,0.7265067962726393,0.7893050198931415,-7.869088918703911,0.24796722063794605,0.08048369300658617,0.022645037643071964,0.17831816351603097,0.6703689438303281,95.8470972740669,290168,92,40,U136,3,Party
TRK0103,Hidden Rhythm,Wild Circuit,Wild Diaries,Classical,2006,,0.2864525037992802,0.21377176715673216,-14.50540523473548,0.0,0.6518063751634017,0.7313995028806262,0.1859894568596106,0.3032615941608924,86.27828578198104,212996,66,48,U025,4,Relaxing
TRK0214,Ocean Fire,Static Bloom,Static Frequency,Jazz,2022,English,0.5161524652153847,,-9.760372608852055,0.10014717635427807,0.5047036984697552,0.24680807993051546,0.26574955644494597,0.39647695431125646,105.28053031180876,266852,89,53,U007,5,Energetic
TRK0258,Ocean Dreams,Blue Stories,Blue Sessions,Country,2021,Hindi,0.4507518073217522,0.4881468791308773,-8.47300196876671,0.057875532384054636,0.6164362729217966,0.004806158962226262,0.23334429630857192,0.8014609334729738,,200001,100,38,U146,4,Romantic
TRK0229,Neon Memories,Solar Theory,Solar Diaries,,2024,English,0.8199346930553539,0.6271010589627435,-8.736875650011106,0.09199190999144412,0.25052554901808954,0.02231049182624331,0.09522927080444062,0.7191887488137937,91.93167440843408,248947,63,54,U135,4,Romantic
TRK0343,Higher Roads,Royal Garden,Royal Diaries,Jazz,2021,Hindi,0.5189756561162653,0.4943777475673389,-11.830638804726155,0.05817950032495243,0.5835561705635799,0.39858715619201956,0.0,0.6091729121003809,,,100,48,U037,4,Energetic
TRK0131,Midnight Memories,Velvet Bloom,Velvet Sessions,Lo-Fi,2012,Korean,0.4748933910396658,0.4023907133676121,-11.369914059068874,0.09666016822006313,0.6222165833366194,,0.2992789575095571,0.5208150930332149,77.4800083326858,208450,58,60,U106,5,Calm
TRK0059,Sunday Fire,Royal Sound,Royal Collection,R&B,2021,English,0.5737571219860069,0.5268500967273972,-6.634800523480849,0.07821864407922957,0.4110700196330108,0.060915016645666474,0.1585625323816887,0.8665064465752664,101.65096838045831,201758,89,31,U091,3,
TRK0088,Distant Motion,Solar Circuit,Solar Stories,Rock,2022,English,0.45290718698421917,0.7296177717043025,-7.512978801656027,0.0,0.1361407285500787,0.045269194532348504,0.1592008606829204,0.3413013106465727,116.6657268180112,273824,70,36,U055,3,Sad
TRK0024,Afterglow Rhythm,Electric Pulse,Electric Diaries,Indie,2003,Japanese,0.5342300569043174,0.5982667542169522,-6.63373891551651,0.0,0.22304326808335176,0.0,0.09441045969822032,0.7244508474654144,120.16750405575644,245495,44,42,U027,4,Romantic
TRK0333,Velvet Echoes,,Velvet Sessions,Lo-Fi,2012,English,0.26439793101132103,0.3883126426371508,-11.046030335027721,0.08046539823149994,0.6892141840785073,0.3028090666622137,0.03557959028912039,0.4300135827240473,75.22279914553619,245218,84,41,U101,4,Melancholic
TRK0098,Golden Promises,Electric Pulse,Electric Sessions,Indie,2012,English,0.6252538418979592,0.6401899286437044,-7.7931092649547535,0.12099956922193487,0.23641783165826685,0.09814829654553492,0.2292882874363712,0.829235406386648,105.22873973489898,226458,100,58,U135,5,Motivational
TRK0243,Summer Stories,Golden Pulse,Golden Diaries,K-Pop,2020,Korean,0.7346162438874467,0.8606440839593326,-5.287792723901146,0.0947334992838893,0.031158739420100542,0.0,,0.8030747028608726,117.93360106817649,203565,97,78,U146,5,Happy
TRK0153,Midnight Stories,Aurora Circuit,Aurora Diaries,Indie,2002,English,0.7031875134289303,0.6805737891895045,-7.65958231402145,0.09539007601796776,0.3867764892221016,0.2404501676673238,0.214359657365289,0.8588848111937194,120.0789755090926,263166,66,39,U007,4,Party
TRK0194,Golden Paradise,Lunar Stories,Lunar Frequency,Hip-Hop,2024,English,0.8376807698865146,0.5809041460537996,-6.481582540184175,0.24797039235022636,0.13300246248846065,0.08130257615370738,0.08090613918241793,0.5231875346996698,92.2171288613433,256082,100,26,U087,3,Energetic
TRK0039,Slow Rhythm,Golden Heights,Golden Stories,Pop,2019,English,0.7671136293399929,0.663767696090173,-7.602662898388932,0.13131891879115035,0.0,0.0,,1.0,114.21436131775793,178021,87,55,U124,5,Romantic
TRK0280,Neon Shadows,Royal Riders,Royal Sessions,Indie,2019,English,0.5504783292879338,0.6347049167130754,-7.488823172418342,0.11757208426840368,,0.05147634048078456,0.20939612737719526,0.8557227696126306,118.44114585183277,228035,100,67,U017,5,Romantic
TRK0222,Ocean Motion,,Crimson Sessions,Lo-Fi,2013,English,0.4328550168512207,0.19954656589039954,-12.677668482518694,0.10013707560445709,0.6797882224725368,0.18337268946275492,0.001091241183454536,0.6306395672756933,79.47064640631496,209086,72,,U042,5,Focus
TRK0248,Distant Hearts,Sapphire Garden,Sapphire Frequency,Electronic,2024,English,0.8388735622881146,0.8358608237928283,-6.188490456168153,0.10785790178031868,0.0,0.057159222130313436,0.17270019785652535,0.8799316757830565,117.49506036278039,237607,95,39,U040,4,Energetic
TRK0073,Golden Waves,Paper Dream,Paper Sessions,Electronic,2012,English,0.7789361323381807,0.7058591581675298,-7.251859770994836,0.07644136839286954,0.07659343906735634,0.11356055416229377,0.2672245223420737,0.9187569613804677,120.08465444131492,262854,100,35,U012,2,Energetic
TRK0335,Midnight Rhythm,Static Parade,Static Frequency,Electronic,2013,English,0.7077877729771409,0.7890418484376899,-9.448335191837202,0.05066572934864353,0.0,0.1983759767397799,0.18466935653070282,0.7477620885463989,128.10531448946858,263144,68,43,U115,5,
TRK0036,Starlight Motion,Silver Hearts,Silver Frequency,Rock,2011,English,0.334517751474221,0.9038861868696506,-4.45080145731973,0.03863671995636659,0.12787909135954925,0.0,0.1090556637814267,0.6379847403383734,120.68122863162988,260942,100,35,U003,3,Party
TRK0171,Wild Hearts,Indigo Motion,Indigo Frequency,Indie,2025,English,0.5227148970165341,0.6361083502950367,-8.400700387806639,0.07580131115778253,0.2793108854695308,0.08196968541237563,0.21788631411742218,0.7701622965150224,108.68634648681913,208433,95,40,U009,4,Motivational
TRK0356,Gravity Hearts,Midnight Bloom,Midnight Collection,Pop,2016,English,0.8126376747833246,0.6537982853253361,-7.180192765719566,0.0057987960415999545,0.043308845814802314,0.0,0.11920964071274189,0.8922022185488249,128.8195749477698,262797,100,59,U081,4,Motivational
TRK0177,Falling Fire,Urban Bloom,Urban Sessions,Hip-Hop,2020,English,0.6936826249363235,0.6438186224948674,-8.781022605854742,0.284047860355674,0.07060353225379468,0.0,0.20659834247214126,0.6203261255841609,87.60527432132514,271620,77,61,U130,5,Romantic
TRK0304,Paper Promises,Paper Sound,Paper Collection,Indie,2021,,0.5087595126647839,0.6349822885262093,-7.860071068963618,0.0,0.5338561509202658,0.0,0.17936480906168004,0.6947364721605259,118.72982858652576,216165,100,31,U060,3,Motivational
TRK0124,Golden Hearts,Solar Theory,Solar Frequency,R&B,2021,English,0.6110013646132396,0.6119440280282565,-8.107926458829796,0.03999365565696096,0.029385481504190653,0.07945388603139601,0.0,0.7547588860018177,98.05449595839325,281423,81,39,U054,3,
TRK0210,Afterglow Stories,Urban Parade,Urban Nights,Pop,2013,English,0.6915900994639217,0.866148677022207,-4.122841608758671,0.07209309265966336,0.08245992989422063,,0.19742044040519502,0.8068276995096823,117.12153195816751,270078,73,43,U004,4,
TRK0182,Velvet Fire,Velvet Lines,Velvet Diaries,K-Pop,2018,Hindi,0.681574149108482,0.769139539849731,-7.224700019719344,0.18348488313266775,0.05873017822687042,0.18039623299234298,0.11630643684346181,0.9025260781886811,110.96618052458382,224812,93,47,U086,4,Energetic
TRK0076,Neon Echoes,Neon Stories,Neon Diaries,Lo-Fi,2009,English,0.22151794645046802,0.27066498538554856,-11.755593201296177,0.004336337629393852,0.6501787358863441,0.37207157720248296,0.15327335002657105,0.6023411664551772,91.47582143836757,,99,30,U078,3,Relaxing
TRK0267,Falling Promises,Blue Hearts,Blue Diaries,Indie,2023,Hindi,0.5210118668446194,0.48298570905082705,-6.425231733863422,0.08940449893339852,0.14177245080036432,0.0,0.14073580286497595,0.6175097755344411,103.6497279711473,300105,93,42,U119,4,Focus
TRK0167,Falling Fire,Sapphire Heaven,Sapphire Sessions,Hip-Hop,2026,English,,0.5735856386233139,-5.466341140176336,0.21919471325154208,0.06860581733043493,0.0,0.08389039851178358,0.6431682073185628,117.4697334252422,283517,78,46,U052,5,Romantic
TRK0299,Afterglow Lights,Indigo Waves,Indigo Collection,Pop,2012,,0.7814644048081822,0.8283303587054707,-6.245198817413489,0.04994441997760557,0.0,0.027058957541733795,0.12180391355864939,0.8767309273368145,136.77487776220872,279699,96,34,U147,3,Party
TRK0180,Falling Motion,Urban Parade,,Pop,2026,English,0.6906596908936026,0.6807758135702193,-6.785077201224383,0.14200212765938236,0.14055364479529636,0.10665826778344378,0.201848907634912,0.6910480925679444,123.75053234334564,228465,51,31,U101,3,Motivational
TRK0360,Broken Hearts,Crimson Signals,Crimson Frequency,Rock,2021,English,0.4851397854317092,0.7917747507211181,-6.479237155809347,0.056094169336048855,0.2767970295374481,0.043708325100664636,0.19368284531379665,0.5700589443162052,133.30966979260202,279581,100,62,U068,5,Romantic
TRK0239,Silent Colours,Echo Garden,Echo Sessions,Hip-Hop,2026,English,0.7124250880687383,0.5892681888011877,-10.176506032067662,0.22901510766650543,0.0376512750277131,0.0,0.16549626777833598,0.7248747731558538,100.62368889552103,229319,76,44,U024,4,
TRK0216,Paper Echoes,Midnight Skies,Midnight Frequency,Hip-Hop,,English,0.7265067962726393,0.7893050198931415,-7.869088918703911,0.24796722063794605,0.08048369300658617,0.022645037643071964,0.17831816351603097,0.6703689438303281,95.8470972740669,290168,92,57,U116,4,
TRK0199,Ocean Colours,Crimson Harbor,Crimson Sessions,Lo-Fi,2015,English,0.3852540571520481,0.4518006682090442,-12.656475784392704,0.024815661065222143,0.6365287900846464,0.2044346462997688,0.13313636700113166,0.6477984029938024,80.05331273758598,243096,32,12,U135,2,Romantic
TRK0180,Falling Motion,Urban Parade,Urban Nights,Pop,2026,English,0.6906596908936026,0.6807758135702193,-6.785077201224383,0.14200212765938236,0.14055364479529636,0.10665826778344378,0.201848907634912,0.6910480925679444,123.75053234334564,228465,51,30,U098,,Motivational
TRK0120,Wild Lights,Solar Heights,Solar Frequency,Hip-Hop,2013,English,0.6575471087086994,0.7761124330937934,-8.374898603799856,0.2271135238860671,0.0,0.0464320659381916,0.10516569497012018,0.6667185973766202,98.95264576218302,216499,87,45,U081,4,Party
TRK0196,Electric Stories,Crimson Garden,Crimson Collection,Pop,2015,English,0.7520449513846037,0.7998906917363736,-7.358342570228901,0.07185427300517289,0.07786154903117141,0.09820096906709562,0.048237456388907696,0.9558730147234602,123.22899055340895,196690,100,47,U031,4,Happy
TRK0355,Paper Fire,Royal Sound,Royal Frequency,R&B,2016,English,0.7241690885958164,0.5941028486711759,-9.672849921492633,0.10658066756344785,0.15828070937872898,0.0,0.16553632382221023,0.8398357510950225,121.83839453173924,225107,77,27,U077,3,Romantic
TRK0036,Starlight Motion,Silver Hearts,Silver Frequency,Rock,2011,English,0.334517751474221,0.9038861868696506,-4.45080145731973,0.03863671995636659,0.12787909135954925,0.0,0.1090556637814267,0.6379847403383734,120.68122863162988,,100,45,U075,4,Party
TRK0091,Falling Signals,Indigo Waves,Indigo Diaries,,2007,English,,0.7831443677348033,-6.07459120857588,0.07515629966607452,,0.1096626560016086,0.06333595767750635,0.9522497502409132,108.26314138093774,,83,61,U023,4,Energetic
TRK0229,Neon Memories,Solar Theory,Solar Diaries,R&B,2024,English,0.8199346930553539,0.6271010589627435,-8.736875650011106,0.09199190999144412,0.25052554901808954,0.02231049182624331,0.09522927080444062,0.7191887488137937,91.93167440843408,248947,63,51,U072,4,Romantic
TRK0281,Neon Roads,Paper Dream,Paper Diaries,Electronic,2026,English,0.8542604959235293,0.8525376246807856,-6.4972773372031325,0.08508284507371303,0.0,0.13896404990223882,0.08594866148283876,0.9804413135929296,115.21658655302235,226172,100,44,U106,4,Motivational
TRK0030,Afterglow Lights,Wild Circuit,Wild Sessions,Classical,2025,English,0.25063390623622683,0.5039491119526817,-13.030456972991626,0.09449465279727777,0.7286781243829991,0.8509455219712795,0.0960251763925116,0.373431896064913,79.27337750548686,242839,69,33,U043,3,Melancholic
TRK0381,Velvet Shadows,Wild Circuit,Wild Sessions,Classical,2014,Japanese,0.246687394063799,0.22555387145053618,-12.661496690920478,0.09980297098015173,0.8784717815167117,0.7225381784281554,0.06533259658644411,0.5513910996459916,83.26242560775822,218258,87,,U039,4,Focus
TRK0290,Slow Sky,Paper Sound,Paper Frequency,Indie,2009,English,0.4051481970516476,0.6342628152950959,-7.796823602286155,0.07273703821697468,0.2009386383282416,0.278588676120838,0.10738043642982495,0.684471612891686,123.34901951485341,205402,64,46,U068,4,Happy
TRK0189,Broken Paradise,Neon Waves,Neon Stories,Pop,2024,Korean,0.6534938279638377,0.7677373840137277,-7.737758600123308,0.152179420610806,0.0,0.15284788107917308,0.07404597252268932,1.0,123.74662659102579,207487,88,61,U077,5,Party
TRK0351,Falling Promises,Royal Heights,Royal Sessions,Pop,2020,English,0.8348495298580351,0.6501977227180674,-6.863115499785232,0.031847580352517287,0.08315156943847524,0.060494293848697,0.0,1.0,121.78423525995082,219690,100,45,U130,3,Motivational
TRK0215,,Royal Heights,Royal Diaries,Pop,2018,Hindi,0.6472632259340868,0.6854460829834439,-7.418383584577652,0.0,0.005700894417056748,0.17739073414808892,0.14693063202096637,0.6801654107029175,105.45885623796437,236325,100,56,U056,,Energetic
TRK0006,Broken Shadows,Velvet Dream,Velvet Stories,Pop,2009,Japanese,0.6730597659797276,0.6893894121804237,-6.454935772771638,0.09009390292134749,0.16381178143562777,0.026532629692620418,0.09036911815690923,0.8078321674210557,104.34216571104211,191235,55,33,U004,2,Energetic
TRK0382,Gravity Echoes,Echo Signals,Echo Sessions,R&B,2009,English,0.5785610346949284,0.5036180139503191,-9.024866051125407,0.12147037920457618,0.15736357546214824,0.0,0.13360881943274716,0.5810341394121441,103.68469595192606,273843,71,43,U104,5,Energetic
TRK0118,,Aurora Heights,Aurora Frequency,Jazz,2010,Hindi,0.30784954694513617,0.4835715858228656,-9.90540776138215,0.0263422101300905,0.40365990247098704,0.23864355613693455,0.290635764060097,0.6035733710919362,95.05028471633462,221030,57,45,U019,5,
TRK0115,Neon Memories,Indigo Waves,Indigo Stories,Pop,2024,English,0.6583807260009306,0.5771022882350313,-8.646060430646314,0.0,0.1837306043133492,0.21926451463961202,0.2197730260429214,0.6231481738496301,121.95537169597507,282751,83,44,U098,4,Romantic
TRK0157,Wild City,Golden Parade,Golden Frequency,,2026,English,0.3558462397770199,0.31458259673359795,-11.488832836649491,,0.6891861543540457,0.5462177980333435,0.15479553160605541,0.6111003550568717,83.38205679203361,227319,96,67,U019,4,Calm
TRK0112,Golden Memories,Nova Heaven,Nova Sessions,Country,2023,English,0.6344558411983979,0.516946141836524,-8.080608302089118,0.07872383685826505,0.5738480877595257,0.0,0.1541481790819103,0.7841213937324781,111.51347269905312,195637,99,65,U101,5,Happy
TRK0306,Midnight Rhythm,Indigo Pulse,Indigo Collection,Rock,2023,Spanish,0.3388462745423815,0.9354104200511719,-5.4318838002915335,0.031134170449702812,0.0,0.0,0.10665993647206827,0.781377934100168,123.517147071917,274993,83,28,U062,2,Happy
TRK0150,Broken Lights,Sapphire Signals,Sapphire Diaries,Indie,2023,Spanish,0.5264912846623288,0.5503381802418778,-7.699628453412719,0.01275870916694024,0.31290601956947317,0.12024987869379078,0.21971570793755807,0.5966744428383599,100.5159970073828,173975,66,44,U074,4,Energetic
TRK0218,Summer Lights,Crimson Signals,Crimson Frequency,Rock,2021,English,0.5525707983318722,0.9087885855648805,-5.497718548208321,0.04674144475262554,0.030108620141812516,0.0,0.21377492366993456,0.7252444775467085,133.79243552607176,196746,99,45,U116,3,Happy
TRK0067,Distant Lights,Paper Riders,Paper Frequency,Classical,2018,English,0.20916668371733307,0.13396180154743675,-16.260464838384188,0.05939601974765521,0.7362545748057363,0.7340165675149569,0.10059539387062076,0.4370383640370838,81.40233856742273,207962,98,,U096,3,Focus
TRK0256,Silent Signals,Nova Riders,Nova Diaries,K-Pop,2012,,0.860320586961775,0.8990544948402247,-5.411289485417474,0.0348507174337242,0.17986647979320042,0.0,0.1498300758705452,0.7184217119348768,,247487,67,49,U104,5,Motivational
TRK0338,Higher Hearts,Electric Pulse,Electric Frequency,Indie,2002,English,0.4587789976253233,0.5816260232969395,-7.809936060181718,0.0771058777501634,0.22980318582076134,0.09646415676800703,0.26691962945514247,0.8534064419773466,123.62297510166971,247352,52,41,U017,4,Romantic
TRK0157,Wild City,Golden Parade,Golden Frequency,Lo-Fi,2026,English,0.3558462397770199,0.31458259673359795,-11.488832836649491,,0.6891861543540457,0.5462177980333435,0.15479553160605541,0.6111003550568717,83.38205679203361,227319,96,49,U035,5,Calm
TRK0220,Distant Rhythm,Silver Skies,Silver Frequency,Pop,2026,English,0.865817080747911,,-5.904380339320048,,0.2376762062457382,,0.11727629756496477,0.9101229955168066,112.51753459426095,217892,92,39,U107,4,Motivational
TRK0381,Velvet Shadows,Wild Circuit,Wild Sessions,,2014,Japanese,0.246687394063799,0.22555387145053618,-12.661496690920478,0.09980297098015173,0.8784717815167117,0.7225381784281554,0.06533259658644411,0.5513910996459916,83.26242560775822,218258,87,28,U005,3,Focus
TRK0228,Paper Echoes,Solar Circuit,Solar Stories,Rock,2022,,0.4425204925209917,0.8170196475184932,-6.744387374661235,0.028039104429712948,0.2564025901096481,0.0,0.1568143668643547,0.4896680060351533,121.89440091643942,181485,95,38,U048,3,Energetic
TRK0197,Velvet Promises,Midnight Dream,Midnight Diaries,Lo-Fi,2018,Japanese,0.2655879548832475,0.2968543726689101,-12.779811451269245,0.0,0.6381028068828634,0.37536880947441514,0.008306971726649681,0.3911312290714093,93.73178105499618,196019,91,53,U047,4,Focus
TRK0122,Distant Hearts,Urban Parade,Urban Nights,Pop,2019,Japanese,0.6393718179315315,0.5574210450995871,-6.958866833394563,0.09453954678851773,0.1362755190117013,0.1301446011740367,,0.8446858842510397,118.2920150815943,235026,80,53,U081,5,Romantic
TRK0009,Afterglow Sky,Lunar Heights,Lunar Stories,Electronic,2016,English,0.6784420918792459,0.832826769240329,-5.485767810805756,0.1498528901261304,0.2914470342918935,0.190585646756789,0.0907323315977695,0.5568548743257469,126.18409323735563,209614,,46,U071,4,Romantic
TRK0279,Slow Echoes,Sapphire Signals,Sapphire Sessions,Indie,2018,Hindi,0.597889171170518,,-7.478087806495166,0.04538363242061392,0.504744242173093,0.16161173712947544,0.18063713101351744,0.7824878753621336,119.83473487506623,203692,45,8,U006,3,Motivational
TRK0063,Broken Echoes,Sapphire Dream,,Pop,2016,Japanese,0.7819701965482478,0.7460813316444053,-6.4824985602936405,,0.1520837070028952,0.0,0.09448932234148771,0.5964547530961565,,237570,,45,U146,4,Relaxing
TRK0156,Broken Rhythm,Velvet Dream,Velvet Nights,Pop,2026,French,0.7699788104295798,0.5613747641212603,-7.5457557136237865,0.05048676316806156,0.0,0.0589037590433763,0.09339733564654629,0.5976222359819389,122.63716618801293,285920,100,33,U064,4,Focus
TRK0258,Ocean Dreams,Blue Stories,Blue Sessions,Country,2021,Hindi,0.4507518073217522,0.4881468791308773,-8.47300196876671,0.057875532384054636,0.6164362729217966,0.004806158962226262,0.23334429630857192,0.8014609334729738,116.25938584472834,200001,100,29,U087,4,Romantic
TRK0124,Golden Hearts,Solar Theory,Solar Frequency,,2021,English,0.6110013646132396,0.6119440280282565,-8.107926458829796,0.03999365565696096,0.029385481504190653,0.07945388603139601,0.0,0.7547588860018177,,281423,81,33,U150,3,Romantic
TRK0104,Falling Stories,Aurora Heights,Aurora Diaries,Jazz,2016,English,0.44681225060572427,0.30428766529040635,-9.884882585313319,0.0590404325813865,0.7209461351677944,0.19832315400306622,0.2442543225096861,0.37229571320268035,102.16710425629466,233711,36,18,U124,4,Melancholic
TRK0287,Hidden Roads,Echo Signals,Echo Sessions,R&B,2017,Hindi,0.6907989308907942,0.6915559733892898,-8.373154730139111,0.01843352350441113,0.1938491819951375,0.11191732451417631,0.17027431322652986,0.7829840672443317,100.28464387319944,211276,95,41,U079,4,Motivational
TRK0284,Paper Paradise,Sapphire Riders,Sapphire Frequency,R&B,2019,English,0.59553720668084,0.6856547922432635,-7.290827047244499,0.07983717696359884,0.18227072963433938,0.029844820813237572,0.06926863439157083,0.7332028708476079,98.01672784518995,207028,,32,U143,3,Party
TRK0279,Slow Echoes,Sapphire Signals,Sapphire Sessions,Indie,2018,,0.597889171170518,0.6622660584995631,-7.478087806495166,0.04538363242061392,0.504744242173093,0.16161173712947544,0.18063713101351744,0.7824878753621336,119.83473487506623,203692,45,16,U132,3,Motivational
TRK0266,Hidden Fire,Crimson Garden,Crimson Frequency,Pop,2007,French,0.6449302063495839,0.757187067967636,-7.263571936621392,0.04984601147005928,0.2846068033850083,0.08370693005737223,0.1437296157332378,0.7696747053149479,,165765,91,60,U026,4,Happy
TRK0165,Paper Rain,Nova Heaven,Nova Frequency,Country,2024,English,0.5845630314343885,0.6190314377872316,-9.617284513014354,0.07857446591004755,0.2945118020296121,0.1229888795931843,,0.7516848696181704,111.17576709511268,248392,43,14,U048,3,Happy
TRK0031,Broken Memories,Indigo Waves,Indigo Sessions,Pop,2025,English,0.6913751266444308,0.7337006837988904,-7.269305615259024,0.11209962064593172,0.0,0.0,0.0,0.6718783922522282,129.41640809549463,268645,80,58,U118,5,Party
TRK0221,Distant Echoes,Indigo Pulse,Indigo Collection,Rock,2024,Spanish,0.4098655850236158,0.8338046676909375,-6.477234566482271,0.06477232829364638,0.03718571575598459,0.0,0.263645242021662,0.6725637153477547,144.38394162219186,240924,74,23,U109,4,Energetic
TRK0091,Falling Signals,Indigo Waves,Indigo Diaries,Pop,2007,English,0.8905852680544564,0.7831443677348033,-6.07459120857588,0.07515629966607452,0.11901702973755005,0.1096626560016086,0.06333595767750635,0.9522497502409132,108.26314138093774,248722,83,44,U059,4,Energetic
TRK0316,Ocean Waves,Indigo Pulse,Indigo Stories,Rock,2016,English,0.6193519509610061,0.6981663089190868,-7.36464394815389,0.019892969412178,0.10823540651913566,0.044792115340538216,0.39973673667787,0.5669849662934751,128.00425411910143,258104,80,42,U022,3,
TRK0261,Golden Colours,Electric Waves,Electric Frequency,Electronic,2009,English,0.8194599421370541,1.0,-5.517530000822723,0.04258965522069363,0.056618396685028424,0.1017119761098282,0.13352003478450555,0.7383752196951652,137.81759075397085,157896,91,42,U146,3,Party
TRK0294,Wild Promises,Electric Lines,Electric Diaries,Classical,2017,English,0.2674819327020807,0.06219661186666178,-12.366358595990596,0.02337202589094491,0.8305986685206992,0.6652497326986675,0.06702998171255248,0.26791485433401435,90.6407392940683,208794,86,48,U050,4,Focus
TRK0329,Higher Sky,Solar Stories,Solar Diaries,Pop,2011,English,0.8804409996035354,0.6120761915104123,-9.206409777404991,0.0327150630954879,,0.09560367379171067,0.1506213904403073,0.9653633800767693,102.57645811878474,,79,36,U146,4,Romantic
TRK0098,Golden Promises,Electric Pulse,Electric Sessions,Indie,2012,English,0.6252538418979592,0.6401899286437044,-7.7931092649547535,0.12099956922193487,0.23641783165826685,,0.2292882874363712,0.829235406386648,105.22873973489898,226458,100,55,U018,4,Motivational
TRK0396,Slow Colours,Royal Heaven,Royal Sessions,Electronic,2017,English,0.7030869782256146,0.9017189063858078,-6.788584533862755,0.01073866258361078,0.0,0.13180097531291235,0.021910704306431522,0.8200602286657633,132.0196230705732,254439,100,45,U063,2,Party
TRK0226,Afterglow Fire,Sapphire Garden,Sapphire Sessions,Electronic,2010,English,0.7749525927218578,0.7485004972599811,-7.633720803954731,0.02484640382338473,0.06241596171224914,0.10302902712168918,0.14749996224743026,0.8785151326196182,121.6411905930362,230159,89,31,U124,3,Motivational
TRK0005,Golden Waves,Royal Heights,Royal Diaries,Pop,2014,Spanish,0.7008695675118385,0.5804056227775467,-8.718727788471536,0.028624647129927495,0.1600673996720708,0.050249313574263606,0.16833397478474377,,117.4744018702769,257617,77,45,U056,5,Happy
TRK0020,Gravity Dreams,Urban Bloom,Urban Collection,Hip-Hop,2021,English,0.8038993158738299,0.8054937648801928,-7.1994038496010715,,0.0,0.12895839345948532,0.0675187463819594,0.8030758320588216,99.75719801316163,277479,100,58,U059,5,Motivational
TRK0259,Midnight Stories,Indigo Waves,,Pop,2019,Hindi,0.7840785134252641,,-7.961764675059078,0.022813375982758365,0.018537762820207096,0.04406700053696589,0.11811309144953548,0.8681763943593139,122.28883154518934,219647,100,45,U069,4,Party
TRK0292,Hidden Shadows,Neon District,Neon Frequency,K-Pop,2015,Korean,0.6749792624860942,0.806929720281435,-6.297646873759345,0.009947782153876247,0.0,0.02119110162486314,0.2686839999080875,0.9454101628353441,108.29886720306446,140464,99,,U115,3,Energetic
TRK0094,Golden Waves,Solar Stories,Solar Stories,Pop,2016,Korean,0.7817281580492258,0.7654144600780781,-6.432486735577432,0.11416658871886522,0.0,0.2208755386185139,0.05284005728006923,0.932763346965809,105.48243534586436,210231,100,43,U011,3,Energetic
TRK0123,Velvet Hearts,Sapphire Riders,Sapphire Sessions,R&B,2021,English,0.5495208452389672,,-7.915269727759565,0.05000810071529258,0.28656786092893005,0.1112243432525084,0.041482060563646006,0.9070993104047592,108.25919776023672,235375,100,51,U119,4,Motivational
TRK0335,,Static Parade,Static Frequency,Electronic,2013,English,0.7077877729771409,0.7890418484376899,-9.448335191837202,0.05066572934864353,0.0,0.1983759767397799,0.18466935653070282,0.7477620885463989,128.10531448946858,263144,68,37,U063,5,Happy
TRK0277,Neon Promises,Golden Theory,Golden Sessions,Rock,2007,English,0.5166336968934061,0.7468484700118985,,0.0002037877795454876,0.17943391542599751,0.16372686835549044,0.20906333807898297,0.46851841773717473,119.16837888085021,255379,68,31,U107,4,Relaxing
TRK0046,Gravity Stories,Silver Skies,Silver Stories,Pop,2006,French,0.8201745397651508,0.8319388933348619,,0.0,0.09007081490053666,0.1220909041251066,0.24583161657040203,0.911201901844421,117.00534982733737,210068,77,51,U096,4,Party
TRK0201,Wild Fire,Static Parade,Static Diaries,Electronic,2025,French,0.677149575905873,0.7847444687995999,-6.302953577936942,0.037736320626342953,0.061226014343580396,0.06782321306795128,0.20342606757519505,0.8534787416652042,122.83378259433051,224957,98,46,U103,4,Party
TRK0121,Velvet Rain,Sapphire Riders,Sapphire Frequency,R&B,2023,English,0.6593302712174063,0.621754670494283,,0.03968397063904583,0.2523751288462215,0.0,,0.8943642003247797,105.9356682531527,241674,85,40,U053,4,Motivational
TRK0339,Midnight Sun,Royal Heights,Royal Nights,Pop,2013,English,0.7364147360076424,0.7262687122363578,-6.328726605938629,0.04393622569637953,0.0,0.18247850398997947,0.2942477918316351,0.8902129177768145,107.80209392570448,215257,92,44,U123,3,Motivational
TRK0308,Neon Paradise,Royal Riders,Royal Frequency,Indie,2005,English,0.7172387434143576,0.7156516974997185,-9.112201110597413,0.049865016043825726,0.4360725023201662,0.16552731106107718,0.16037561673284348,0.8132149677184671,111.88907566088601,,73,55,U014,5,Energetic
TRK0022,Paper Sky,Blue District,Blue Sessions,Classical,2026,English,0.19088965748088943,0.3084039834216243,-15.782701329079858,0.0964177071624079,0.779827183259471,0.8826411169102876,0.06003394369347438,0.4508749884753946,91.12383219923667,235754,90,22,U063,2,Focus
TRK0132,Hidden Dreams,Echo Riders,Echo Diaries,Rock,2023,French,0.3724427713856984,0.813297450492768,-5.498956506881819,0.06496395408939384,0.021458933031135094,0.1098943775122529,0.13792973510330558,0.6169369120465678,120.34783355961551,281315,98,29,U077,4,Focus
TRK0228,Paper Echoes,Solar Circuit,Solar Stories,Rock,2022,English,0.4425204925209917,0.8170196475184932,-6.744387374661235,0.028039104429712948,0.2564025901096481,0.0,0.1568143668643547,0.4896680060351533,121.89440091643942,181485,95,61,U061,5,Energetic
TRK0061,Hidden Waves,Wild District,Wild Sessions,Indie,2020,English,0.43957309019092505,0.5946868864973889,-8.579083051872368,0.02827444285739099,0.435693134562286,0.27149676452365157,0.2756059038220251,0.7919908745733164,115.04242984441936,244751,100,40,U042,4,Motivational
TRK0153,Midnight Stories,Aurora Circuit,Aurora Diaries,Indie,2002,English,0.7031875134289303,0.6805737891895045,-7.65958231402145,0.09539007601796776,,0.2404501676673238,0.214359657365289,0.8588848111937194,120.0789755090926,263166,66,27,U121,3,Party
TRK0171,Wild Hearts,Indigo Motion,Indigo Frequency ,Indie,2025,English,0.5227148970165341,0.6361083502950367,-8.400700387806639,0.07580131115778253,0.2793108854695308,0.08196968541237563,0.21788631411742218,0.7701622965150224,108.68634648681913,208433,95,53,U069,4,
TRK0209,Paper Shadows,Lunar Circuit,Lunar Sessions,R&B,2026,Spanish,0.6784665005192664,0.712904721892063,-8.895414890373532,,0.20197718118962601,,0.16675671817808185,0.9430332900428288,109.73363012176179,185608,100,49,U026,4,Motivational
TRK0296,Falling Shadows,Golden Heights,Golden Sessions,Pop,2024,French,0.7830612362483332,0.6493851912959683,-7.1223846272273095,0.05553958614832394,0.08195480069500877,0.23190826976548218,0.0,0.8065350336723476,126.93476912700878,191862,84,35,U037,4,Happy
TRK0037,Gravity Memories,Sapphire Signals,Sapphire Collection,Indie,2026,English,0.6049036122306941,0.7701427996308533,-9.67168257892256,0.0,0.28522220339821375,0.056463379054280276,0.20688209014275513,0.7233675063392037,104.35244551732578,252214,84,59,U058,5,Happy
TRK0143,Silent Sky,Echo Riders,Echo Sessions,Rock,2019,Japanese,0.4308459173842834,0.8153309946120195,-2.89308394572523,0.0875536496316076,0.20711014123288957,0.14510470327862451,0.29356235006965353,0.6457579142296029,111.49187445777794,230858,97,47,U061,5,Motivational
TRK0167,Falling Fire,Sapphire Heaven,Sapphire Sessions,Hip-Hop,2026,English,0.6430389997521173,0.5735856386233139,-5.466341140176336,0.21919471325154208,0.06860581733043493,0.0,0.08389039851178358,0.6431682073185628,117.4697334252422,283517,78,43,U104,4,
TRK0270,Neon Rhythm,Paper Riders,Paper Diaries,Classical,2026,Hindi,0.32653425361362853,0.16117810217003548,-15.161280636909915,0.0,0.8334119971021757,0.8204063938852227,0.002664129645858368,0.33786709745122984,68.4147728468003,225797,57,38,U085,4,Focus
TRK0250,Slow Lights,Neon District,Neon Diaries,K-Pop,2023,Hindi,0.7661610346189476,0.7326582622939095,-8.023983463059329,0.10483797033375195,0.0,0.07503451014048883,0.18723981243840387,0.9331958902392797,119.23258055890018,258078,99,32,U123,3,Happy
TRK0379,Slow Sky,Nova Heaven,Nova Diaries,,2026,English,0.6726071970153532,0.5497279045295622,-9.541421868686225,0.09459054627094601,0.513421111804245,0.0822087010768228,0.22328053848644241,0.682871159322255,111.47897754619231,211126,100,40,U015,4,Happy
TRK0271,Ocean Waves,Aurora Skies,Aurora Sessions,Pop,2026,English,,0.7630534519991411,-8.488036301136791,0.026688732834351164,0.12174783896761407,,0.11739874505462819,0.7156615848796087,119.75625822121323,203686,100,58,U147,4,Energetic
TRK0097,Wild Signals,Echo Riders,Echo Frequency,Rock,2018,English,0.2585812628956997,0.7957607079060671,-4.845171469936627,0.04311383557072041,0.15952896465391603,0.0,,0.4695430181518808,108.88166415124002,267775,61,55,U075,5,Romantic
TRK0004,Paper Waves,Static Motion,Static Diaries,Classical,2022,English,0.21803287836426988,0.21967468070471585,-14.917629375777864,0.01761859869479923,0.9031331694388737,0.723730205374563,0.16777948482140367,0.1607650850413355,78.56603997068453,231661,86,44,U007,4,Focus
TRK0077,Distant Sun,Electric Pulse,Electric Collection,Indie,2015,English,0.5628435489783652,0.4553663960670865,-7.473141728787413,0.11825566957126617,0.28566493354228056,0.13876356760615519,0.0992225934594417,0.5910913504856832,120.02645357192927,234481,100,41,U009,3,Relaxing
TRK0333,Velvet Echoes,Velvet Bloom,Velvet Sessions,Lo-Fi,2012,English,0.26439793101132103,,-11.046030335027721,0.08046539823149994,0.6892141840785073,0.3028090666622137,0.03557959028912039,0.4300135827240473,75.22279914553619,245218,84,57,U045,5,Melancholic
TRK0036,Starlight Motion,Silver Hearts,Silver Frequency,Rock,2011,English,0.334517751474221,0.9038861868696506,-4.45080145731973,0.03863671995636659,0.12787909135954925,0.0,0.1090556637814267,0.6379847403383734,120.68122863162988,260942,100,37,U096,2,Party
TRK0261,Golden Colours,Electric Waves,Electric Frequency,Electronic,2009,English,,1.0,,0.04258965522069363,0.056618396685028424,0.1017119761098282,0.13352003478450555,0.7383752196951652,137.81759075397085,157896,91,48,U126,3,Party
TRK0221,Distant Echoes,Indigo Pulse,Indigo Collection,Rock,2024,Spanish,0.4098655850236158,0.8338046676909375,,0.06477232829364638,0.03718571575598459,0.0,0.263645242021662,0.6725637153477547,144.38394162219186,240924,74,33,U077,4,Energetic
TRK0075,Higher Shadows,Velvet Dream,Velvet Sessions,,2008,English,0.49502162220483925,0.5361730978643806,-5.901533891148901,0.06800037245330406,0.24471560448839175,0.08556981813892672,0.17477911780006114,0.6743439866084442,119.73420410150707,259648,63,58,U029,5,Motivational
TRK0038,Electric Rhythm,Golden Pulse,Golden Sessions,K-Pop,2023,Korean,0.5914402682615192,0.8062831666589225,-7.622320162032512,0.09058742502147185,0.0,0.06463221475430637,0.07353807669848392,0.7305113373286172,127.80480859174303,247732,80,51,U086,4,
TRK0161,Distant Hearts,Static Lines,Static Frequency,Indie,2017,Spanish,0.4813759889483402,0.5703323424985856,-8.282615539962201,0.10130942655215311,0.4723026217312898,0.09430932233722819,0.13502327992974317,0.7200862964112761,110.87347754606269,251751,82,52,U121,4,Romantic
TRK0306,Midnight Rhythm,Indigo Pulse,Indigo Collection,Rock,2023,Spanish,,0.9354104200511719,-5.4318838002915335,0.031134170449702812,0.0,0.0,0.10665993647206827,0.781377934100168,123.517147071917,274993,83,51,U137,4,Happy
TRK0329,Higher Sky,Solar Stories,Solar Diaries,Pop,2011,,0.8804409996035354,0.6120761915104123,-9.206409777404991,0.0327150630954879,0.1352819172763498,,0.1506213904403073,0.9653633800767693,102.57645811878474,275997,79,50,U005,4,Romantic
TRK0028,Starlight Echoes,Urban Parade,Urban Collection,Pop,2026,English,0.5723142183154268,0.7591285720703351,-7.2204000903057,0.12015666000598196,0.12724228266980683,0.01961047524664619,0.14441431258324067,1.0,135.50277281348505,240311,100,41,U066,4,Energetic
TRK0119,Paper Lights,Electric Bloom,Electric Frequency,Country,2017,English,0.5022725815990722,0.49092244973060745,-10.496774733226783,0.044267208687866905,,0.0,0.1434226470406279,0.5071869530819308,,206434,65,47,U007,,Energetic
TRK0348,Sunday Fire,Sapphire Riders,Sapphire Diaries,R&B,2022,English,0.5905065556183671,0.6155452105257381,-6.797987922188337,0.11938236654114931,0.19280809170024735,0.0,0.1907027269878409,0.3724811303288982,104.99594382880724,319358,57,22,U022,3,
TRK0271,Ocean Waves,Aurora Skies,Aurora Sessions,Pop,2026,English,0.6777085744177497,0.7630534519991411,-8.488036301136791,0.026688732834351164,0.12174783896761407,0.0,0.11739874505462819,0.7156615848796087,119.75625822121323,203686,100,42,U038,4,Energetic
TRK0250,Slow Lights,Neon District,Neon Diaries,K-Pop,2023,Hindi,0.7661610346189476,0.7326582622939095,-8.023983463059329,0.10483797033375195,0.0,0.07503451014048883,0.18723981243840387,0.9331958902392797,119.23258055890018,258078,99,36,U104,3,Happy
TRK0051,Slow Rhythm,Crimson Harbor,Crimson Sessions,Lo-Fi,2014,French,0.3337920487265713,0.10044911177429505,-14.89286684856813,0.041309947595950115,0.6710378343903546,0.30534269789652335,0.1949932880249951,0.13240514263206649,81.87420767206102,279900,49,14,U054,2,Focus
TRK0021,Velvet Signals,Midnight Dream,Midnight Frequency,Lo-Fi,2017,English,0.3981720157633725,0.4430535629357481,-10.86579873811552,0.008548130713956416,0.5254618358036705,0.3058243928679931,0.024840789543321043,0.40622362080726193,86.34187921644617,269088,87,20,U048,2,Relaxing
TRK0212,Summer Colours,Neon Harbor,Neon Sessions,Country,2024,French,0.5396798383289502,0.6710169766168603,-7.766428857027675,0.0,0.46055217838559614,0.0,0.1544024476969952,0.8401943486243177,113.51240837382346,217125,100,46,U067,5,
TRK0057,Wild Colours,Indigo Bloom,Indigo Diaries,Electronic,2026,Japanese,0.7482093451371538,0.74402186321518,-6.614863377001589,,0.0,0.30821748802040494,0.14811961425057352,,120.85217330883381,242422,98,35,U044,3,Happy
TRK0281,Neon Roads,Paper Dream,Paper Diaries,Electronic,2026,English,0.8542604959235293,0.8525376246807856,-6.4972773372031325,0.08508284507371303,0.0,0.13896404990223882,0.08594866148283876,0.9804413135929296,115.21658655302235,226172,100,58,U082,,Motivational
TRK0295,Electric Rain,Wild District,Wild Sessions,Indie,2026,English,0.4484336444725567,0.39185094620605565,-10.129449705095572,0.01347799769635518,0.2115297610462344,0.027738201443156543,0.008969986334660923,0.5340959914591686,122.48112739237244,249741,92,44,U011,4,Relaxing
TRK0247,Neon Sun,Echo Signals,Echo Frequency,R&B,2016,English,0.5456553203063159,0.49727708731884335,-8.547371022529267,0.09256294134899036,0.13370782203573875,0.01566942359593018,0.13427103987899439,0.8023452016234809,99.36546242797424,250765,75,51,U115,5,Happy
TRK0349,Golden City,Indigo Waves,Indigo Stories,Pop,2025,English,,0.7755620398189181,-6.753213029657155,0.21309390199705813,0.10206724858740393,0.04973493470771083,0.0002672365298707069,0.7778388925620907,128.31245205168224,195734,58,34,U029,3,Happy
TRK0137,Afterglow Rhythm,Solar Heights,Solar Sessions,Hip-Hop,2026,English,0.6556055928531358,0.6903824953037941,-7.297083410141483,0.19938720721005188,0.02665677869223472,0.15560324963423391,,0.5322744050970981,107.09648639675525,255353,80,28,U037,3,Relaxing
TRK0289,Silent Shadows,Paper Sound,Paper Collection,Indie,2016,Korean,0.8041837800010986,0.45438256151045964,-9.102852999227794,,0.28735984339046694,0.198718567551875,0.20692803751037475,0.683698514246201,111.65034837990734,232106,82,49,U049,5,Happy
TRK0209,Paper Shadows,Lunar Circuit,Lunar Sessions,R&B,2026,Spanish,0.6784665005192664,0.712904721892063,-8.895414890373532,0.22665013539697726,0.20197718118962601,0.07828064340272992,0.16675671817808185,0.9430332900428288,109.73363012176179,185608,100,47,U105,3,Motivational
TRK0131,Midnight Memories,Velvet Bloom,Velvet Sessions,Lo-Fi,2012,Korean,0.4748933910396658,0.4023907133676121,,0.09666016822006313,0.6222165833366194,,0.2992789575095571,0.5208150930332149,77.4800083326858,208450,58,38,U057,5,Calm
TRK0057,Wild Colours,Indigo Bloom,Indigo Diaries,Electronic,2026,Japanese,0.7482093451371538,0.74402186321518,-6.614863377001589,0.03428478513614682,0.0,0.30821748802040494,0.14811961425057352,0.8597044626289,120.85217330883381,242422,98,37,U099,4,Happy
TRK0142,Sunday Colours,Wild District, Wild Collection,Indie,2015,English,,0.6315239313663522,-7.602070334477045,0.10660005278912493,,0.1269958874049831,0.0,0.7497429416359015,98.71706490151087,280164,87,55,U022,5,Romantic
TRK0309,Neon Fire,Solar Heights,Solar Frequency,Hip-Hop,2018,French,0.8401795909900448,0.6521702290485479,-7.565369446310965,0.22671237872759767,0.09754993378009585,0.0,0.2123636870450621,0.6237656408839145,108.74225979394465,223235,84,33,U049,4,Relaxing
TRK0182,Velvet Fire,Velvet Lines,Velvet Diaries,,2018,Hindi,0.681574149108482,0.769139539849731,-7.224700019719344,0.18348488313266775,0.05873017822687042,0.18039623299234298,0.11630643684346181,0.9025260781886811,110.96618052458382,224812,93,33,U026,3,Energetic
TRK0015,Electric Fire,Electric Lines,Electric Frequency,Classical,2007,English,0.28156050035903407,,-14.525649752383233,0.0005634101969491552,0.5189010629097706,0.7556235142364862,0.025630991169830586,0.3426785330970043,,229200,34,30,U098,4,Melancholic
TRK0210,Afterglow Stories,Urban Parade,Urban Nights,Pop,2013,English,0.6915900994639217,,-4.122841608758671,,0.08245992989422063,0.0,0.19742044040519502,0.8068276995096823,117.12153195816751,270078,73,17,U084,3,Motivational
TRK0274,Broken Paradise,Blue Hearts,Blue Collection,Indie,2018,Japanese,0.7493766240762492,0.547806361117693,-7.843417453991226,0.035589166596435524,0.5302179636108069,0.04267354263869662,0.09853157167677674,0.5656084069532538,117.80481582437027,188109,75,19,U139,3,
TRK0252,Wild Signals,,Lunar Diaries,Pop,2011,English,0.7946846810634294,0.7107290797394782,-5.755736324543652,0.056306042372959345,0.07332695033187117,0.0,0.19120241433341437,,120.95911073781265,236617,62,40,U094,4,Party
TRK0379,Slow Sky,Nova Heaven,Nova Diaries,Country,2026,English,0.6726071970153532,0.5497279045295622,-9.541421868686225,0.09459054627094601,0.513421111804245,0.0822087010768228,0.22328053848644241,0.682871159322255,111.47897754619231,211126,,35,U105,3,Happy
TRK0067,Distant Lights,Paper Riders,Paper Frequency,,2018,English,0.20916668371733307,0.13396180154743675,-16.260464838384188,0.05939601974765521,0.7362545748057363,0.7340165675149569,0.10059539387062076,0.4370383640370838,81.40233856742273,207962,98,59,U033,,Focus
TRK0304,Paper Promises,Paper Sound,Paper Collection,,2021,English,0.5087595126647839,0.6349822885262093,-7.860071068963618,0.0,0.5338561509202658,0.0,0.17936480906168004,0.6947364721605259,118.72982858652576,,100,39,U103,4,Motivational
TRK0018,,Echo Heaven,Echo Sessions,,2026,English,0.768014340339161,0.5549908462571129,-6.322101283358844,0.09044891521964633,0.0023580300076986443,0.0,0.13846020430495637,0.8332435108849815,113.48749320742824,236653,93,61,U039,5,Happy
TRK0228,Paper Echoes,Solar Circuit,Solar Stories,Rock,2022,English,0.4425204925209917,0.8170196475184932,-6.744387374661235,0.028039104429712948,,0.0,0.1568143668643547,0.4896680060351533,121.89440091643942,181485,95,49,U052,4,Energetic
TRK0391,Wild Signals,Aurora Circuit,Aurora Frequency,Indie,,English,0.5365041500863855,0.566712913986654,-9.6556157359953,0.020823871386878346,0.5278055419430353,0.14007304336601684,,0.6142024315626098,102.72127274046731,199629,100,49,U007,,Romantic
TRK0219,Wild Dreams,Indigo Parade,Indigo Diaries,Hip-Hop,2020,English,0.6576352238300109,0.712697429962954,-8.08149661686831,0.2153847875619752,0.0495172776162516,0.16968405192298106,0.2760693420482116,0.7355202235555344,96.87770366525643,319024,81,51,U021,4,Party
TRK0038,Electric Rhythm,Golden Pulse,Golden Sessions,K-Pop,2023,Korean,0.5914402682615192,,,0.09058742502147185,0.0,0.06463221475430637,0.07353807669848392,0.7305113373286172,127.80480859174303,247732,80,38,U048,4,Happy
TRK0284,Paper Paradise,Sapphire Riders,Sapphire Frequency,R&B,2019,English,0.59553720668084,0.6856547922432635,-7.290827047244499,0.07983717696359884,0.18227072963433938,0.029844820813237572,0.06926863439157083,0.7332028708476079,98.01672784518995,207028,59,,U013,4,
TRK0051,Slow Rhythm,Crimson Harbor,Crimson Sessions,Lo-Fi,2014,French,0.3337920487265713,0.10044911177429505,-14.89286684856813,0.041309947595950115,0.6710378343903546,0.30534269789652335,0.1949932880249951,0.13240514263206649,81.87420767206102,279900,49,47,U041,,Focus
TRK0262,Paper Stories,Wild Harbor,Wild Sessions,Electronic,2013,,0.8213847385812238,0.8005791642389477,-8.47689322392622,0.021043581860320557,0.13206388593777824,0.14068406750732895,0.19157610985926754,0.7893026413895854,118.28270589419806,291701,79,45,U082,4,Motivational
TRK0369,Afterglow Lights,Echo Heaven,Echo Collection,Pop,2024,English,0.8030623547539831,0.7065186630780205,-7.859448877154677,0.05195506845389271,0.0,0.21893595585816114,0.1132532730509059,0.9179158986333217,113.8028268832039,206338,93,62,U111,4,Motivational
TRK0142,Sunday Colours,Wild District,Wild Collection,Indie,2015,,0.8034386246197682,0.6315239313663522,-7.602070334477045,0.10660005278912493,0.4582424563304658,0.1269958874049831,0.0,0.7497429416359015,98.71706490151087,280164,87,37,U082,2,Romantic
TRK0022,Paper Sky,Blue District,Blue Sessions,Classical,2026,English,0.19088965748088943,0.3084039834216243,-15.782701329079858,0.0964177071624079,0.779827183259471,0.8826411169102876,0.06003394369347438,0.4508749884753946,91.12383219923667,235754,90,39,U143,3,Focus
TRK0329,Higher Sky,Solar Stories,Solar Diaries,Pop,2011,English,0.8804409996035354,,-9.206409777404991,0.0327150630954879,0.1352819172763498,0.09560367379171067,0.1506213904403073,0.9653633800767693,102.57645811878474,275997,79,29,U053,3,Romantic
TRK0023,Falling Fire,Aurora Harbor,Aurora Sessions,Hip-Hop,2016,French,0.8599824246910295,0.6497273587947006,-7.460828759999391,0.3066654996446538,0.0,0.0,0.16416143342818354,0.8010529977957789,99.03731882640578,282526,100,31,U058,4,Romantic
TRK0334,Midnight Colours,Blue Circuit,Blue Diaries,K-Pop,2014,Korean,0.7213527127283091,0.8145648991765665,-7.6297359296728064,0.040326754288566455,0.12579314220064106,0.12124832176067372,0.061004068172332365,0.9517229382247088,117.9565881033663,238641,100,48,U061,4,Party
TRK0193,Falling Rhythm,Urban Motion,Urban Sessions,R&B,2012,English,0.6636522749820964,0.4822843808752101,-9.251012609053458,0.09767944722357039,0.2467925775566233,0.10015890992819368,0.17736301862435677,0.6371886711507364,,,67,29,U041,4,Happy
TRK0383,,Echo Heaven,Echo Stories,,2021,Hindi,0.7077323778885279,0.6862118414376621,-6.149036075567393,0.14403997006890829,0.19515136347089404,0.0,0.15943791863639228,1.0,,200125,99,,U064,3,Party
TRK0325,Distant Fire,Urban Skies,Urban Sessions,Electronic,2012,English,,1.0,-6.967145063687939,0.08369507627221083,0.035879785214231526,0.1623505556728979,0.18792857443174638,0.8936755400768364,140.05056096645134,274740,66,39,U069,3,Motivational
TRK0281,Neon Roads,,Paper Diaries,Electronic,2026,English,0.8542604959235293,0.8525376246807856,-6.4972773372031325,0.08508284507371303,0.0,0.13896404990223882,0.08594866148283876,0.9804413135929296,115.21658655302235,226172,100,26,U076,2,Motivational
TRK0130,Afterglow Promises,Sapphire Sound,Sapphire Stories,Rock,2019,Japanese,0.5355145681944831,0.8378581723096372,-7.117376665000337,0.05304520661282193,0.09665524083326915,,0.3444567714998282,0.6327001405081042,131.64618473764742,272740,86,66,U052,5,Energetic
TRK0264,Summer Fire,Urban Lines,Urban Diaries,Rock,2012,English,0.33043397491246324,0.7930906510827438,-7.40059870757897,0.030088717571749513,0.20933558844718314,0.10813451568252569,0.22978866672023734,0.4573817627988904,142.29152112487327,198719,98,53,U030,4,Romantic
TRK0315,Gravity Fire,Midnight Dream,Midnight Frequency,Lo-Fi,2013,Spanish,0.44467592013609225,0.1854498405327902,-10.46411237412516,0.047955443699341876,0.5672285134617077,0.23685960987992538,0.0,,88.11233322831744,302908,84,38,U120,3,Melancholic
TRK0210,Afterglow Stories,Urban Parade,Urban Nights,Pop,2013,English,0.6915900994639217,0.866148677022207,-4.122841608758671,0.07209309265966336,0.08245992989422063,0.0,0.19742044040519502,0.8068276995096823,117.12153195816751,270078,73,39,U093,3,Motivational
TRK0395,Ocean Memories,Aurora Heights,Aurora Diaries,Jazz,2022,Japanese,0.5163722255058019,0.3437610100494708,-12.345501642491481,0.04073484009132958,0.47397697697702046,0.13684376987680358,0.19189747454090755,0.5011851762637948,104.9830027228584,211715,79,31,U016,4,Relaxing
TRK0316,Ocean Waves,Indigo Pulse,Indigo Stories,Rock,2016,English,0.6193519509610061,0.6981663089190868,-7.36464394815389,0.019892969412178,0.10823540651913566,0.044792115340538216,0.39973673667787,0.5669849662934751,128.00425411910143,258104,80,44,U110,3,Focus
TRK0010,Wild Colours,Golden Pulse,Golden Sessions,K-Pop,2016,Korean,0.5925317055295642,0.7143652145657913,-6.721443417284611,0.15955684611109472,0.08730362639939365,0.12700431374224513,0.09504930810225937,0.7252122217023026,112.99454412062789,215483,,32,U022,3,Party
TRK0187,Higher Echoes,Neon Stories,Neon Frequency,Lo-Fi,2014,English,0.3828152260238794,,-10.721510721361945,0.04896571185621577,0.8942069772753047,0.3564715163294954,,0.43233416130807834,83.37367711882861,240515,100,41,U102,4,Relaxing
TRK0292,Hidden Shadows,Neon District,Neon Frequency,K-Pop,2015,Korean,0.6749792624860942,0.806929720281435,-6.297646873759345,0.009947782153876247,0.0,0.02119110162486314,0.2686839999080875,0.9454101628353441,108.29886720306446,140464,99,39,U020,4,Energetic
TRK0330,Sunday Dreams,Lunar District,Lunar Frequency,Rock,2026,English,0.4830752548534904,0.7230976375105796,-5.884111834418331,0.08497474414052568,0.24194530774953923,0.010691585344116489,0.2549058539982153,0.8106223443359897,113.40048880381497,255965,100,51,U022,5,Energetic
TRK0366,Velvet Stories,Silver Skies,Silver Collection,Pop,2026,English,0.5817238393907174,0.6856914652811356,,0.10888196317334037,0.1583903419074364,0.0,0.15816695430999198,0.6953220448569555,,231592,100,50,U142,4,Party
TRK0375,Higher Hearts,Crimson Garden,Crimson Nights,Pop,2024,English,0.6685401160715851,0.6261592084986389,-9.694157111053258,0.12791915169761103,0.040697651066361695,0.0,0.037401982287112695,0.7971053846741541,131.00032661195752,306390,65,46,U031,4,Happy
TRK0064,Summer Colours,Lunar Harbor,Lunar Stories,Pop,2014,French,0.8186136316960768,0.6744539867849711,-6.109823672554085,0.10048306159115361,0.003586339872721306,0.11774804680901223,0.16889964417600536,0.856603974903201,111.51822213755335,212451,76,39,U029,4,Motivational
TRK0339,Midnight Sun,Royal Heights,Royal Nights,Pop,2013,English,0.7364147360076424,0.7262687122363578,-6.328726605938629,0.04393622569637953,0.0,0.18247850398997947,0.2942477918316351,,107.80209392570448,215257,92,36,U131,3,Motivational
TRK0319,Hidden Stories,Static Lines,Static Collection,Indie,2025,English,0.5848924824680156,0.576445291504419,-7.8300908732232966,0.03597134409929516,0.43761417502598093,0.0,,0.8877530503769564,110.63803566398714,225797,,29,U023,3,Motivational
TRK0180,Falling Motion,Urban Parade,Urban Nights,Pop,2026,English,0.6906596908936026,0.6807758135702193,-6.785077201224383,0.14200212765938236,0.14055364479529636,0.10665826778344378,0.201848907634912,0.6910480925679444,123.75053234334564,228465,51,29,U130,3,Motivational
TRK0239,Silent Colours,Echo Garden,Echo Sessions,Hip-Hop,2026,English,0.7124250880687383,0.5892681888011877,-10.176506032067662,0.22901510766650543,0.0376512750277131,0.0,0.16549626777833598,0.7248747731558538,,229319,76,28,U125,4,Romantic
TRK0339,Midnight Sun,Royal Heights,Royal Nights,Pop,2013,English,0.7364147360076424,0.7262687122363578,-6.328726605938629,0.04393622569637953,0.0,0.18247850398997947,,,107.80209392570448,215257,92,21,U143,3,Motivational
TRK0161,Distant Hearts,Static Lines,Static Frequency,Indie,2017,,0.4813759889483402,0.5703323424985856,-8.282615539962201,0.10130942655215311,0.4723026217312898,,0.13502327992974317,0.7200862964112761,110.87347754606269,251751,82,41,U102,3,Romantic
TRK0162,Silent Sky,Neon District,Neon Diaries,K-Pop,2026,Korean,0.7891205201131494,1.0,-7.068864093595936,0.0,0.16865901312872333,0.0,0.12855055451256364,0.8367507382136057,127.14530224764253,207052,94,30,U117,3,Happy
TRK0214,Ocean Fire,Static Bloom,Static Frequency,Jazz,2022,English,0.5161524652153847,0.5823682108679953,-9.760372608852055,0.10014717635427807,0.5047036984697552,0.24680807993051546,0.26574955644494597,0.39647695431125646,105.28053031180876,266852,89,42,U022,4,Energetic
TRK0213,Paper City,Nova Heaven,Nova Frequency,Country,2025,English,0.5965528649116472,0.594694026206655,-8.940629584296916,0.0,0.3131055659732205,0.013109108403801084,0.18690165117217006,0.8844966869126745,111.88603257009572,267414,100,,U080,4,Romantic
TRK0071,Distant Hearts,Velvet Dream,Velvet Frequency,Pop,2025,English,0.8162657572486841,0.7486045130210626,-7.527966093076273,0.10140175775500021,0.10122877069534027,,0.22310675005327021,0.5751181063769117,107.38759433403938,200495,86,54,U099,4,Romantic
TRK0113,Ocean Rhythm,Paper Sound,Paper Frequency,Indie,2016,English,0.48993078162873227,0.5246238267584429,-8.41294590349164,0.08955293124654017,0.2073078237795332,,0.00735900445856974,0.6682659253467892,105.9229108637243,224584,92,40,U149,3,Happy
TRK0369,Afterglow Lights,Echo Heaven,Echo Collection,Pop,,English,0.8030623547539831,0.7065186630780205,-7.859448877154677,0.05195506845389271,0.0,0.21893595585816114,0.1132532730509059,0.9179158986333217,113.8028268832039,206338,93,31,U069,3,Motivational
TRK0337,Ocean Paradise,Aurora Harbor,Aurora Sessions,,2022,Spanish,0.6793932527048435,0.7762462462134004,-7.123713224494114,,0.09237072291810616,0.06093325465326305,0.13406256595699206,0.6876423177643098,95.0910098620933,258138,89,57,U067,4,Energetic
TRK0348,Sunday Fire,Sapphire Riders,Sapphire Diaries,R&B,2022,English,0.5905065556183671,0.6155452105257381,-6.797987922188337,0.11938236654114931,0.19280809170024735,0.0,0.1907027269878409,0.3724811303288982,104.99594382880724,319358,,21,U071,3,Melancholic
TRK0021,Velvet Signals,Midnight Dream,Midnight Frequency,Lo-Fi,2017,English,0.3981720157633725,0.4430535629357481,-10.86579873811552,0.008548130713956416,0.5254618358036705,0.3058243928679931,0.024840789543321043,0.40622362080726193,86.34187921644617,269088,87,40,U050,4,Relaxing
TRK0247,Neon Sun,Echo Signals,Echo Frequency,R&B,2016,English,,0.49727708731884335,-8.547371022529267,0.09256294134899036,0.13370782203573875,0.01566942359593018,0.13427103987899439,0.8023452016234809,99.36546242797424,250765,75,36,U037,5,Happy
TRK0131,Midnight Memories,,Velvet Sessions,Lo-Fi,2012,Korean,0.4748933910396658,0.4023907133676121,-11.369914059068874,0.09666016822006313,0.6222165833366194,0.2790048053497614,0.2992789575095571,0.5208150930332149,77.4800083326858,208450,58,21,U056,3,Calm
TRK0130,Afterglow Promises,Sapphire Sound,,Rock,2019,Japanese,0.5355145681944831,0.8378581723096372,-7.117376665000337,0.05304520661282193,0.09665524083326915,0.06898368206464675,0.3444567714998282,0.6327001405081042,131.64618473764742,272740,86,27,U111,4,Energetic
TRK0043,Falling City,Crimson Garden,Crimson Horizons,Pop,2014,English,0.75140772238698,0.6857333955955839,-5.900335429445381,0.0,0.015041487836840464,0.0,0.0,0.7315387183384803,110.46475200716635,233339,100,51,U078,,Motivational
TRK0095,Golden Rain,Indigo Parade,Indigo Frequency,Hip-Hop,2017,English,0.7363341175348099,0.5538170997029901,-8.562436811233075,0.26480362779157623,0.11309285867189203,0.0,0.09929602364142592,0.6107050269684777,94.58349974263105,194274,72,42,U015,4,Relaxing
TRK0233,Velvet Sky,Wild Circuit,Wild Diaries,Classical,2014,English,0.3648742349822743,0.23283784478405428,-14.186854533420584,0.03825039962992895,0.9080945516133593,0.7807786293377045,0.1671164659207673,0.499938862906362,80.93253355183563,219635,69,30,U107,3,Melancholic
TRK0234,Starlight Stories,Indigo Lines,Indigo Collection,R&B,2010,English,0.904344682477698,0.6575818553434425,-8.816980828663704,0.16439946245151837,0.1992710322271421,0.09774259490916637,0.12033670473029265,0.723283824890048,101.20703685017331,192763,77,45,U099,4,Motivational
TRK0328,Electric Sun,Crimson Garden,Crimson Nights,Pop,2017,English,0.7275791549964352,0.7826573200609109,-6.767761757013272,0.05575197377221641,0.06100286817491339,,0.2057613018569899,0.7673084446371496,113.89115694133375,251224,100,37,U040,4,Happy
TRK0054,Gravity Dreams,Solar Circuit,Solar Sessions,Rock,2019,French,0.5524282677456228,0.8437772800865286,-8.399003663714707,0.0,0.09751479709668545,0.027654747931033136,0.18276059204977566,0.6897898661520688,130.16113791737936,268862,66,39,U028,4,Energetic
TRK0292,Hidden Shadows,Neon District,Neon Frequency,K-Pop,2015,Korean,0.6749792624860942,,-6.297646873759345,0.009947782153876247,0.0,0.02119110162486314,0.2686839999080875,0.9454101628353441,108.29886720306446,140464,99,29,U030,3,Energetic
TRK0174,Gravity Hearts,Golden Parade,Golden Diaries,Lo-Fi,2022,Japanese,0.3835413327741403,0.20931168286767243,-13.013331523300225,0.012063037644373512,0.7335025249211707,0.4209486575215223,0.09914087973273197,0.5956770182966491,91.28743039313612,236786,72,34,U056,4,Melancholic
TRK0036,,Silver Hearts,,Rock,2011,English,0.334517751474221,0.9038861868696506,-4.45080145731973,0.03863671995636659,0.12787909135954925,0.0,0.1090556637814267,0.6379847403383734,120.68122863162988,260942,100,,U037,2,Party
TRK0384,Afterglow Motion,Blue District,Blue Sessions,Classical,2011,English,0.3986150645860495,0.3164649109869452,-14.531648235510028,0.0,0.554854062041623,0.6503573428518936,0.10783714690110646,0.5129176884451836,78.21416172542656,281934,60,33,U071,3,Relaxing
TRK0056,Distant Waves,Blue District,Blue Diaries,Classical,2026,Japanese,0.45602981705240786,0.3012186238325731,-15.438763862466555,,0.6362292451082144,0.7084473397294714,,0.46506113057240284,,262053,100,28,U146,3,Melancholic
TRK0193,Falling Rhythm,Urban Motion,Urban Sessions,R&B,2012,English,0.6636522749820964,0.4822843808752101,-9.251012609053458,0.09767944722357039,0.2467925775566233,0.10015890992819368,0.17736301862435677,0.6371886711507364,,208264,67,17,U081,3,Happy
TRK0135,Gravity Hearts,Aurora Harbor,Aurora Collection,Hip-Hop,2014,English,0.7690800023610048,0.7767012430198023,-5.632868824999548,0.22675435244127376,0.0011802312260879577,,0.1927591441487598,0.6621032584287365,107.17366646102641,271329,100,35,U129,4,Energetic
TRK0110,Broken City,Static Pulse,Static Diaries,R&B,2020,English,0.5241664434417754,0.5778302044768526,-7.797898508599294,0.08646559368189694,0.0,0.0,,0.7043950291604453,96.85968166375224,225823,86,28,U032,4,Happy
TRK0241,Hidden Roads,Lunar Harbor,Lunar Frequency,,2019,Hindi,0.8437050541842469,0.726373397417053,-5.351381059213035,0.0,0.08728985482916216,0.024719494272472595,0.0691103939314857,1.0,117.86605989974571,225643,94,53,U015,4,Energetic
TRK0200,Silent Motion,Wild Harbor,Wild Diaries,Electronic,2015,English,0.742280712521093,0.6480567496714164,-8.404213479078104,0.10324920687540973,0.0,0.043368465038429435,0.13201959605971653,0.995677765871745,127.4196813690422,222170,100,61,U147,5,Romantic
TRK0113,Ocean Rhythm,Paper Sound,Paper Frequency,Indie,2016,English,0.48993078162873227,0.5246238267584429,-8.41294590349164,0.08955293124654017,0.2073078237795332,0.0,0.00735900445856974,0.6682659253467892,105.9229108637243,224584,92,52,U118,5,Happy
TRK0359,Hidden Roads,Crimson Harbor,Crimson Sessions,Lo-Fi,2015,French,0.44401456023041486,0.38893027631811955,-9.928931568852565,0.05656659498392831,0.8308174753775616,0.4228011893410623,0.09356404241199072,0.5468676315034441,96.68147637444198,291482,98,48,U071,3,Relaxing
TRK0335,Midnight Rhythm,Static Parade,Static Frequency,,2013,English,0.7077877729771409,0.7890418484376899,-9.448335191837202,0.05066572934864353,0.0,0.1983759767397799,0.18466935653070282,0.7477620885463989,128.10531448946858,263144,68,37,U134,3,Happy
TRK0238,Starlight Signals,Midnight Bloom,Midnight Sessions,Pop,2022,English,0.5831877153746694,0.8269778002546297,-7.382861859054016,,0.14499437861949388,0.1007520508400774,0.013438003857435807,0.79566419079192,106.9588488476723,316107,64,38,U086,4,Energetic
TRK0183,Hidden Paradise,Lunar Heights,Lunar Diaries,Electronic,2022,Korean,0.7740957782694945,1.0,-6.5724754434969475,0.02550921746110489,0.0,0.35310246715580706,0.21736133008325284,0.8061382127205055,,262006,100,45,U071,3,Happy
TRK0109,Wild Sun,Electric Waves,Electric Frequency,Electronic,2018,English,0.9506091758127639,0.9734073552254533,-5.713478889440305,0.0,0.004257805145407637,0.008282675912815257,0.2623648684431353,,126.9146226362837,161972,75,46,U135,4,Party
TRK0110,Broken City,Static Pulse,Static Diaries,R&B,2020,English,0.5241664434417754,0.5778302044768526,-7.797898508599294,,0.0,0.0,0.10708861988214832,0.7043950291604453,96.85968166375224,225823,86,54,U018,5,Happy
TRK0350,Broken Fire,Urban Lines,Urban Frequency,Rock,2004,English,0.5461275108883045,0.676175952802977,-5.270033203154407,0.08445629866514491,0.23209047991837733,0.12156155717517193,0.2357577896167923,0.7218649570506154,132.7904178640542,178318,44,24,U002,3,Happy
TRK0339,Midnight Sun,Royal Heights,Royal Nights,Pop,2013,English,0.7364147360076424,0.7262687122363578,-6.328726605938629,0.04393622569637953,0.0,0.18247850398997947,0.2942477918316351,0.8902129177768145,107.80209392570448,215257,92,42,U023,3,Motivational
TRK0336,Distant Motion,Indigo Motion,Indigo Sessions,Indie,2018,English,0.528654801295089,0.4768839389813383,-8.36401150481846,0.06915715675632084,0.40301046216422165,0.1215371594069481,0.04212489024490239,0.5806912300521931,110.8948057061722,221049,83,46,U137,4,Relaxing
TRK0128,Hidden Sun,Midnight Sound,Midnight Sessions,,,English,0.7332023686675708,0.6916595885767873,-6.64363749477805,0.09877967879142996,0.21994124998100556,0.055181506310215754,0.23731347652432094,0.8999601217246539,121.2524035577053,264567,81,41,U148,4,Party
TRK0019,Hidden Rhythm,Aurora District,Aurora Frequency,R&B,2016,,0.71959939896871,0.5939275374232614,-10.186283526704516,0.11475979676713494,0.3514637169256271,0.0,0.1904679609588732,0.6814898097210028,101.11831829471814,201035,77,37,U126,4,Motivational
TRK0322,Distant Signals,Lunar Harbor,Lunar Diaries,Pop,,English,0.7323309404442458,0.660704085936643,-7.645994554894629,0.15889044030304866,0.0,0.058287113537147106,0.050363493399867384,0.9338588764663796,119.79801117845017,252139,68,38,U038,,Happy
TRK0078,Hidden Paradise,Midnight Motion,Midnight Collection,Rock,2014,English,0.4684501120701065,0.7418673876814057,-5.63989999545768,0.0792612052510264,,0.21072970368864324,0.29145413608654125,0.6255303256956454,129.81242936269453,217489,78,45,U092,4,Motivational
TRK0203,Falling Memories,Neon Waves,Neon Stories,Pop,2006,Hindi,,0.7742325610913118,-5.685180522798339,0.08277577005289631,0.14561684580492817,0.04097536481830818,0.07283038182736075,0.8054210109744,119.26541790949054,236706,42,31,U033,3,Motivational
TRK0011,Summer Hearts,Lunar Stories,Lunar Diaries,Hip-Hop,2024,English,0.7443362102341909,0.7124154252063586,-7.9084989588961925,0.2600732490666936,0.009011800941158978,0.0,0.06054436979762663,0.7188256146228792,112.51896142937885,244984,91,21,U144,3,Energetic
TRK0076,Neon Echoes,Neon Stories,Neon Diaries,Lo-Fi,2009,English,0.22151794645046802,0.27066498538554856,-11.755593201296177,0.004336337629393852,0.6501787358863441,0.37207157720248296,0.15327335002657105,0.6023411664551772,91.47582143836757,198205,99,55,U093,4,Relaxing
TRK0111,Velvet Waves,Echo Signals,Echo Sessions,R&B,2018,Japanese,0.7377035127226458,0.6318751994395951,-7.916742169764141,0.1432330438417509,0.0,0.0,0.14916626917264636,0.7509290874065403,103.53954353712939,225211,98,32,U018,4,Happy
TRK0059,Sunday Fire,Royal Sound,Royal Collection,R&B,2021,English,0.5737571219860069,0.5268500967273972,-6.634800523480849,0.07821864407922957,0.4110700196330108,0.060915016645666474,0.1585625323816887,0.8665064465752664,101.65096838045831,201758,89,53,U095,2,Romantic
TRK0043,Falling City,Crimson Garden,Crimson Horizons,Pop,2014,English,0.75140772238698,0.6857333955955839,-5.900335429445381,0.0,0.015041487836840464,0.0,0.0,0.7315387183384803,110.46475200716635,233339,100,51,U055,4,Motivational
TRK0067,Distant Lights,Paper Riders,,Classical,2018,English,,0.13396180154743675,-16.260464838384188,0.05939601974765521,0.7362545748057363,0.7340165675149569,0.10059539387062076,0.4370383640370838,81.40233856742273,207962,98,33,U120,3,Focus
TRK0292,Hidden Shadows,Neon District,Neon Frequency,K-Pop,2015,Korean,0.6749792624860942,0.806929720281435,-6.297646873759345,0.009947782153876247,0.0,0.02119110162486314,0.2686839999080875,0.9454101628353441,108.29886720306446,140464,99,41,U031,3,Energetic
TRK0075,Higher Shadows,Velvet Dream,Velvet Sessions,Pop,2008,English,0.49502162220483925,0.5361730978643806,-5.901533891148901,0.06800037245330406,0.24471560448839175,0.08556981813892672,0.17477911780006114,0.6743439866084442,119.73420410150707,259648,63,52,U043,4,Motivational
TRK0104,,Aurora Heights,Aurora Diaries,Jazz,2016,English,0.44681225060572427,0.30428766529040635,-9.884882585313319,0.0590404325813865,0.7209461351677944,0.19832315400306622,0.2442543225096861,0.37229571320268035,102.16710425629466,233711,36,25,U127,3,Melancholic
TRK0076,Neon Echoes,Neon Stories,Neon Diaries,Lo-Fi,2009,English,0.22151794645046802,0.27066498538554856,-11.755593201296177,0.004336337629393852,0.6501787358863441,0.37207157720248296,0.15327335002657105,0.6023411664551772,91.47582143836757,198205,,68,U095,4,Relaxing
TRK0039,Slow Rhythm,Golden Heights,,Pop,2019,English,0.7671136293399929,0.663767696090173,-7.602662898388932,0.13131891879115035,0.0,0.0,0.2327655896508326,1.0,114.21436131775793,178021,87,46,U067,3,Romantic
TRK0059,Sunday Fire,Royal Sound ,Royal Collection,R&B,2021,English,0.5737571219860069,0.5268500967273972,-6.634800523480849,0.07821864407922957,0.4110700196330108,0.060915016645666474,0.1585625323816887,0.8665064465752664,101.65096838045831,201758,89,40,U093,4,Romantic
TRK0285,Golden Echoes,Indigo Pulse,Indigo Stories,Rock,2026,English,0.6104330132660478,0.9241801244031502,-3.6640216568642616,0.014584910743735607,,0.0,0.22907530028832765,0.7323368409245183,131.76648275378955,282269,100,30,U041,3,Motivational
TRK0243,Summer Stories,Golden Pulse,Golden Diaries,K-Pop,2020,Korean,0.7346162438874467,0.8606440839593326,-5.287792723901146,0.0947334992838893,0.031158739420100542,0.0,0.03425722708420585,0.8030747028608726,117.93360106817649,203565,97,44,U006,4,Happy
TRK0218,Summer Lights,Crimson Signals,,Rock,2021,English,0.5525707983318722,,-5.497718548208321,0.04674144475262554,0.030108620141812516,0.0,0.21377492366993456,0.7252444775467085,133.79243552607176,196746,,31,U107,2,Happy
TRK0351,Falling Promises,Royal Heights,Royal Sessions,Pop,2020,English,0.8348495298580351,0.6501977227180674,-6.863115499785232,0.031847580352517287,0.08315156943847524,0.060494293848697,,1.0,121.78423525995082,219690,100,59,U094,5,Motivational
TRK0079,Wild Rain,Indigo Bloom,Indigo Collection,Electronic,2016,Spanish,0.5629384590204589,0.5944653812172387,-6.251597470084556,0.06272108016528156,0.05370878428000743,0.0,0.15837364024047437,,127.06057767662548,244624,80,47,U004,4,
TRK0315,Gravity Fire,Midnight Dream,Midnight Frequency,Lo-Fi,2013,Spanish,0.44467592013609225,0.1854498405327902,-10.46411237412516,0.047955443699341876,0.5672285134617077,0.23685960987992538,0.0,0.33558700584681805,88.11233322831744,302908,84,47,U009,5,Melancholic
TRK0359,Hidden Roads,Crimson Harbor,Crimson Sessions,Lo-Fi,2015,French,0.44401456023041486,0.38893027631811955,-9.928931568852565,0.05656659498392831,0.8308174753775616,0.4228011893410623,0.09356404241199072,0.5468676315034441,96.68147637444198,291482,98,47,U024,4,Relaxing
TRK0337,Ocean Paradise,Aurora Harbor,Aurora Sessions,Hip-Hop,2022,Spanish,0.6793932527048435,0.7762462462134004,-7.123713224494114,0.17655209294934998,0.09237072291810616,0.06093325465326305,0.13406256595699206,,95.0910098620933,258138,89,48,U130,4,Energetic
TRK0169,Broken City,Midnight Dream,Midnight Frequency,Lo-Fi,2006,English,0.5389127317527007,0.2934478316208378,-12.912508493766657,0.0,0.8200510156605935,0.4145764657085903,0.16389271868923352,,86.21538436665978,219880,66,25,U009,3,Focus
TRK0036,Starlight Motion,Silver Hearts,Silver Frequency,Rock,2011,English,0.334517751474221,0.9038861868696506,-4.45080145731973,0.03863671995636659,0.12787909135954925,0.0,0.1090556637814267,0.6379847403383734,120.68122863162988,260942,100,48,U063,3,Party
TRK0311,Electric Sun,Solar Heights,Solar Diaries,Hip-Hop,2008,English,0.8109247984413085,0.7099830074622289,-5.839204227821639,0.3440324006539273,0.0,0.0,0.08855707541299962,0.884991184160994,108.18858764817091,235663,79,30,U009,3,Happy
TRK0045,Afterglow Shadows,Echo Riders,Echo Diaries,Rock,2025,French,0.3303361310096673,0.6995242529818426,-4.808012600990078,0.06271641423136834,0.19278881368830159,0.0,0.11163248873106316,0.6934291647637784,126.65905844221122,254667,87,54,U052,4,Happy
TRK0396,Slow Colours,Royal Heaven,Royal Sessions,Electronic,2017,English,0.7030869782256146,0.9017189063858078,-6.788584533862755,0.01073866258361078,0.0,0.13180097531291235,0.021910704306431522,0.8200602286657633,132.0196230705732,254439,100,50,U027,4,Party
TRK0039,Slow Rhythm,Golden Heights,Golden Stories,Pop,2019,English,0.7671136293399929,0.663767696090173,-7.602662898388932,0.13131891879115035,0.0,0.0,0.2327655896508326,1.0,114.21436131775793,178021,,41,U042,4,Romantic
TRK0333,Velvet Echoes,Velvet Bloom,Velvet Sessions,Lo-Fi,2012,English,0.26439793101132103,0.3883126426371508,-11.046030335027721,0.08046539823149994,0.6892141840785073,0.3028090666622137,0.03557959028912039,0.4300135827240473,75.22279914553619,245218,84,35,U112,3,Melancholic
TRK0093,Paper Sky,Silver Hearts,Silver Frequency,Rock,2018,Korean,0.5695605243314346,0.6626181287227711,-8.690937391980919,0.059463108098876595,0.0489981683635165,0.1761023430583431,0.16793779270803433,0.4678908413945251,115.49516059608959,151275,76,58,U134,4,Relaxing
TRK0328,Electric Sun,Crimson Garden,Crimson Nights,Pop,2017,English,0.7275791549964352,0.7826573200609109,-6.767761757013272,0.05575197377221641,0.06100286817491339,0.12534794817579667,0.2057613018569899,0.7673084446371496,113.89115694133375,251224,100,57,U062,4,Happy
TRK0030,Afterglow Lights,Wild Circuit,Wild Sessions,Classical,2025,English,0.25063390623622683,0.5039491119526817,-13.030456972991626,0.09449465279727777,0.7286781243829991,0.8509455219712795,0.0960251763925116,0.373431896064913,79.27337750548686,242839,,29,U100,4,Melancholic
TRK0367,Neon Promises,Crimson Garden,Crimson Horizons,Pop,2018,English,0.6220621995810708,0.7678494417374881,-8.60991889858262,0.11790117073686304,0.07133815107845776,0.017550365143560065,0.00043386062106723355,0.8095865267230561,,196164,95,38,U138,3,Motivational
TRK0265,Velvet Rain,Crimson Signals,Crimson Diaries,Rock,2019,English,0.48290395715052914,0.7982374859699318,-8.711620149977094,0.10048028679430646,0.09610078602867209,0.0011300386526435016,0.15077709370191628,0.7195147139731075,120.5235115831932,166392,92,,U098,3,Energetic
TRK0127,Electric Fire,Urban Parade,Urban Diaries,,2021,English,0.6857847109267953,0.5648239028275313,-9.77882716635796,0.05822971445201193,0.11787080086001953,0.0,0.1175867594475757,,98.72429449393793,208947,98,29,U012,3,Happy
TRK0390,,Electric Bloom,Electric Frequency,Country,2014,English,,0.45229643730422336,-8.62073154631914,0.03954923971976653,0.6171569683838714,0.04639282657664247,0.2517602369728614,0.5440339788512432,101.86037217639128,253835,96,34,U042,3,Focus
TRK0167,Falling Fire,Sapphire Heaven,Sapphire Sessions,Hip-Hop,2026,English,0.6430389997521173,,-5.466341140176336,0.21919471325154208,0.06860581733043493,0.0,0.08389039851178358,0.6431682073185628,117.4697334252422,283517,78,38,U073,5,
TRK0120,Wild Lights,Solar Heights,Solar Frequency,Hip-Hop,2013,,0.6575471087086994,0.7761124330937934,-8.374898603799856,0.2271135238860671,0.0,0.0464320659381916,0.10516569497012018,0.6667185973766202,98.95264576218302,216499,87,40,U052,,
TRK0040,Midnight Dreams,Silver Skies,Silver Collection,Pop,2021,English,0.7899196731694887,0.9022215666675023,-6.186982901073021,0.054820367706917235,0.057533090559147584,,0.0,0.8784928475298603,117.90961190431005,298267,90,50,U125,5,Party
TRK0223,Electric Rhythm,Golden Heights,Golden Diaries,Pop,2026,English,0.862953197456844,0.7588408042780886,-5.799598391722843,,0.15126821011182642,0.0699202687294537,0.10370044987190905,1.0,111.62711618340413,237868,100,43,U037,4,Party
TRK0096,Distant Colours,Sapphire Sound,Sapphire Collection,Rock,2015,English,0.3983424892544425,0.696370734918541,-7.699153245955237,0.021433407621284453,8.813183054798279e-05,0.056214769089342274,0.2410800971648596,0.49285030856813683,126.34659071350639,232960,82,47,U094,4,Focus
TRK0142,,Wild District,Wild Collection,Indie,2015,English,0.8034386246197682,0.6315239313663522,-7.602070334477045,0.10660005278912493,0.4582424563304658,0.1269958874049831,0.0,0.7497429416359015,98.71706490151087,280164,87,41,U075,4,Romantic
TRK0347,Slow Rhythm,Paper Garden,Paper Sessions,,2005,English,0.7071067390768662,0.6683437494288447,-9.5102753210444,0.12150704567016038,0.364626833916373,0.019560100268972067,0.2706081356305253,0.8149972012116945,130.9339813514694,242489,67,44,U051,4,Motivational
TRK0007,Paper Stories,Paper Sound,,Indie,2015,Spanish,,0.6574698018855021,-9.147931810355345,0.04075530989595665,0.24610141828268156,0.07070683423821192,0.2088215696220177,0.49137845252204015,120.33743617664939,243916,67,56,U137,4,
TRK0188,Falling Sun,Wild Stories,Wild Sessions,Jazz,2023,Japanese,0.414282359622257,0.40776654179528693,-12.137125489023383,0.023353709314204864,0.5758709727462908,0.31094544667388563,0.15238379175433725,0.5396614996049235,103.48719867548111,216295,98,24,U048,3,Melancholic
TRK0265,Velvet Rain,Crimson Signals,Crimson Diaries,Rock,2019,English,0.48290395715052914,0.7982374859699318,-8.711620149977094,0.10048028679430646,0.09610078602867209,0.0011300386526435016,0.15077709370191628,0.7195147139731075,120.5235115831932,166392,92,42,U129,4,
TRK0055,Neon Lights,Golden Heights,Golden Collection,Pop,2026,English,0.46983001558403453,0.48409814626107484,-8.64734962857199,0.04490220006271534,0.08106935972319837,0.03196504827041154,0.09817775684242869,0.8937312248781106,109.35333374846518,211189,100,58,U057,5,Motivational
TRK0288,Gravity Lights,Echo Riders,Echo Collection,Rock,,English,0.5668581937733912,0.8094937109131557,-5.886662015688272,0.056965651003572725,0.0,0.0,0.1864407368023503,0.659745091922599,129.81922618234069,276143,73,35,U086,3,Party
TRK0377,Silent Rhythm,Silver Hearts,Silver Stories,Rock,2020,English,0.4834157943540789,0.5861910509723561,-8.203380411230823,0.051639967662183935,0.2142246107286495,0.0,0.16331912846082994,0.7605564627985034,112.88123916959917,244120,88,29,U098,3,Romantic
TRK0222,Ocean Motion,Crimson Harbor,Crimson Sessions,Lo-Fi,2013,English,0.4328550168512207,0.19954656589039954,-12.677668482518694,0.10013707560445709,0.6797882224725368,0.18337268946275492,0.001091241183454536,0.6306395672756933,79.47064640631496,209086,72,28,U072,4,Focus
TRK0095,Golden Rain,Indigo Parade,Indigo Frequency,Hip-Hop,2017,English,0.7363341175348099,0.5538170997029901,-8.562436811233075,0.26480362779157623,0.11309285867189203,0.0,0.09929602364142592,0.6107050269684777,94.58349974263105,194274,72,58,U122,5,Relaxing
TRK0361,Midnight Echoes,Golden Heights,Golden Nights,Pop,2021,French,0.7258264387251487,0.7138544419862287,-6.416129933968936,0.05676314043194962,0.07008778775384922,0.1977449801425403,0.3097382738192468,0.7003972294865881,108.13204699478496,208319,87,35,U063,,Happy
TRK0012,Summer Sun,Paper Sound,Paper Collection,Indie,2025,Hindi,0.7335755991995991,0.6548849991498713,-9.504707840614987,0.0,0.5065065933251405,0.3030172314108438,0.13743365507021796,0.6408464390279692,,196976,77,42,U135,5,Happy
TRK0398,Wild Sun,Crimson Hearts,Crimson Diaries,K-Pop,2025,Korean,0.8671902956182658,0.8815532311358876,-5.90372513568255,0.1294708284029445,0.14615489143770344,0.07222502589916946,0.21897503096020998,0.6424890605973907,,228022,100,30,U135,3,Energetic
TRK0207,Hidden Fire,Silver Hearts,Silver Collection,Rock,2017,Korean,0.3250742823655756,0.7352934602766225,-7.742562514431493,0.0,0.03219690059974667,0.0,0.23086505817050637,0.7260826099791239,119.49836758750234,231189,50,36,U045,5,Happy
TRK0081,Velvet Shadows,Static Motion,Static Sessions,Classical,2013,,0.3065460419169093,0.4493968360549291,-13.705339824245657,0.04692199663301751,0.5775668317606649,0.8967980395054409,0.046764380635004474,0.3438369040450168,84.51297018203024,181324,74,27,U052,3,
TRK0320,Higher Paradise,,Midnight Diaries,Lo-Fi,2013,,0.5322229315560356,0.43550178141374535,-11.484845461857114,0.18585665846395535,0.7331931558845588,0.3558070780291385,0.048685291014278535,0.46808497361117857,95.14314253640646,283707,100,44,U032,4,Energetic
TRK0303,Gravity Hearts,Solar Stories,Solar Frequency,Pop,2013,Japanese,0.7454554125512725,0.6624340633573439,-7.892224569049965,,0.05956135714588198,0.0,0.09672057729651479,0.8682883358282869,116.01168321580309,193874,100,48,U020,4,Happy
TRK0389,Slow Sky,Royal Heights,Royal Stories,Pop,2026,English,0.7326281137237569,0.6436961034914768,-6.9969502871483344,0.0,0.1712519232465236,0.06947260067388616,0.11597117362738567,0.7756447544303136,,260718,76,64,U021,5,Happy
TRK0072,Golden Waves,Royal Heaven,Royal Diaries,Electronic,2026,English,0.7388250582315351,0.7869837684302718,-8.008093491335137,0.0,0.0,0.020214801675597416,0.1540604627836593,0.6413347404360288,117.25896085997202,244756,100,,U060,4,Party
TRK0101,Paper Stories,Blue Stories,Blue Sessions,Country,2001,English,0.42078941645270074,0.5475085662487479,-8.94047690604726,0.09262921662822476,0.39643345514876116,0.0,0.1345378112820158,0.833548014750311,115.80300424717836,221713,63,,U130,4,Romantic
TRK0171,Wild Hearts,Indigo Motion,Indigo Frequency,Indie,,English,0.5227148970165341,,-8.400700387806639,0.07580131115778253,0.2793108854695308,0.08196968541237563,0.21788631411742218,0.7701622965150224,108.68634648681913,208433,95,39,U047,3,Motivational
TRK0077,Distant Sun,Electric Pulse,Electric Collection,Indie,2015,English,,0.4553663960670865,-7.473141728787413,0.11825566957126617,0.28566493354228056,0.13876356760615519,0.0992225934594417,0.5910913504856832,120.02645357192927,234481,100,56,U014,4,Relaxing
TRK0175,Midnight Shadows,Urban Parade,Urban Sessions,Pop,2015,English,0.5731360569684708,0.7202421633622736,-7.879354774589124,0.20767890530485705,0.0,,0.15570971009294088,0.9890250258588463,118.82034970597988,258311,55,57,U046,4,Party
TRK0257,Slow Promises,Midnight Sound,Midnight Sessions,Latin,2026,Spanish,0.7808845306696945,0.8401146957779758,-5.413102288864184,0.07454089265284355,0.14260400807910034,0.06432188148436369,0.21877134241951823,0.9016708839905936,116.24103847611968,282015,100,59,U141,5,Happy
TRK0262,Paper Stories,,Wild Sessions,Electronic,2013,English,0.8213847385812238,0.8005791642389477,-8.47689322392622,0.021043581860320557,0.13206388593777824,0.14068406750732895,0.19157610985926754,0.7893026413895854,118.28270589419806,291701,79,46,U023,4,Motivational
TRK0263,Golden Memories,Aurora Stories,Aurora Diaries,Electronic,2013,English,,0.8533717739134937,-3.919881770984934,0.07513117108585667,0.0,0.1526298943431561,0.16265159961427192,0.8337199213190679,126.31815508387177,239082,82,24,U013,3,Party
TRK0062,Hidden Paradise,,Royal Frequency,Indie,2012,,0.6433910377733743,0.6161171556513396,-7.743396560803975,,0.3085817950320783,0.18648299586618844,0.17651898224208762,0.5483026569351099,127.78019566426005,219347,48,16,U037,3,Romantic
TRK0317,Paper Fire,Crimson Waves,Crimson Collection,Hip-Hop,2021,English,0.8170200903912092,0.8613897336550631,-5.551470948737601,0.24320825760738465,0.0,0.0,0.1346258193657809,0.7519394256600107,98.29418391283079,210056,70,39,U069,4,Party
TRK0384,Afterglow Motion,Blue District,Blue Sessions,Classical,2011,English,0.3986150645860495,0.3164649109869452,-14.531648235510028,0.0,0.554854062041623,0.6503573428518936,0.10783714690110646,0.5129176884451836,78.21416172542656,281934,60,36,U055,4,Relaxing
TRK0393,Silent Motion,Wild Stories,Wild Frequency,Jazz,2025,English,0.6419463472814954,0.5202680039826147,-9.528014230380114,0.13576274279396133,0.44847822551387234,0.3481724741858534,0.35051038421078407,0.7415937581060065,109.28861360435265,218759,100,,U120,4,Happy
TRK0002,Neon Waves,Echo Heaven,Echo Diaries,Pop,2024,Japanese,0.7015137636454739,0.6340947819150138,-5.730666047846122,0.06304617330690392,0.06107584395388762,0.0,0.1572616429887344,0.8629039093926958,120.31328262149312,252870,100,62,U027,5,Romantic
TRK0100,Sunday Signals,Neon Harbor,,Country,2001,English,0.607506215189234,0.6863824558143748,-9.8447035263667,0.0026153553277598954,0.4122279347167524,0.04951900453792894,0.1898148011606993,0.8478574243291017,99.47397431479283,264978,69,25,U018,3,Happy
TRK0291,Electric Sun,Sapphire Dream,Sapphire Stories,Pop,2026,English,0.7568010036494518,0.6201726314656019,-5.967777772621313,0.0025850346258378953,0.265666796591837,0.06656721048100923,0.0,0.7741243694036452,122.03417203936756,228430,100,52,U054,3,Happy
TRK0191,Broken Roads,Lunar Stories,Lunar Sessions,Hip-Hop,2022,English,0.7842644271323862,0.7761616066940763,-6.982734895390743,0.25858011278500803,0.0,,0.19678923797002065,0.6380629348373518,101.25708089235393,220044,81,37,U027,4,Party
TRK0214,Ocean Fire,Static Bloom,Static Frequency,Jazz,2022,English,0.5161524652153847,0.5823682108679953,-9.760372608852055,0.10014717635427807,0.5047036984697552,0.24680807993051546,0.26574955644494597,0.39647695431125646,105.28053031180876,266852,89,33,U055,2,Energetic
TRK0108,Higher Colours,Static Lines,Static Sessions,Indie,2026,English,0.5870419127327289,0.4959024496852733,-9.4454197642421,0.02164628703849488,0.25477621862393973,0.0002888945725526143,0.13990009350358215,0.5358141509840348,121.17555241838016,206810,100,55,U007,4,Relaxing
TRK0375,Higher Hearts,Crimson Garden,Crimson Nights,Pop,2024,English,0.6685401160715851,0.6261592084986389,-9.694157111053258,0.12791915169761103,0.040697651066361695,,0.037401982287112695,0.7971053846741541,131.00032661195752,306390,65,34,U076,3,Happy
TRK0282,Velvet Echoes,Velvet Lines,Velvet Diaries,K-Pop,2026,English,0.6597261987851413,,-5.090941511810036,0.030230677279735108,,0.030326276785038454,0.18922876721339243,1.0,128.1084134502337,222189,100,42,U084,,Happy
TRK0156,Broken Rhythm,Velvet Dream,Velvet Nights,,2026,French,0.7699788104295798,0.5613747641212603,-7.5457557136237865,0.05048676316806156,0.0,0.0589037590433763,0.09339733564654629,0.5976222359819389,122.63716618801293,285920,100,57,U096,,Focus
TRK0326,Paper Hearts,Static Motion,Static Diaries,Classical,2019,Japanese,0.2621240544677043,0.09138904589495592,-14.632310935002181,0.0,,0.9284406801412872,0.13529452629741207,0.3552812908878518,74.80240887960493,239721,94,46,U065,3,Calm
TRK0313,Golden Rhythm,Urban Lines,Urban Stories,Rock,2026,English,0.6173174917888647,0.8780376464959104,-5.928221656802176,0.007853098207538795,0.09582843574014743,0.05088823614155877,0.09430202811760367,0.6448675671302997,126.28430390930775,251793,100,47,U085,4,Energetic
TRK0102,Paper Waves,Electric Parade,Electric Sessions,Jazz,2018,French,0.38998644462756943,0.3932570229632354,-7.952283690002619,0.13361253381311364,0.4031879520864218,0.36271553804598694,0.23013995494905612,,101.85941185656989,231093,53,32,U037,3,Energetic
TRK0003,Golden Colours,Indigo Parade,,,2022,English,0.7486052542345125,0.6415372306320005,-8.324765766933485,0.26927667545211154,0.13734094944450417,0.09804952177496992,0.10341432048979139,0.7085368231531204,99.75654493260583,244937,100,42,U149,4,Motivational
TRK0170,Silent Shadows,Static Motion,Static Diaries,Classical,2021,French,0.4004506718589227,0.2481164493420881,-13.464348132826776,0.07796899333844104,0.7887028804994488,0.8083172872319087,0.10075614593992106,0.37356097445974185,77.05815882871131,213785,100,57,U037,4,Relaxing
TRK0344,Sunday Colours,Sapphire Sound,Sapphire Diaries,Rock,2021,Spanish,0.5163887003821573,0.8817316624309044,-6.508816347514161,,0.1633786027419979,0.23131325221882937,0.26907065979592215,0.46840318081344146,116.80681967877611,210478,56,41,U086,4,Focus
TRK0157,Wild City,Golden Parade,,Lo-Fi,2026,English,0.3558462397770199,0.31458259673359795,-11.488832836649491,0.0,0.6891861543540457,0.5462177980333435,0.15479553160605541,,83.38205679203361,227319,96,44,U020,3,Calm
TRK0399,Starlight Sky,Aurora Skies,Aurora Collection,Pop,2009,Korean,0.6965714297672635,0.6655042749498832,-8.973587910810602,0.09924450880716551,0.16807972947867422,0.14221213256423448,0.08965812691554943,0.8123385220617966,117.2391468050271,291494,29,34,U054,,Romantic
TRK0093,Paper Sky,Silver Hearts,,Rock,2018,Korean,0.5695605243314346,0.6626181287227711,-8.690937391980919,0.059463108098876595,0.0489981683635165,0.1761023430583431,0.16793779270803433,0.4678908413945251,115.49516059608959,151275,76,30,U025,2,Relaxing
TRK0354,Higher Hearts,Royal Riders,Royal Sessions,Indie,2008,English,0.6917834400549722,0.5999642595272116,,0.006729557399517673,0.33301072880997795,0.05706423458867871,0.0792277119307721,0.8945081517984762,119.73140642690423,253321,93,36,U063,4,Motivational
TRK0212,Summer Colours,Neon Harbor,Neon Sessions,Country,2024,French,0.5396798383289502,0.6710169766168603,-7.766428857027675,0.0,0.46055217838559614,0.0,0.1544024476969952,0.8401943486243177,113.51240837382346,217125,100,47,U129,4,Romantic
TRK0033,Gravity Signals,Crimson District,,Latin,2016,Hindi,0.7357464288107817,0.8798907090670594,-6.482544892632279,0.10162029704952127,0.2908849170789433,0.012911443963477216,0.1141214532852529,0.8536657861145653,121.417032241151,185532,97,42,U135,4,Motivational
TRK0125,Summer Signals,Sapphire Heaven,Sapphire Frequency,Hip-Hop,2023,Spanish,0.8596554884498404,0.6554810631728766,-6.940045399411315,0.28151878752545334,0.12734602159828834,0.23437908983336986,0.09655924778825375,0.5468126655550608,91.07753507963218,259223,98,48,U031,4,Romantic
TRK0066,Hidden Lights,Crimson Waves,Crimson Sessions,Hip-Hop,2021,English,0.7522643820179146,0.7003463826211268,-8.496501207818131,0.22968183059014613,0.0,0.0,0.16587502322763947,0.845397815855816,,221229,100,45,U051,4,Motivational
TRK0060,Gravity Roads,Golden Heights,Golden Nights,Pop,2024,English,0.691720425085243,0.6833737325152788,-6.782132380366764,0.09775663898604009,0.0,0.0,0.1973275450781771,0.7859867683192368,106.4158692469542,254202,100,53,U078,,Happy
TRK0289,Silent Shadows,Paper Sound,Paper Collection,Indie,2016,Korean,0.8041837800010986,0.45438256151045964,-9.102852999227794,0.049833993845822364,0.28735984339046694,0.198718567551875,0.20692803751037475,0.683698514246201,111.65034837990734,232106,82,32,U146,4,Happy
TRK0019,Hidden Rhythm,Aurora District,Aurora Frequency,R&B,2016,Korean,0.71959939896871,0.5939275374232614,-10.186283526704516,0.11475979676713494,0.3514637169256271,0.0,0.1904679609588732,0.6814898097210028,101.11831829471814,201035,77,,U052,4,Motivational
TRK0360,Broken Hearts,Crimson Signals,Crimson Frequency,Rock,2021,English,0.4851397854317092,0.7917747507211181,-6.479237155809347,0.056094169336048855,,0.043708325100664636,0.19368284531379665,0.5700589443162052,133.30966979260202,279581,100,41,U134,,Romantic
TRK0043,,Crimson Garden,Crimson Horizons,Pop,2014,English,0.75140772238698,0.6857333955955839,-5.900335429445381,0.0,,,0.0,0.7315387183384803,110.46475200716635,233339,100,30,U071,3,Motivational
TRK0240,Electric Memories,Solar Stories,Solar Horizons,Pop,2008,Hindi,0.6444459281259471,0.5860475952853267,-6.435555082972699,0.0858089354194563,0.21959268794429188,0.08160795053552103,0.13460547073113582,0.9303411317059618,120.04853264716029,238885,100,50,U122,,
TRK0088,Distant Motion,Solar Circuit ,Solar Stories,Rock,2022,English,0.45290718698421917,0.7296177717043025,-7.512978801656027,0.0,0.1361407285500787,0.045269194532348504,0.1592008606829204,0.3413013106465727,116.6657268180112,273824,70,37,U076,4,Sad
TRK0290,Slow Sky,Paper Sound,Paper Frequency,Indie,2009,,0.4051481970516476,0.6342628152950959,-7.796823602286155,0.07273703821697468,0.2009386383282416,0.278588676120838,0.10738043642982495,0.684471612891686,123.34901951485341,205402,64,15,U093,3,Happy
TRK0137,Afterglow Rhythm,Solar Heights,Solar Sessions,Hip-Hop,2026,English,0.6556055928531358,0.6903824953037941,-7.297083410141483,0.19938720721005188,0.02665677869223472,0.15560324963423391,0.09358044738177415,0.5322744050970981,107.09648639675525,255353,80,36,U053,5,Relaxing
TRK0227,Broken Sun,Neon Waves,Neon Frequency,Pop,2012,English,0.7969147501966808,0.759273473178186,-6.27582145436555,0.0826384456926485,0.09350751080011303,0.09899194016228824,0.18545761327159488,0.9443115970483825,118.0828787701049,282981,88,60,U130,4,Energetic
TRK0001,Electric Dreams,Paper Riders,Paper Frequency,Classical,2010,English,0.3440564716391214,0.1179209509309351,-16.018852555441978,0.03575281814252784,0.7342252266539296,0.791742406914964,0.0402869250698494,0.46107463079238487,85.94114974739561,231099,89,68,U109,5,Relaxing
TRK0184,Falling Stories,Royal Riders,Royal Collection,Indie,2025,Japanese,0.6539631204986562,0.8308702542143291,-7.931281667550142,0.031048115780428022,0.3321619864666801,0.21194093394500899,0.11033008822828949,0.6355838652794028,127.92056797514587,247134,57,24,U041,3,Energetic
TRK0315,Gravity Fire,Midnight Dream,Midnight Frequency,Lo-Fi,2013,Spanish,0.44467592013609225,0.1854498405327902,-10.46411237412516,0.047955443699341876,0.5672285134617077,0.23685960987992538,0.0,0.33558700584681805,88.11233322831744,302908,84,32,U071,3,Melancholic
TRK0230,Afterglow Fire,Solar Heights,Solar Diaries,Hip-Hop,,,0.8524699196769792,0.7832701703015356,-5.797134556319141,0.2737690599481609,0.002061228229126723,0.0,0.17942534880898367,0.7805283245245181,109.67282848363156,,72,65,U140,5,Party
TRK0041,Distant Rain,,Midnight Frequency,Rock,2020,English,0.49773961146369405,0.9335615981807674,-6.247865250601619,0.0,0.08621632557056333,0.0,0.16603613429352823,0.6872129524827117,116.05820624458737,187005,94,42,U149,3,Motivational
TRK0336,Distant Motion,Indigo Motion,Indigo Sessions,Indie,2018,English,0.528654801295089,0.4768839389813383,-8.36401150481846,0.06915715675632084,0.40301046216422165,0.1215371594069481,0.04212489024490239,0.5806912300521931,110.8948057061722,221049,83,25,U080,3,Relaxing
TRK0249,,Lunar Stories,Lunar Diaries,Hip-Hop,2016,English,0.6384201701491125,0.6153890111288629,-10.548467924596611,0.21835875002216365,0.026588963251936375,0.0,0.22753741376386322,0.7706901319276909,99.05368896107139,227741,100,,U037,3,Motivational
TRK0044,Wild Colours,Midnight Bloom,Midnight Collection,Pop,2011,Spanish,,0.6940254735660835,-6.24094195045038,,0.16688330798102669,0.0,0.11915407444482128,0.8059785686494697,108.18325471065822,187465,92,63,U082,5,Happy
TRK0021,Velvet Signals,Midnight Dream,Midnight Frequency,Lo-Fi,2017,English,0.3981720157633725,0.4430535629357481,-10.86579873811552,0.008548130713956416,0.5254618358036705,0.3058243928679931,0.024840789543321043,0.40622362080726193,86.34187921644617,269088,87,35,U086,4,Relaxing
TRK0088,Distant Motion,Solar Circuit,Solar Stories,Rock,2022,English,0.45290718698421917,0.7296177717043025,-7.512978801656027,0.0,0.1361407285500787,0.045269194532348504,0.1592008606829204,0.3413013106465727,116.6657268180112,273824,70,26,U077,3,Sad
TRK0231,Wild Fire,Indigo Motion,Indigo Diaries,Indie,2020,Hindi,0.48547434481266233,0.6980199097605752,-5.716085449349736,0.0,0.3032984570874615,0.11459209801661675,0.2746858849307098,0.6195794515258959,113.6552264621424,285009,78,51,U086,5,Energetic
TRK0172,Broken Lights,Silver Hearts,Silver Stories,Rock,2014,French,0.44355715819357583,0.7730435386390737,-6.981424511673829,0.050324317716936656,0.053709218700253324,0.0,0.24459087287659437,0.7590504137374932,134.04104755976746,189890,,42,U137,4,Happy
TRK0347,Slow Rhythm,Paper Garden,Paper Sessions,Country,2005,English,0.7071067390768662,,-9.5102753210444,,0.364626833916373,0.019560100268972067,0.2706081356305253,0.8149972012116945,130.9339813514694,242489,,20,U100,3,Motivational
TRK0061,Hidden Waves,Wild District,Wild Sessions,Indie,2020,English,0.43957309019092505,0.5946868864973889,-8.579083051872368,0.02827444285739099,0.435693134562286,0.27149676452365157,0.2756059038220251,0.7919908745733164,115.04242984441936,244751,100,45,U024,,Motivational
TRK0259,Midnight Stories,Indigo Waves,Indigo Collection,Pop,2019,Hindi,0.7840785134252641,0.718821765121364,-7.961764675059078,0.022813375982758365,0.018537762820207096,0.04406700053696589,0.11811309144953548,0.8681763943593139,122.28883154518934,219647,100,46,U119,4,Party
TRK0059,Sunday Fire,Royal Sound,Royal Collection,R&B,2021,English,0.5737571219860069,0.5268500967273972,-6.634800523480849,0.07821864407922957,0.4110700196330108,0.060915016645666474,0.1585625323816887,0.8665064465752664,,201758,89,48,U140,4,Romantic
TRK0006,Broken Shadows,Velvet Dream,Velvet Stories,Pop,2009,Japanese,0.6730597659797276,0.6893894121804237,-6.454935772771638,0.09009390292134749,0.16381178143562777,0.026532629692620418,0.09036911815690923,0.8078321674210557,104.34216571104211,191235,55,46,U031,5,Energetic
TRK0020,Gravity Dreams,Urban Bloom,Urban Collection,,2021,English,0.8038993158738299,0.8054937648801928,-7.1994038496010715,0.2429945617136642,0.0,0.12895839345948532,0.0675187463819594,0.8030758320588216,99.75719801316163,277479,100,37,U077,3,Motivational
TRK0082,Electric Memories,Golden Heights,Golden Collection,Pop,2023,English,0.6125233986182286,0.7520197740218939,,0.08853872119570393,0.27570710787970387,0.09442598863859064,0.16605216073032256,1.0,117.06986014560448,210332,100,71,U021,5,Energetic
TRK0345,Gravity City,Blue District,,Classical,2023,French,0.19518408751562968,0.24076904314034886,-16.427454281362593,0.015048202967081665,0.7518462122361907,0.812059380746438,0.12652138384141218,0.38421788959237807,79.44678606897986,237880,98,44,U067,4,Focus
TRK0219,Wild Dreams,Indigo Parade,Indigo Diaries,Hip-Hop,2020,English,,0.712697429962954,-8.08149661686831,0.2153847875619752,0.0495172776162516,0.16968405192298106,0.2760693420482116,,96.87770366525643,319024,81,30,U127,,Party
TRK0034,Broken Memories,Solar Stories,Solar Nights,Pop,2006,,0.7447665901108943,0.6900612512372456,-7.333869329025881,0.06283668078789727,0.11753147391352486,0.0,0.16947947486293355,0.901868854766353,120.93122226980749,256046,81,49,U146,5,Motivational
TRK0010,Wild Colours,Golden Pulse,Golden Sessions ,K-Pop,2016,Korean,0.5925317055295642,0.7143652145657913,-6.721443417284611,0.15955684611109472,0.08730362639939365,0.12700431374224513,0.09504930810225937,0.7252122217023026,112.99454412062789,215483,,32,U037,2,Party
TRK0296,Falling Shadows,Golden Heights,Golden Sessions,Pop,2024,French,0.7830612362483332,0.6493851912959683,-7.1223846272273095,0.05553958614832394,0.08195480069500877,0.23190826976548218,0.0,0.8065350336723476,126.93476912700878,191862,84,37,U104,3,
TRK0151,Ocean Memories,Indigo Pulse,,Rock,2013,English,0.43594921391520064,0.9280126933158811,-5.081624812735736,0.05072582368742018,0.04253584874401047,0.0009303192120989276,0.21294225289663646,0.7559709051706432,122.35925035093342,240529,44,35,U113,4,Party
TRK0102,Paper Waves,Electric Parade,,Jazz,2018,French,0.38998644462756943,0.3932570229632354,-7.952283690002619,0.13361253381311364,0.4031879520864218,0.36271553804598694,0.23013995494905612,0.5548841848980754,101.85941185656989,231093,53,45,U019,4,Energetic
TRK0112,Golden Memories,Nova Heaven,Nova Sessions,Country,,English,0.6344558411983979,0.516946141836524,-8.080608302089118,0.07872383685826505,0.5738480877595257,0.0,0.1541481790819103,0.7841213937324781,111.51347269905312,195637,99,29,U099,3,Happy
TRK0386,Ocean Shadows,Crimson Hearts,Crimson Sessions,K-Pop,2018,Korean,0.7879820265019124,1.0,-5.945918308415852,0.06040674676576747,0.1415331824381853,0.058111682658370724,0.23075350398479635,0.9213508267653437,123.01261433623174,180797,63,35,U119,4,Party
TRK0060,Gravity Roads,Golden Heights,Golden Nights,Pop,2024,English,0.691720425085243,0.6833737325152788,-6.782132380366764,,0.0,0.0,0.1973275450781771,0.7859867683192368,106.4158692469542,254202,100,55,U048,4,Happy
TRK0026,Midnight Roads,Electric Lines,Electric Sessions,Classical,2007,Korean,0.18217355598448232,0.32049243997161725,-14.190383559744237,0.03890055368738334,0.8504626568744852,0.9378148789142177,0.09516034456917023,0.5047675060179745,83.49439986704714,200446,56,23,U006,4,Melancholic
TRK0175,Midnight Shadows,Urban Parade,Urban Sessions,Pop,2015,English,0.5731360569684708,0.7202421633622736,-7.879354774589124,0.20767890530485705,0.0,0.0,0.15570971009294088,0.9890250258588463,118.82034970597988,258311,,52,U129,,Party
TRK0271,,Aurora Skies,Aurora Sessions,Pop,2026,English,0.6777085744177497,0.7630534519991411,-8.488036301136791,0.026688732834351164,0.12174783896761407,0.0,0.11739874505462819,0.7156615848796087,119.75625822121323,203686,100,36,U121,3,Energetic
TRK0216,Paper Echoes,Midnight Skies,Midnight Frequency,Hip-Hop,,English,0.7265067962726393,0.7893050198931415,-7.869088918703911,0.24796722063794605,0.08048369300658617,0.022645037643071964,0.17831816351603097,0.6703689438303281,95.8470972740669,290168,92,57,U116,4,
TRK0107,Silent Waves,Lunar District,Lunar Diaries,Rock,2015,English,0.5306583154190254,0.7146022939348073,-5.710719504259139,0.015140666468207171,0.05654808759006977,0.07703671076971916,0.15557768061889057,0.7788295200320834,120.22295391691496,219345,71,39,U080,4,Happy
TRK0120,Wild Lights,Solar Heights,Solar Frequency,Hip-Hop,2013,English,0.6575471087086994,0.7761124330937934,-8.374898603799856,0.2271135238860671,0.0,0.0464320659381916,0.10516569497012018,0.6667185973766202,98.95264576218302,216499,87,25,U121,3,Party
TRK0277,Neon Promises,Golden Theory,,Rock,2007,English,0.5166336968934061,0.7468484700118985,-6.058597139783031,0.0002037877795454876,,0.16372686835549044,0.20906333807898297,0.46851841773717473,119.16837888085021,255379,68,20,U031,3,Relaxing
TRK0394,Wild Lights,Sapphire Sound,,Rock,2017,English,0.4929042328587235,0.8471142223222455,-6.569131413337541,0.0906721559874283,0.22722953255242945,0.15971272262078423,0.17066261303502037,0.758821933031798,129.030404514514,197047,95,46,U086,4,Energetic
TRK0280,Neon Shadows,Royal Riders,Royal Sessions,Indie,2019,English,0.5504783292879338,0.6347049167130754,-7.488823172418342,0.11757208426840368,0.17317167936100317,0.05147634048078456,0.20939612737719526,0.8557227696126306,118.44114585183277,228035,100,30,U030,3,Romantic
TRK0166,Gravity Shadows,Aurora Skies,Aurora Stories,pop,2017,,0.7058597329174622,0.7025449267966397,-6.854444525712865,0.07728637152782807,0.19963151327625855,0.0,0.1322990319315395,0.9608794064156653,104.16128192645203,242754,79,41,U037,3,Energetic
TRK0089,Summer Echoes,Urban Lines,Urban Sessions,Rock,2016,English,0.7125779791881685,1.0,-6.027878745544469,0.02330509168083384,0.04744549884804684,0.09573437473245824,0.182634310602439,,142.43745000567233,235633,100,44,U084,3,Energetic
TRK0378,Neon Lights,Golden Parade,Golden Diaries,Lo-Fi,2008, English ,0.5032339272489473,0.31342899322265955,-12.566583033340635,0.03374896842827049,0.7272291657095648,0.3781390650791738,0.05759223840299266,0.47858954970136774,93.82496781114408,202487,71,,U123,4,Relaxing
TRK0399,Starlight Sky,Aurora Skies,,Pop,2009,Korean,0.6965714297672635,0.6655042749498832,-8.973587910810602,0.09924450880716551,0.16807972947867422,0.14221213256423448,0.08965812691554943,0.8123385220617966,117.2391468050271,291494,29,31,U138,5,Romantic
TRK0035,Gravity Motion,Blue Circuit,Blue Frequency,K-Pop,2012,Korean,0.6355528212398924,0.6888964471191905,-6.818127116624915,0.09504328078239715,0.08244663220091333,0.0,0.19301291948139743,0.9398956466377372,119.05626024741171,217869,92,62,U148,5,Happy
TRK0211,Falling Rain,Crimson Garden,Crimson Nights,Pop,2026,Japanese,0.8661799167547305,0.6603957869327228,-6.835223500767991,0.027557803403377476,0.07797595100993898,0.10501874283624439,0.1271274429172309,0.6883525801369106,106.88570395968881,194633,100,46,U092,4,Happy
TRK0223,Electric Rhythm,Golden Heights,Golden Diaries,Pop,2026,English,0.862953197456844,0.7588408042780886,-5.799598391722843,0.10235918707397516,0.15126821011182642,0.0699202687294537,0.10370044987190905,1.0,111.62711618340413,237868,100,65,U131,5,Party
TRK0126,Neon City,Solar Theory,Solar Collection,R&B,2026,English,0.726645114657155,,-8.406508690054213,0.01854040055109328,0.10793114239215948,0.0,0.028709679650948894,0.9361866170743558,105.10751530730847,250531,94,57,U025,5,Happy
TRK0245,Gravity Sky,Static Lines,,Indie,2012,English,0.6161600521843583,0.6321213150233576,-7.279291653604948,0.12752734475160765,0.3612409774159476,0.10482006065445633,0.2556103736325805,0.7846826053302078,113.91398100228058,234747,83,62,U101,5,Motivational
TRK0358,Distant Shadows,Silver Skies,Silver Stories,Pop,2006,Spanish,0.8524736965627251,0.7745852050513429,-4.354873138918901,0.07797535653706503,0.3318300507531296,0.07093512762701808,0.12157362073076154,0.6924760503610465,128.00327999811228,218954,62,45,U123,5,Party
TRK0386,Ocean Shadows,Crimson Hearts,Crimson Sessions,,2018,Korean,0.7879820265019124,1.0,-5.945918308415852,0.06040674676576747,0.1415331824381853,,0.23075350398479635,0.9213508267653437,123.01261433623174,180797,63,62,U082,5,Party
TRK0287,Hidden Roads,Echo Signals,Echo Sessions,R&B,2017,Hindi,0.6907989308907942,0.6915559733892898,-8.373154730139111,0.01843352350441113,0.1938491819951375,0.11191732451417631,0.17027431322652986,0.7829840672443317,100.28464387319944,211276,95,30,U011,3,Motivational
TRK0302,Hidden Signals,Nova Riders,Nova Frequency,K-Pop,2016,,,0.8665295966258072,-6.230764328800522,0.11798905358117982,0.1690134878156588,0.0,,0.7005371909094229,131.98276083147425,303545,86,70,U107,4,Party
TRK0246,Falling Memories,Indigo Parade,Indigo Frequency,Hip-Hop,2011,English,0.8234710642090004,0.7206641419830236,-6.8623340480387025,0.18490634654809823,0.007356082669942657,0.08946137444147831,0.19164667207237612,0.6305913341891172,101.30326122078179,310252,77,27,U149,3,Motivational
TRK0127,Electric Fire,Urban Parade,Urban Diaries,Pop,2021,English,0.6857847109267953,0.5648239028275313,-9.77882716635796,0.05822971445201193,0.11787080086001953,0.0,0.1175867594475757,0.8152596734541223,98.72429449393793,208947,98,63,U021,5,Happy
TRK0371,Paper Lights,Sapphire Riders,Sapphire Collection,R&B,2007,English,0.469715061749037,0.597520013272102,-9.388948145157173,0.05171499306557407,0.04104617668990804,0.10184012394277711,0.1798024556097283,0.9121578426205682,96.17714723049774,246386,53,46,U054,4,Happy
TRK0017,Broken Shadows,Solar Stories,Solar Stories,Pop,2014,,0.8212715817819829,0.7393065349356577,-6.459972705113983,0.07239199064100404,0.09129165511686249,0.0,,0.8344783850725709,135.33494449547962,288977,91,40,U133,3,Happy
TRK0305,Hidden Memories,Velvet Bloom,Velvet Frequency,Lo-Fi,2013,English,0.5577478542719683,0.31604394500267413,-11.075050857081044,0.04223832994500693,0.5528015056758783,0.27948494124348144,0.08903598764458695,0.40767742618323416,85.36852260428678,239216,47,20,U018,3,Melancholic
TRK0324,Neon Sky,Royal Riders,Royal Diaries,Indie,2015,Spanish,0.6513069281851587,0.5294057587662064,-9.652145522324075,0.07213685906103391,0.33874384279965525,0.11123138880589577,0.22507733552971362,0.7574919857832212,125.58007236884055,173109,87,55,U074,5,Motivational
TRK0246,Falling Memories,Indigo Parade,Indigo Frequency,Hip-Hop,,English,0.8234710642090004,0.7206641419830236,-6.8623340480387025,0.18490634654809823,0.007356082669942657,0.08946137444147831,0.19164667207237612,0.6305913341891172,101.30326122078179,310252,77,25,U090,2,
TRK0244,Neon Fire,Neon District,Neon Sessions,K-Pop,2015,Korean,0.8201895648606442,0.7539564555693651,-5.324138136843929,0.06894256518520105,0.004564854372193117,0.0,0.1477243157206745,0.9919272292353181,123.49591688583547,311574,,46,U128,2,Party
TRK0298,Sunday Signals,Urban Bloom,Urban Diaries,Hip-Hop,2021,English,0.7058685644564351,0.7309472407335957,-7.821142260265308,0.22747351018645057,0.09642220036496348,0.004764951916366146,,0.8652853059410873,98.78933821910796,276292,100,42,U008,4,Happy
TRK0202,Slow Shadows,Indigo Pulse,,Rock,2026,English,0.5284643511311702,0.8954774444717413,-7.18432683969068,0.030024426361155977,0.04192577999415767,0.10895397572137194,0.1778077806445161,0.7148139809855554,137.83179862826384,266991,90,51,U143,4,Motivational
TRK0290,Slow Sky,Paper Sound,Paper Frequency,Indie,2009,English,0.4051481970516476,0.6342628152950959,-7.796823602286155,0.07273703821697468,,0.278588676120838,0.10738043642982495,0.684471612891686,,205402,64,35,U137,4,Happy
TRK0074,Afterglow Shadows,Urban Lines,Urban Frequency,Rock,2010,Spanish,0.4313805869300953,0.8456655505852365,-6.245879396177607,0.02072463708174836,0.031098887757320726,0.0,0.12843432599387403,0.9348239309699162,130.765071828263,267909,70,38,U118,4,Happy
TRK0144,Golden Memories,Silver Skies,Silver Stories,Pop,2023,English,0.7821601313120972,0.7121876000983328,-6.726369660671997,0.01666669387604572,0.0,0.03500811303450241,0.14267931793905012,0.9780970782940765,130.75350053013395,290239,80,44,U077,4,Party
TRK0223,Electric Rhythm,Golden Heights,Golden Diaries,Pop,2026,English,,0.7588408042780886,-5.799598391722843,0.10235918707397516,0.15126821011182642,0.0699202687294537,0.10370044987190905,1.0,,237868,100,64,U033,4,
TRK0228,Paper Echoes,Solar Circuit,Solar Stories,,2022,English,0.4425204925209917,0.8170196475184932,-6.744387374661235,0.028039104429712948,0.2564025901096481,0.0,0.1568143668643547,0.4896680060351533,121.89440091643942,181485,95,58,U010,5,Energetic
TRK0186,Starlight Paradise,Paper Sound,Paper Diaries,,2026,English,0.49101960106515896,,-8.158621656436669,0.033191870126861894,0.4045160088330255,0.1727359769582056,0.21222882262832538,0.8064978795980711,,204036,79,28,U129,4,Romantic
TRK0220,Distant Rhythm,Silver Skies,Silver Frequency,Pop,2026,English,0.865817080747911,0.7427664668399292,-5.904380339320048,,,0.12241929575775687,0.11727629756496477,0.9101229955168066,112.51753459426095,217892,92,50,U115,4,Motivational
TRK0250,Slow Lights,Neon District,Neon Diaries,K-Pop,2023,Hindi,0.7661610346189476,0.7326582622939095,-8.023983463059329,0.10483797033375195,0.0,0.07503451014048883,0.18723981243840387,0.9331958902392797,119.23258055890018,258078,99,52,U129,5,Happy
TRK0276,Golden Roads,Neon Stories,Neon Frequency,Lo-Fi,2016,Hindi,0.27611845374790683,0.18146756409710907,-12.033566235818993,0.03379530149759937,0.6657166001649696,0.420497020979903,0.026887382365640783,,81.43170116874637,207481,99,52,U050,4,Melancholic
TRK0064,Summer Colours,Lunar Harbor,Lunar Stories,Pop,2014,French,0.8186136316960768,0.6744539867849711,-6.109823672554085,0.10048306159115361,0.003586339872721306,0.11774804680901223,0.16889964417600536,,111.51822213755335,212451,76,49,U129,,Motivational
TRK0201,Wild Fire,Static Parade,Static Diaries,Electronic,2025,French,0.677149575905873,0.7847444687995999,,0.037736320626342953,0.061226014343580396,0.06782321306795128,0.20342606757519505,0.8534787416652042,122.83378259433051,224957,98,32,U080,4,Party
TRK0121,Velvet Rain,Sapphire Riders,Sapphire Frequency,R&B,2023,English,0.6593302712174063,0.621754670494283,-5.958831968952131,0.03968397063904583,,0.0,0.14520912107600367,0.8943642003247797,105.9356682531527,241674,85,55,U148,4,Motivational
TRK0100,Sunday Signals,Neon Harbor,Neon Sessions,Country,2001,English,0.607506215189234,0.6863824558143748,-9.8447035263667,0.0026153553277598954,0.4122279347167524,0.04951900453792894,0.1898148011606993,0.8478574243291017,99.47397431479283,264978,69,29,U115,3,Happy
TRK0076,Neon Echoes,Neon Stories,Neon Diaries,Lo-Fi,2009,English,0.22151794645046802,0.27066498538554856,-11.755593201296177,0.004336337629393852,0.6501787358863441,0.37207157720248296,0.15327335002657105,0.6023411664551772,91.47582143836757,198205,99,44,U109,,Relaxing
TRK0103,Hidden Rhythm,Wild Circuit,Wild Diaries,Classical,2006,English,0.2864525037992802,0.21377176715673216,-14.50540523473548,0.0,0.6518063751634017,0.7313995028806262,0.1859894568596106,0.3032615941608924,86.27828578198104,212996,66,31,U027,2,Relaxing
TRK0200,Silent Motion,Wild Harbor,Wild Diaries,Electronic,2015,English,0.742280712521093,0.6480567496714164,-8.404213479078104,0.10324920687540973,0.0,0.043368465038429435,0.13201959605971653,0.995677765871745,127.4196813690422,222170,100,33,U067,3,Romantic
TRK0316,Ocean Waves,Indigo Pulse,Indigo Stories,Rock,2016,English,,0.6981663089190868,-7.36464394815389,0.019892969412178,0.10823540651913566,0.044792115340538216,0.39973673667787,0.5669849662934751,128.00425411910143,258104,80,32,U100,3,Focus
TRK0045,Afterglow Shadows,Echo Riders,Echo Diaries,Rock,2025,French,,0.6995242529818426,-4.808012600990078,0.06271641423136834,0.19278881368830159,0.0,0.11163248873106316,0.6934291647637784,126.65905844221122,254667,87,48,U049,3,Happy
TRK0033,Gravity Signals,Crimson District,Crimson Diaries,Latin,2016,Hindi,0.7357464288107817,,-6.482544892632279,0.10162029704952127,0.2908849170789433,0.012911443963477216,0.1141214532852529,0.8536657861145653,121.417032241151,185532,97,60,U103,5,Motivational
TRK0149,Wild Roads,Velvet Dream,Velvet Nights,Pop,2025,Spanish,0.7302472367103157,0.6807260949115542,-8.207435636106812,0.02576041325537763,0.12595430503598892,0.1321493633198671,0.11091846577680477,0.8333383809541681,122.28028395400169,207018,100,55,U114,4,Party
TRK0127,Electric Fire,Urban Parade,Urban Diaries,,2021,English,0.6857847109267953,0.5648239028275313,-9.77882716635796,0.05822971445201193,0.11787080086001953,0.0,0.1175867594475757,0.8152596734541223,98.72429449393793,208947,98,72,U039,,Happy
TRK0314,Gravity Signals,Indigo Parade,Indigo Frequency,Hip-Hop,2014,English,0.591819424337232,0.6880970641217066,,0.20577241711452837,0.05764326034816381,0.0,0.26390617991645005,,99.89447070417773,282472,91,49,U117,5,Energetic
TRK0112,Golden Memories,Nova Heaven,Nova Sessions,Country,2023,English,0.6344558411983979,0.516946141836524,-8.080608302089118,0.07872383685826505,0.5738480877595257,0.0,0.1541481790819103,0.7841213937324781,111.51347269905312,195637,99,31,U130,3,Happy
TRK0242,Distant Paradise,Static Parade,Static Collection,Electronic,2012,,0.9140254400951829,0.9100355025182985,-6.806034293291505,0.04922380206976544,0.0,0.020522688097135505,0.08689084581840974,0.782700618316879,116.92276461229652,189961,86,25,U112,3,Motivational
TRK0045,Afterglow Shadows,Echo Riders,Echo Diaries,Rock,2025,French,,0.6995242529818426,-4.808012600990078,0.06271641423136834,0.19278881368830159,0.0,0.11163248873106316,0.6934291647637784,126.65905844221122,254667,,56,U025,5,Happy
TRK0219,Wild Dreams,Indigo Parade,Indigo Diaries,Hip-Hop,2020,English,0.6576352238300109,0.712697429962954,-8.08149661686831,0.2153847875619752,,0.16968405192298106,0.2760693420482116,0.7355202235555344,96.87770366525643,319024,81,41,U061,,Party
TRK0046,Gravity Stories,,Silver Stories,Pop,2006,French,0.8201745397651508,0.8319388933348619,-7.828930943411419,0.0,,0.1220909041251066,0.24583161657040203,0.911201901844421,117.00534982733737,210068,77,37,U008,3,Party
TRK0078,Hidden Paradise,Midnight Motion,Midnight Collection,Rock,2014,English,0.4684501120701065,0.7418673876814057,-5.63989999545768,0.0792612052510264,0.170331382968788,0.21072970368864324,0.29145413608654125,0.6255303256956454,129.81242936269453,217489,78,36,U103,4,Motivational
TRK0107,Silent Waves,Lunar District,Lunar Diaries,Rock,2015,English,0.5306583154190254,0.7146022939348073,-5.710719504259139,0.015140666468207171,0.05654808759006977,0.07703671076971916,0.15557768061889057,0.7788295200320834,120.22295391691496,219345,71,47,U061,5,Happy
TRK0150,Broken Lights,Sapphire Signals,Sapphire Diaries,Indie,2023,Spanish,0.5264912846623288,0.5503381802418778,-7.699628453412719,0.01275870916694024,0.31290601956947317,0.12024987869379078,0.21971570793755807,0.5966744428383599,100.5159970073828,173975,66,33,U100,4,Energetic
TRK0148,Sunday Rain,Velvet Parade,Velvet Frequency,Country,2026,English,0.5067914177191088,0.6196590401195754,-11.373542635975644,0.0,0.37756757510057976,0.2027458141229706,0.13949889382832825,0.7236785152210713,121.66519978230573,301756,83,43,U071,4,Romantic
TRK0228,Paper Echoes,Solar Circuit,Solar Stories,Rock,2022,English,0.4425204925209917,0.8170196475184932,-6.744387374661235,0.028039104429712948,0.2564025901096481,0.0,,0.4896680060351533,121.89440091643942,181485,95,47,U043,4,Energetic
TRK0114,Summer Memories,Golden Heights,Golden Horizons,Pop,2021,French,0.7031348246599547,0.7897206119598331,-6.258785919815584,0.007136707401199094,0.1507953326819583,0.0,0.21887591489727043,0.943935485923134,,242769,90,51,U146,5,Party
TRK0020,Gravity Dreams,Urban Bloom,Urban Collection,Hip-Hop,2021,English,0.8038993158738299,0.8054937648801928,-7.1994038496010715,0.2429945617136642,0.0,0.12895839345948532,0.0675187463819594,0.8030758320588216,99.75719801316163,277479,100,50,U074,4,Motivational
TRK0251,Golden Dreams,Sapphire Sound,Sapphire Sessions,,2023,English,0.6076470882780929,0.9841005090884356,-5.671897928182727,0.07514469656319914,,0.0,0.22829856138075383,0.6213575932506222,125.59145224716391,273995,100,56,U063,3,Happy
TRK0138,Paper Sky,Aurora Heights,Aurora Sessions,Jazz,2010,English,0.5675144659894898,0.23256455588639963,-9.351762930814122,0.02678972425071032,0.5252918026393255,0.37719749522500695,0.30592104740246917,0.5799365291945221,,207007,76,41,U108,4,Energetic
TRK0006,Broken Shadows,Velvet Dream,Velvet Stories,Pop,2009,Japanese,0.6730597659797276,0.6893894121804237,-6.454935772771638,0.09009390292134749,,0.026532629692620418,0.09036911815690923,0.8078321674210557,104.34216571104211,191235,55,26,U088,,Energetic
TRK0218,Summer Lights,Crimson Signals,Crimson Frequency,Rock,2021,English,0.5525707983318722,0.9087885855648805,-5.497718548208321,0.04674144475262554,0.030108620141812516,0.0,0.21377492366993456,0.7252444775467085,133.79243552607176,196746,99,53,U110,4,Happy
TRK0236,Ocean Roads,Midnight Dream,Midnight Sessions,Lo-Fi,2009,English,0.27842417156216837,0.17877615855603496,-11.9228265606937,0.1148904963173937,0.6900511645848929,0.3752909084767284,0.1112275831171141,0.313180593323601,75.9605355924255,190868,44,22,U125,2,Calm
TRK0182,Velvet Fire,Velvet Lines,Velvet Diaries,K-Pop,2018,Hindi,0.681574149108482,0.769139539849731,-7.224700019719344,0.18348488313266775,0.05873017822687042,0.18039623299234298,0.11630643684346181,0.9025260781886811,,224812,93,45,U085,5,Energetic
TRK0012,Summer Sun,Paper Sound,Paper Collection,Indie,2025,Hindi,0.7335755991995991,0.6548849991498713,-9.504707840614987,0.0,0.5065065933251405,0.3030172314108438,0.13743365507021796,0.6408464390279692,128.5148293251857,196976,,56,U028,5,Happy
TRK0354,Higher Hearts,Royal Riders,Royal Sessions,Indie,2008,English,0.6917834400549722,0.5999642595272116,-8.652790030333891,0.006729557399517673,0.33301072880997795,0.05706423458867871,0.0792277119307721,0.8945081517984762,119.73140642690423,253321,93,49,U022,3,Motivational
TRK0311,Electric Sun,Solar Heights,Solar Diaries,Hip-Hop,2008,English,0.8109247984413085,0.7099830074622289,,0.3440324006539273,0.0,0.0,0.08855707541299962,0.884991184160994,108.18858764817091,235663,79,23,U140,3,Happy
TRK0046,Gravity Stories,Silver Skies,Silver Stories,,2006,French,0.8201745397651508,0.8319388933348619,-7.828930943411419,0.0,,0.1220909041251066,,0.911201901844421,117.00534982733737,210068,77,43,U122,4,Party
TRK0223,Electric Rhythm,Golden Heights,Golden Diaries,Pop,2026,English,0.862953197456844,0.7588408042780886,-5.799598391722843,0.10235918707397516,0.15126821011182642,0.0699202687294537,0.10370044987190905,1.0,111.62711618340413,237868,100,54,U041,3,Party
TRK0140,Distant Colours,Blue Stories,Blue Frequency,Country,2019,Spanish,0.6063009247714516,0.6518491792657528,-5.751535923935423,0.08369528511816346,0.24374416670355614,0.07904056819824595,0.24990365376722526,0.870738584281841,,273622,100,34,U028,3,Romantic
TRK0324,Neon Sky,Royal Riders,,Indie,2015,Spanish,0.6513069281851587,0.5294057587662064,-9.652145522324075,0.07213685906103391,0.33874384279965525,0.11123138880589577,0.22507733552971362,0.7574919857832212,125.58007236884055,173109,87,32,U111,2,Motivational
TRK0352,Electric Fire,Royal Sound,Royal Frequency,R&B,2017,Spanish,0.8103782153025446,0.7027571049971331,-7.816946363169487,0.14996759375608584,0.41951747034313924,0.09369279191425606,0.13817320615107964,0.7527286779066664,113.72479258160914,214532,82,46,U093,3,Party
TRK0015,Electric Fire,,Electric Frequency,Classical,2007,English,0.28156050035903407,0.3864169509696995,-14.525649752383233,0.0005634101969491552,0.5189010629097706,0.7556235142364862,,0.3426785330970043,76.7313680392048,229200,,40,U080,4,Melancholic
TRK0255,Slow Shadows,Static Motion,Static Frequency,Classical,2022,English,0.17538052464429504,0.15496350153506705,-14.958162001389777,0.048447101324125524,0.7950667504785263,0.5895164764753403,0.045002608021274794,0.47543250374921714,80.90817290545911,182729,100,51,U128,4,Calm
TRK0164,Neon Promises,,Urban Collection,Pop,2021,Korean,0.6978403830001897,,-7.575936964480379,0.00315073782149769,0.10002883448718573,0.0,0.10321602909744856,0.9756979109221184,103.98290517853954,197555,76,63,U111,,Happy
TRK0149,Wild Roads,Velvet Dream,Velvet Nights,Pop,2025,Spanish,0.7302472367103157,,-8.207435636106812,0.02576041325537763,0.12595430503598892,0.1321493633198671,0.11091846577680477,0.8333383809541681,122.28028395400169,207018,100,50,U015,4,Party
TRK0119,Paper Lights,Electric Bloom,Electric Frequency,Country,2017,English,0.5022725815990722,0.49092244973060745,-10.496774733226783,0.044267208687866905,0.29829775096314276,0.0,0.1434226470406279,0.5071869530819308,104.64654980141896,206434,65,26,U063,3,Energetic
TRK0297,,Lunar District,Lunar Sessions,,2022,English,0.5308375325017948,0.7543757524392513,-6.293059793737492,0.009525189219391071,0.0762152436301386,0.26296831708010165,0.1966986764317379,0.5524129362951404,128.45831901190007,195599,66,19,U098,4,Energetic
TRK0378,Neon Lights,Golden Parade,Golden Diaries,Lo-Fi,,English,0.5032339272489473,0.31342899322265955,-12.566583033340635,0.03374896842827049,0.7272291657095648,0.3781390650791738,0.05759223840299266,0.47858954970136774,93.82496781114408,202487,71,44,U008,5,Relaxing
TRK0116,Neon Rain,Wild District,Wild Frequency,Indie,2019,French,0.6342858224477596,0.7057775964003419,-8.822483044857174,0.0,0.11970438417696086,0.06532908501017838,0.10928842460028763,0.5365035722413224,121.21081399650251,223805,65,28,U107,4,Energetic
TRK0130,Afterglow Promises,Sapphire Sound,Sapphire Stories,Rock,2019,Japanese,0.5355145681944831,0.8378581723096372,-7.117376665000337,0.05304520661282193,0.09665524083326915,0.06898368206464675,0.3444567714998282,0.6327001405081042,131.64618473764742,272740,86,43,U145,4,Energetic
TRK0135,Gravity Hearts,Aurora Harbor,,Hip-Hop,2014,English,0.7690800023610048,0.7767012430198023,-5.632868824999548,0.22675435244127376,0.0011802312260879577,0.07388359047603942,0.1927591441487598,0.6621032584287365,107.17366646102641,271329,100,43,U087,4,Energetic
TRK0250,Slow Lights,Neon District,Neon Diaries,K-Pop,,Hindi,0.7661610346189476,,-8.023983463059329,0.10483797033375195,0.0,0.07503451014048883,0.18723981243840387,0.9331958902392797,119.23258055890018,258078,,49,U006,4,Happy
TRK0256,Silent Signals,Nova Riders,Nova Diaries,K-Pop,2012,Korean,0.860320586961775,0.8990544948402247,-5.411289485417474,0.0348507174337242,0.17986647979320042,0.0,0.1498300758705452,0.7184217119348768,107.15894661742323,247487,67,16,U034,3,Motivational
TRK0331,Golden Signals,Solar Heights,Solar Frequency,Hip-Hop,2009,English,0.7559875942196671,0.7833953232082768,-7.661771901790208,0.20919373400274652,0.0558841090913179,0.13622745867110672,0.3101215000457203,0.538764382924217,103.47366599041678,204392,90,37,U020,4,Energetic
TRK0378,Neon Lights,Golden Parade,Golden Diaries,Lo-Fi,2008,English,0.5032339272489473,0.31342899322265955,-12.566583033340635,0.03374896842827049,0.7272291657095648,0.3781390650791738,0.05759223840299266,0.47858954970136774,93.82496781114408,202487,71,49,U010,4,Relaxing
TRK0095,Golden Rain,Indigo Parade,Indigo Frequency,Hip-Hop,2017,English,0.7363341175348099,0.5538170997029901,-8.562436811233075,0.26480362779157623,0.11309285867189203,0.0,0.09929602364142592,0.6107050269684777,94.58349974263105,194274,,27,U064,3,
TRK0201,,Static Parade,Static Diaries,Electronic,2025,French,0.677149575905873,0.7847444687995999,-6.302953577936942,0.037736320626342953,0.061226014343580396,0.06782321306795128,0.20342606757519505,0.8534787416652042,122.83378259433051,224957,98,34,U093,4,Party
TRK0202,Slow Shadows,Indigo Pulse,Indigo Frequency,Rock,2026,English,0.5284643511311702,0.8954774444717413,-7.18432683969068,0.030024426361155977,0.04192577999415767,0.10895397572137194,0.1778077806445161,0.7148139809855554,,266991,90,55,U066,5,Motivational
TRK0386,Ocean Shadows,Crimson Hearts,Crimson Sessions,K-Pop,2018,Korean,0.7879820265019124,1.0,-5.945918308415852,0.06040674676576747,0.1415331824381853,0.058111682658370724,0.23075350398479635,0.9213508267653437,123.01261433623174,180797,63,43,U015,4,Party
TRK0339,Midnight Sun,Royal Heights,Royal Nights,Pop,2013,English,0.7364147360076424,0.7262687122363578,-6.328726605938629,0.04393622569637953,0.0,0.18247850398997947,0.2942477918316351,0.8902129177768145,107.80209392570448,215257,92,28,U052,3,Motivational
TRK0370,Golden Waves,Indigo Waves,Indigo Horizons,Pop,2021,English,0.7553750478372494,0.7668031030271234,-5.936460406614243,0.018114307813031645,0.0,0.0,0.026749797101584788,0.9348259022789268,121.3224472787169,242543,49,40,U119,4,Happy
TRK0132,Hidden Dreams,Echo Riders,Echo Diaries,Rock,2023,French,0.3724427713856984,0.813297450492768,-5.498956506881819,0.06496395408939384,0.021458933031135094,0.1098943775122529,0.13792973510330558,0.6169369120465678,120.34783355961551,281315,98,48,U002,5,Focus
TRK0111,Velvet Waves,Echo Signals,Echo Sessions,R&B,2018,Japanese,0.7377035127226458,0.6318751994395951,-7.916742169764141,0.1432330438417509,0.0,0.0,0.14916626917264636,0.7509290874065403,103.53954353712939,225211,98,36,U037,3,Happy
TRK0341,Sunday Shadows,Wild Circuit,,Classical,2014,English,0.2312600779096016,0.17598706680265336,-14.203112789366847,0.03766524468630546,0.8523497582733146,0.8445490661420738,0.1322802473951885,0.3823940206083471,79.08402583170435,204295,77,62,U111,5,Relaxing
TRK0296,Falling Shadows,Golden Heights,,Pop,2024,French,0.7830612362483332,0.6493851912959683,-7.1223846272273095,0.05553958614832394,0.08195480069500877,0.23190826976548218,0.0,0.8065350336723476,126.93476912700878,191862,,63,U025,5,
TRK0121,Velvet Rain,Sapphire Riders,Sapphire Frequency,R&B,,English,0.6593302712174063,0.621754670494283,-5.958831968952131,0.03968397063904583,0.2523751288462215,0.0,0.14520912107600367,0.8943642003247797,105.9356682531527,241674,85,28,U121,3,Motivational
TRK0233,Velvet Sky,Wild Circuit,Wild Diaries,Classical,2014,English,0.3648742349822743,0.23283784478405428,-14.186854533420584,0.03825039962992895,0.9080945516133593,0.7807786293377045,0.1671164659207673,0.499938862906362,80.93253355183563,219635,69,35,U037,2,Melancholic
TRK0196,Electric Stories,Crimson Garden,Crimson Collection,Pop,2015,English,0.7520449513846037,0.7998906917363736,-7.358342570228901,0.07185427300517289,0.07786154903117141,0.09820096906709562,,0.9558730147234602,123.22899055340895,196690,100,58,U115,5,Happy
TRK0275,Velvet Fire,Blue Hearts,Blue Collection,Indie,2007,English,0.449233310161506,0.6390332596429159,-8.924149209856617,0.12207071200529417,0.4182710627354647,0.021022319186143668,0.08580422134527854,0.7209574107395091,114.4864738489624,228306,93,59,U074,4,Romantic
TRK0220,Distant Rhythm,Silver Skies,Silver Frequency,Pop,2026,English,0.865817080747911,0.7427664668399292,-5.904380339320048,0.0,0.2376762062457382,0.12241929575775687,0.11727629756496477,0.9101229955168066,112.51753459426095,217892,92,52,U004,5,Motivational
TRK0183,Hidden Paradise,Lunar Heights,Lunar Diaries,Electronic,2022,Korean,,1.0,-6.5724754434969475,0.02550921746110489,0.0,0.35310246715580706,0.21736133008325284,0.8061382127205055,136.54218157498795,262006,100,52,U148,4,Happy
TRK0097,Wild Signals,Echo Riders,Echo Frequency,Rock,2018,English,0.2585812628956997,0.7957607079060671,-4.845171469936627,,0.15952896465391603,0.0,0.18164436605061862,0.4695430181518808,108.88166415124002,267775,61,38,U069,,Romantic
TRK0255,Slow Shadows,Static Motion,Static Frequency,Classical,2022,English,0.17538052464429504,0.15496350153506705,-14.958162001389777,0.048447101324125524,0.7950667504785263,0.5895164764753403,0.045002608021274794,0.47543250374921714,80.90817290545911,182729,100,76,U019,5,
TRK0162,Silent Sky,Neon District,Neon Diaries,K-Pop,2026,Korean,0.7891205201131494,1.0,-7.068864093595936,0.0,0.16865901312872333,0.0,0.12855055451256364,0.8367507382136057,127.14530224764253,207052,94,27,U127,3,Happy
TRK0003,Golden Colours,Indigo Parade,Indigo Sessions,Hip-Hop,2022,English,0.7486052542345125,0.6415372306320005,-8.324765766933485,0.26927667545211154,0.13734094944450417,0.09804952177496992,0.10341432048979139,0.7085368231531204,99.75654493260583,244937,100,34,U028,3,Motivational
TRK0057,Wild Colours,Indigo Bloom,,Electronic,2026,Japanese,0.7482093451371538,0.74402186321518,-6.614863377001589,0.03428478513614682,0.0,0.30821748802040494,0.14811961425057352,0.8597044626289,120.85217330883381,242422,98,54,U078,4,
TRK0266,Hidden Fire,Crimson Garden,Crimson Frequency,Pop,2007,French,0.6449302063495839,0.757187067967636,-7.263571936621392,0.04984601147005928,0.2846068033850083,0.08370693005737223,0.1437296157332378,0.7696747053149479,114.08683267842032,165765,91,43,U049,4,Happy
TRK0002,Neon Waves,Echo Heaven,,Pop,2024,Japanese,0.7015137636454739,0.6340947819150138,-5.730666047846122,0.06304617330690392,0.06107584395388762,0.0,0.1572616429887344,0.8629039093926958,,252870,100,29,U089,2,Romantic
TRK0110,Broken City,Static Pulse,Static Diaries,R&B,2020,English,0.5241664434417754,0.5778302044768526,-7.797898508599294,0.08646559368189694,0.0,0.0,0.10708861988214832,0.7043950291604453,,225823,86,40,U029,4,Happy
TRK0151,Ocean Memories,Indigo Pulse,Indigo Diaries,Rock,2013,English,0.43594921391520064,,-5.081624812735736,0.05072582368742018,0.04253584874401047,0.0009303192120989276,0.21294225289663646,0.7559709051706432,122.35925035093342,240529,44,13,U013,2,Party
TRK0009,Afterglow Sky,Lunar Heights,Lunar Stories,Electronic,2016,English,0.6784420918792459,0.832826769240329,-5.485767810805756,0.1498528901261304,0.2914470342918935,0.190585646756789,0.0907323315977695,0.5568548743257469,126.18409323735563,209614,73,21,U031,3,Romantic
TRK0053,Velvet Dreams,Midnight Bloom,Midnight Frequency,Pop,,English,0.7213985221865292,0.7306421119411214,-6.398114587253256,0.0,0.15898021342801877,0.0,0.0190390605108412,0.8204883799577991,119.13147970563246,215423,100,42,U008,5,Energetic
TRK0316,Ocean Waves,Indigo Pulse,Indigo Stories,Rock,2016,English,0.6193519509610061,0.6981663089190868,-7.36464394815389,0.019892969412178,0.10823540651913566,0.044792115340538216,0.39973673667787,0.5669849662934751,128.00425411910143,258104,,24,U005,3,Focus
TRK0123,Velvet Hearts,Sapphire Riders,Sapphire Sessions,R&B,2021,English,0.5495208452389672,0.6859212542204782,-7.915269727759565,0.05000810071529258,0.28656786092893005,0.1112243432525084,0.041482060563646006,0.9070993104047592,108.25919776023672,235375,100,63,U040,5,Motivational
TRK0380,Afterglow Motion,Wild Stories,Wild Sessions,Jazz,2023,English,0.470209168571469,0.41985018184010486,-8.957867430210584,0.05017165000384825,0.45699427745186094,0.3467281004789336,0.290520963686936,0.5208675850905798,122.31414548355136,228135,82,61,U013,5,Energetic
TRK0097,Wild Signals,Echo Riders,Echo Frequency,Rock,2018,English,0.2585812628956997,0.7957607079060671,-4.845171469936627,0.04311383557072041,0.15952896465391603,0.0,0.18164436605061862,0.4695430181518808,108.88166415124002,267775,61,45,U091,4,Romantic
TRK0028,Starlight Echoes,Urban Parade,Urban Collection,Pop,2026,English,0.5723142183154268,0.7591285720703351,-7.2204000903057,0.12015666000598196,,0.01961047524664619,0.14441431258324067,1.0,135.50277281348505,240311,100,42,U106,4,Energetic
TRK0223,Electric Rhythm,Golden Heights,Golden Diaries,,2026,English,0.862953197456844,0.7588408042780886,,0.10235918707397516,0.15126821011182642,0.0699202687294537,0.10370044987190905,1.0,111.62711618340413,237868,100,28,U100,3,Party
TRK0370,Golden Waves,Indigo Waves,Indigo Horizons,Pop,2021,English,0.7553750478372494,0.7668031030271234,-5.936460406614243,0.018114307813031645,0.0,0.0,0.026749797101584788,0.9348259022789268,121.3224472787169,242543,49,24,U146,3,Happy
TRK0101,Paper Stories,Blue Stories,,Country,2001,English,0.42078941645270074,0.5475085662487479,-8.94047690604726,0.09262921662822476,0.39643345514876116,0.0,0.1345378112820158,0.833548014750311,115.80300424717836,221713,63,48,U043,5,Romantic
TRK0394,Wild Lights,Sapphire Sound,Sapphire Sessions,Rock,2017,English,0.4929042328587235,,-6.569131413337541,0.0906721559874283,0.22722953255242945,0.15971272262078423,0.17066261303502037,0.758821933031798,129.030404514514,197047,95,50,U016,5,Energetic
TRK0346,Velvet Paradise,Wild Stories,Wild Frequency,Jazz,2021,English,0.538614690099219,0.44219665596070884,-10.328131643942045,0.06523357255340027,0.41612430204314627,0.17703231299541325,0.25680265666131846,0.5710336350251407,114.98031185899859,216751,100,63,U140,4,Energetic
TRK0321,Summer Sky,Wild Circuit,Wild Sessions,Classical,2009,English,0.27391586845772387,0.3230669173687085,-12.756746729716909,0.052371130817374226,0.7943905684900299,0.7009737983497653,0.09265163207207336,0.20584250405280166,66.76905072532907,251784,50,33,U127,4,Relaxing
TRK0021,Velvet Signals,Midnight Dream,Midnight Frequency,Lo-Fi,2017,English,0.3981720157633725,0.4430535629357481,,0.008548130713956416,0.5254618358036705,0.3058243928679931,0.024840789543321043,0.40622362080726193,86.34187921644617,269088,87,45,U058,4,Relaxing
TRK0198,Gravity Rain,Urban Lines,,Rock,2024,,0.5913659706741299,0.7710991123513987,-6.035252544259958,0.06162107841487521,0.15598036240479027,0.08929370384649808,0.13093330150326937,0.5371099833711235,134.24527612496513,243607,100,32,U047,3,Relaxing
TRK0040,Midnight Dreams,Silver Skies,Silver Collection,Pop,2021,English,0.7899196731694887,0.9022215666675023,-6.186982901073021,0.054820367706917235,0.057533090559147584,0.08727898575277089,0.0,0.8784928475298603,117.90961190431005,298267,90,58,U029,4,Party
TRK0313,Golden Rhythm,Urban Lines,Urban Stories,Rock,2026,English,0.6173174917888647,0.8780376464959104,-5.928221656802176,0.007853098207538795,0.09582843574014743,0.05088823614155877,0.09430202811760367,0.6448675671302997,126.28430390930775,251793,100,54,U143,2,Energetic
TRK0346,Velvet Paradise,Wild Stories,Wild Frequency,Jazz,2021,English,0.538614690099219,0.44219665596070884,-10.328131643942045,0.06523357255340027,0.41612430204314627,0.17703231299541325,0.25680265666131846,0.5710336350251407,,216751,100,46,U149,,Energetic
TRK0068,Silent Lights,Aurora Harbor,Aurora Sessions,Hip-Hop,2025,Spanish,0.8198347047074883,0.7817281277780573,-8.23162082612228,0.2715325420586813,0.0,0.0,0.24124955474656612,0.8089771952390661,112.82510823415777,231306,77,33,U101,,Energetic
TRK0098,Golden Promises,Electric Pulse,Electric Sessions,Indie,2012,English,0.6252538418979592,0.6401899286437044,-7.7931092649547535,0.12099956922193487,0.23641783165826685,0.09814829654553492,0.2292882874363712,0.829235406386648,105.22873973489898,226458,100,31,U077,3,
TRK0195,Velvet Lights,Indigo Waves,Indigo Frequency,Pop,2015,English,0.5777948233859866,0.5904835291698167,-7.2250448090205435,0.016873254711092932,0.09756162550244538,0.13561144416442608,0.028875418381054285,0.777869768257945,124.55530680755344,225151,73,37,U130,4,Romantic
TRK0115,Neon Memories,Indigo Waves,Indigo Stories,Pop,2024,English,0.6583807260009306,0.5771022882350313,-8.646060430646314,0.0,0.1837306043133492,0.21926451463961202,0.2197730260429214,0.6231481738496301,121.95537169597507,282751,83,46,U071,,Romantic
TRK0057,Wild Colours,Indigo Bloom,Indigo Diaries,,2026,Japanese,0.7482093451371538,0.74402186321518,-6.614863377001589,0.03428478513614682,0.0,0.30821748802040494,0.14811961425057352,0.8597044626289,120.85217330883381,242422,98,53,U022,4,Happy
TRK0175,,Urban Parade,Urban Sessions,Pop,2015,English,0.5731360569684708,0.7202421633622736,-7.879354774589124,0.20767890530485705,0.0,0.0,0.15570971009294088,0.9890250258588463,118.82034970597988,258311,55,25,U105,3,Party
TRK0306,Midnight Rhythm,Indigo Pulse,Indigo Collection,Rock,2023,Spanish,0.3388462745423815,0.9354104200511719,-5.4318838002915335,0.031134170449702812,0.0,0.0,0.10665993647206827,0.781377934100168,123.517147071917,274993,83,34,U112,5,Happy
TRK0215,Broken Sky,Royal Heights,Royal Diaries,Pop,2018,Hindi,0.6472632259340868,0.6854460829834439,,0.0,0.005700894417056748,0.17739073414808892,0.14693063202096637,0.6801654107029175,105.45885623796437,236325,100,56,U027,4,Energetic
TRK0366,Velvet Stories,,Silver Collection,Pop,2026,English,0.5817238393907174,0.6856914652811356,-7.106937158852667,0.10888196317334037,0.1583903419074364,0.0,0.15816695430999198,,106.41154204762744,231592,100,59,U038,5,Party
TRK0309,Neon Fire,Solar Heights,Solar Frequency,Hip-Hop,2018,French,0.8401795909900448,0.6521702290485479,-7.565369446310965,0.22671237872759767,0.09754993378009585,0.0,0.2123636870450621,0.6237656408839145,108.74225979394465,223235,,22,U145,3,
TRK0009,Afterglow Sky,Lunar Heights,Lunar Stories,Electronic,2016,English,0.6784420918792459,,-5.485767810805756,0.1498528901261304,0.2914470342918935,0.190585646756789,0.0907323315977695,0.5568548743257469,126.18409323735563,209614,73,25,U062,,Romantic
TRK0043,Falling City,Crimson Garden,Crimson Horizons,pop,2014,English,0.75140772238698,0.6857333955955839,-5.900335429445381,0.0,0.015041487836840464,0.0,0.0,0.7315387183384803,110.46475200716635,233339,100,76,U027,5,Motivational
TRK0278,Slow Fire,Crimson Hearts,Crimson Frequency,K-Pop,2012,English,0.6922459987093101,0.7211008090929482,-6.206674391504312,0.16014673066590326,,0.07955381196102415,0.16236699611952238,0.943378353627252,110.76064273343943,257075,71,30,U037,3,Party
TRK0248,Distant Hearts,Sapphire Garden,Sapphire Frequency,Electronic,2024,English,0.8388735622881146,0.8358608237928283,-6.188490456168153,0.10785790178031868,0.0,0.057159222130313436,0.17270019785652535,0.8799316757830565,117.49506036278039,237607,,49,U032,4,Energetic
TRK0310,Paper Shadows,Static Bloom,Static Frequency,Jazz,2020,Japanese,0.5847851626300125,0.3894984455007285,-11.302362891120836,0.05126407143303402,0.48323122417232167,0.3262412438621992,0.2797192413529824,0.6839860531122558,99.58576998463086,209265,62,48,U050,4,Happy
TRK0187,Higher Echoes,Neon Stories,Neon Frequency,Lo-Fi,2014,English,0.3828152260238794,0.27478275275201935,-10.721510721361945,0.04896571185621577,0.8942069772753047,0.3564715163294954,0.08969539582439237,0.43233416130807834,83.37367711882861,240515,100,62,U064,5,Relaxing
TRK0005,Golden Waves,Royal Heights,Royal Diaries,Pop,2014,Spanish,0.7008695675118385,0.5804056227775467,-8.718727788471536,0.028624647129927495,0.1600673996720708,0.050249313574263606,,0.762341727308391,117.4744018702769,257617,77,24,U016,3,Happy
TRK0229,Neon Memories,Solar Theory,Solar Diaries,R&B,2024,English,0.8199346930553539,,-8.736875650011106,0.09199190999144412,0.25052554901808954,0.02231049182624331,,0.7191887488137937,,248947,63,38,U139,5,Romantic
TRK0115,Neon Memories,Indigo Waves,Indigo Stories,Pop,2024,English,0.6583807260009306,0.5771022882350313,-8.646060430646314,0.0,0.1837306043133492,0.21926451463961202,0.2197730260429214,0.6231481738496301,121.95537169597507,282751,83,40,U054,3,Romantic
TRK0190,Electric City,,Solar Collection,R&B,2023,English,0.5606495140661624,0.5144947162989243,-8.034371919321229,0.15469670874239622,0.34985887646033387,0.13293882972317844,0.15011035327254546,0.7731082306590776,95.08341394282901,229848,77,26,U114,3,Happy
TRK0003,Golden Colours,Indigo Parade,,Hip-Hop,2022,English,0.7486052542345125,0.6415372306320005,-8.324765766933485,0.26927667545211154,0.13734094944450417,0.09804952177496992,0.10341432048979139,0.7085368231531204,99.75654493260583,244937,100,76,U140,5,Motivational
TRK0256,Silent Signals,Nova Riders,Nova Diaries,K-Pop,2012,Korean,0.860320586961775,0.8990544948402247,-5.411289485417474,0.0348507174337242,0.17986647979320042,0.0,0.1498300758705452,0.7184217119348768,,247487,67,26,U026,3,Motivational
TRK0360,Broken Hearts,Crimson Signals,Crimson Frequency,Rock,2021,English,0.4851397854317092,0.7917747507211181,-6.479237155809347,0.056094169336048855,0.2767970295374481,0.043708325100664636,0.19368284531379665,0.5700589443162052,133.30966979260202,279581,,38,U060,4,Romantic
TRK0151,Ocean Memories,Indigo Pulse,Indigo Diaries,Rock,2013,english,0.43594921391520064,0.9280126933158811,-5.081624812735736,0.05072582368742018,0.04253584874401047,0.0009303192120989276,0.21294225289663646,0.7559709051706432,122.35925035093342,240529,44,39,U040,4,Party
TRK0381,Velvet Shadows,Wild Circuit,Wild Sessions,Classical,2014,Japanese,0.246687394063799,0.22555387145053618,-12.661496690920478,0.09980297098015173,0.8784717815167117,0.7225381784281554,0.06533259658644411,0.5513910996459916,83.26242560775822,218258,87,48,U098,4,Focus
TRK0200,Silent Motion,Wild Harbor,Wild Diaries,Electronic,2015,English,0.742280712521093,0.6480567496714164,-8.404213479078104,0.10324920687540973,,0.043368465038429435,0.13201959605971653,0.995677765871745,127.4196813690422,222170,100,44,U077,4,Romantic
TRK0098,Golden Promises,Electric Pulse,Electric Sessions,,2012,English,0.6252538418979592,0.6401899286437044,-7.7931092649547535,0.12099956922193487,0.23641783165826685,0.09814829654553492,0.2292882874363712,0.829235406386648,105.22873973489898,226458,100,75,U033,5,
TRK0204,Ocean Shadows,Echo Heaven,,Pop,2021,Korean,0.5571957786048789,0.6279636634759189,-6.299171722970096,,0.18285718429236375,0.0,0.10373429324362601,0.8232610669557565,118.34018388752752,254514,74,38,U112,4,Happy
TRK0259,Midnight Stories,Indigo Waves,Indigo Collection,,2019,Hindi,0.7840785134252641,0.718821765121364,-7.961764675059078,0.022813375982758365,0.018537762820207096,0.04406700053696589,0.11811309144953548,0.8681763943593139,122.28883154518934,219647,100,31,U012,1,Party
TRK0129,Neon Hearts,Wild Circuit,Wild Diaries,Classical,2005,English,0.32718742923698285,0.2641259425072853,-14.632095875661097,0.0930396837140835,0.6435761722607447,,0.11479705325337873,0.42713903450423396,85.88263341233512,259505,67,21,U080,4,Melancholic
TRK0359,Hidden Roads,Crimson Harbor,Crimson Sessions,Lo-Fi,2015,French,0.44401456023041486,0.38893027631811955,-9.928931568852565,0.05656659498392831,0.8308174753775616,0.4228011893410623,0.09356404241199072,0.5468676315034441,96.68147637444198,291482,98,46,U055,4,
TRK0075,Higher Shadows,Velvet Dream,Velvet Sessions,Pop,2008,English,0.49502162220483925,0.5361730978643806,-5.901533891148901,0.06800037245330406,0.24471560448839175,,0.17477911780006114,0.6743439866084442,119.73420410150707,259648,63,21,U030,3,Motivational
TRK0123,Velvet Hearts,Sapphire Riders,Sapphire Sessions,R&B,2021,English,0.5495208452389672,0.6859212542204782,-7.915269727759565,0.05000810071529258,0.28656786092893005,0.1112243432525084,0.041482060563646006,0.9070993104047592,108.25919776023672,235375,,45,U124,4,Motivational
TRK0235,Neon Waves,Crimson Signals,Crimson Collection,Rock,2001,English,0.7539504133108306,0.9664605644763612,-6.733685039141223,0.07659979314937505,0.009823389773862642,0.0,0.16561414457361495,0.7464021431793015,115.21966444767826,203079,68,40,U019,4,Happy
TRK0239,Silent Colours,Echo Garden,Echo Sessions,Hip-Hop,2026,English,0.7124250880687383,0.5892681888011877,-10.176506032067662,0.22901510766650543,,0.0,0.16549626777833598,0.7248747731558538,100.62368889552103,229319,76,34,U012,4,Romantic
TRK0351,Falling Promises,Royal Heights,Royal Sessions,Pop,2020,English,0.8348495298580351,0.6501977227180674,-6.863115499785232,0.031847580352517287,0.08315156943847524,0.060494293848697,0.0,1.0,121.78423525995082,219690,100,53,U109,4,Motivational
TRK0172,Broken Lights,Silver Hearts,Silver Stories,,2014,French,0.44355715819357583,,-6.981424511673829,0.050324317716936656,0.053709218700253324,0.0,0.24459087287659437,0.7590504137374932,134.04104755976746,189890,85,52,U101,4,Happy
TRK0109,Wild Sun,Electric Waves,Electric Frequency,Electronic,2018,English,0.9506091758127639,0.9734073552254533,-5.713478889440305,0.0,0.004257805145407637,0.008282675912815257,0.2623648684431353,0.9500846327122934,126.9146226362837,161972,75,55,U118,4,Party
TRK0262,Paper Stories,Wild Harbor,Wild Sessions,Electronic,2013,English,0.8213847385812238,0.8005791642389477,-8.47689322392622,0.021043581860320557,0.13206388593777824,0.14068406750732895,0.19157610985926754,,118.28270589419806,291701,79,26,U120,3,Motivational
TRK0199,Ocean Colours,Crimson Harbor,Crimson Sessions,Lo-Fi,2015,English,0.3852540571520481,0.4518006682090442,-12.656475784392704,0.024815661065222143,0.6365287900846464,0.2044346462997688,0.13313636700113166,0.6477984029938024,80.05331273758598,243096,32,33,U076,4,Romantic
TRK0268,Afterglow Lights,Sapphire Garden,Sapphire Stories,Electronic,2016,English,,0.9330075682600809,-5.972110237551107,0.1176424893951191,0.0,0.027683487597180687,0.07866698448801314,0.8448855300384169,126.07297993924718,225138,68,30,U060,4,Motivational
TRK0057,Wild Colours,Indigo Bloom,Indigo Diaries,Electronic,2026,Japanese,0.7482093451371538,0.74402186321518,-6.614863377001589,0.03428478513614682,0.0,0.30821748802040494,0.14811961425057352,0.8597044626289,120.85217330883381,242422,98,48,U096,4,Happy
TRK0360,Broken Hearts,Crimson Signals,Crimson Frequency,Rock,2021,English,0.4851397854317092,0.7917747507211181,-6.479237155809347,0.056094169336048855,0.2767970295374481,0.043708325100664636,0.19368284531379665,0.5700589443162052,133.30966979260202,279581,100,39,U129,4,Romantic
TRK0187,Higher Echoes,Neon Stories,Neon Frequency,Lo-Fi,2014,English,0.3828152260238794,0.27478275275201935,,0.04896571185621577,0.8942069772753047,0.3564715163294954,0.08969539582439237,0.43233416130807834,83.37367711882861,240515,100,59,U112,5,Relaxing
TRK0113,Ocean Rhythm,Paper Sound,Paper Frequency,Indie,2016,,0.48993078162873227,0.5246238267584429,-8.41294590349164,0.08955293124654017,0.2073078237795332,0.0,0.00735900445856974,0.6682659253467892,105.9229108637243,224584,92,57,U002,5,Happy
TRK0053,Velvet Dreams,Midnight Bloom,Midnight Frequency,,2018,English,,0.7306421119411214,-6.398114587253256,0.0,0.15898021342801877,0.0,,0.8204883799577991,,215423,100,33,U080,3,Energetic
TRK0016,Distant Dreams,Royal Garden,Royal Frequency,Jazz,2026,English,0.3828433371174658,0.3675684281684437,-9.777428054366059,0.15779139399825165,0.377206080776963,0.3131928234834853,0.2844136303243221,0.5703458250001111,104.05427785268586,230059,66,47,U025,4,Focus
TRK0003,Golden Colours,Indigo Parade,Indigo Sessions,Hip-Hop,2022,English,0.7486052542345125,0.6415372306320005,-8.324765766933485,0.26927667545211154,0.13734094944450417,0.09804952177496992,0.10341432048979139,0.7085368231531204,99.75654493260583,244937,100,55,U025,4,Motivational
TRK0017,Broken Shadows,Solar Stories,Solar Stories,Pop,2014,English,0.8212715817819829,0.7393065349356577,-6.459972705113983,0.07239199064100404,0.09129165511686249,,0.14215459831713156,0.8344783850725709,135.33494449547962,288977,91,68,U120,5,Happy
TRK0370,Golden Waves,Indigo Waves,Indigo Horizons,Pop,2021,English,0.7553750478372494,0.7668031030271234,-5.936460406614243,0.018114307813031645,0.0,0.0,0.026749797101584788,0.9348259022789268,121.3224472787169,242543,,46,U057,4,Happy
TRK0100,Sunday Signals,Neon Harbor,Neon Sessions ,Country,2001,English,0.607506215189234,0.6863824558143748,-9.8447035263667,,0.4122279347167524,0.04951900453792894,0.1898148011606993,0.8478574243291017,99.47397431479283,264978,69,29,U012,4,Happy
TRK0285,Golden Echoes,Indigo Pulse,Indigo Stories,Rock,2026,English,0.6104330132660478,0.9241801244031502,-3.6640216568642616,0.014584910743735607,0.0,,,0.7323368409245183,131.76648275378955,282269,100,52,U028,4,Motivational
TRK0368,Afterglow Colours,Crimson District,Crimson Diaries,Latin,2020,Spanish,0.9239943139100661,0.8310811833259836,-7.148773381379065,0.06138888495535661,0.10997767861031776,0.0853784926528224,0.12349293361784086,1.0,134.13150189391635,236370,72,27,U076,4,Energetic
TRK0127,Electric Fire,Urban Parade,,,2021,English,0.6857847109267953,0.5648239028275313,-9.77882716635796,0.05822971445201193,0.11787080086001953,0.0,0.1175867594475757,0.8152596734541223,98.72429449393793,208947,98,53,U119,4,Happy
TRK0298,Sunday Signals,,Urban Diaries,Hip-Hop,2021,English,0.7058685644564351,0.7309472407335957,-7.821142260265308,0.22747351018645057,0.09642220036496348,0.004764951916366146,0.16582417123714177,0.8652853059410873,98.78933821910796,276292,100,48,U122,4,Happy
TRK0224,Higher Memories,Urban Skies,,Electronic,2006,Spanish,0.6699434666969848,0.6463911480538451,-6.886578571011203,0.08195475039088049,0.07510286644399623,0.18422735734636903,0.02471876853415725,0.6393122394236813,137.03403871531705,205362,81,73,U129,5,Motivational
TRK0248,Distant Hearts,Sapphire Garden,Sapphire Frequency,Electronic,2024,English,0.8388735622881146,0.8358608237928283,-6.188490456168153,0.10785790178031868,0.0,0.057159222130313436,0.17270019785652535,0.8799316757830565,117.49506036278039,237607,95,46,U142,4,Energetic
TRK0090,Distant Fire,Wild District,Wild Frequency,Indie,2012,Korean,,0.700462440697253,-7.8503048755076845,0.0,0.1999186704873969,0.0,0.026266452094243317,0.711212611430093,126.507287984123,236571,40,34,U073,4,Energetic
TRK0342,Silent Promises,Wild District,Wild Sessions,Indie,2020,English,0.45388762686528644,0.5490164066173447,-8.231270740061658,0.06032554135000981,0.4010716679075012,0.21224018657851862,0.1015492149814993,0.5721441056599775,,258655,77,23,U080,3,Romantic
TRK0074,Afterglow Shadows,Urban Lines,Urban Frequency,Rock,2010,Spanish,0.4313805869300953,0.8456655505852365,-6.245879396177607,0.02072463708174836,0.031098887757320726,0.0,0.12843432599387403,0.9348239309699162,130.765071828263,267909,70,33,U013,3,Happy
TRK0128,Hidden Sun,Midnight Sound,Midnight Sessions,Latin,2023,,0.7332023686675708,0.6916595885767873,-6.64363749477805,0.09877967879142996,0.21994124998100556,0.055181506310215754,0.23731347652432094,0.8999601217246539,121.2524035577053,264567,81,24,U092,3,Party
TRK0343,Higher Roads,Royal Garden,Royal Diaries,Jazz,2021,Hindi,0.5189756561162653,0.4943777475673389,-11.830638804726155,0.05817950032495243,0.5835561705635799,0.39858715619201956,0.0,0.6091729121003809,124.31098137054025,167377,100,45,U045,4,Energetic
TRK0052,Velvet Stories,Indigo Waves,Indigo Collection,Pop,2026,French,0.6864060774959853,0.8630569386397986,-6.468137411699055,0.14891609620154866,0.06710330239787499,0.03981611284440193,0.14558321308499841,1.0,127.2561386783553,216360,100,58,U108,4,Party
TRK0039,Slow Rhythm,,,Pop,2019,English,0.7671136293399929,0.663767696090173,-7.602662898388932,0.13131891879115035,0.0,0.0,0.2327655896508326,1.0,114.21436131775793,178021,87,52,U052,5,Romantic
TRK0020,Gravity Dreams,Urban Bloom,Urban Collection,Hip-Hop,2021,English,0.8038993158738299,0.8054937648801928,-7.1994038496010715,0.2429945617136642,0.0,0.12895839345948532,0.0675187463819594,0.8030758320588216,99.75719801316163,277479,100,38,U018,4,Motivational
TRK0250,Slow Lights,Neon District,Neon Diaries,K-Pop,2023,Hindi,0.7661610346189476,0.7326582622939095,-8.023983463059329,0.10483797033375195,0.0,0.07503451014048883,0.18723981243840387,0.9331958902392797,119.23258055890018,258078,99,29,U126,3,Happy
TRK0120,Wild Lights,Solar Heights,Solar Frequency,Hip-Hop,2013,English,0.6575471087086994,0.7761124330937934,-8.374898603799856,0.2271135238860671,0.0,0.0464320659381916,0.10516569497012018,0.6667185973766202,98.95264576218302,216499,87,50,U059,4,Party
TRK0187,Higher Echoes,Neon Stories,Neon Frequency,Lo-Fi,2014,English,0.3828152260238794,0.27478275275201935,-10.721510721361945,0.04896571185621577,0.8942069772753047,0.3564715163294954,0.08969539582439237,0.43233416130807834,83.37367711882861,240515,100,55,U037,5,Relaxing
TRK0197,Velvet Promises,Midnight Dream,Midnight Diaries,Lo-Fi,2018,Japanese,0.2655879548832475,0.2968543726689101,-12.779811451269245,0.0,0.6381028068828634,0.37536880947441514,0.008306971726649681,0.3911312290714093,93.73178105499618,196019,91,50,U008,4,Focus
TRK0340,Sunday Lights,Wild Harbor,Wild Stories,Electronic,2024,English,0.6236185308678075,0.8468124130677129,-5.099807602591376,0.05628338422146777,0.03890651956251758,0.07644152901354467,0.1007959043691874,0.9193097683061009,127.3521529785314,255108,,61,U138,5,Motivational
TRK0123,Velvet Hearts,Sapphire Riders,Sapphire Sessions,R&B,,English,0.5495208452389672,0.6859212542204782,-7.915269727759565,0.05000810071529258,0.28656786092893005,0.1112243432525084,0.041482060563646006,0.9070993104047592,108.25919776023672,235375,100,28,U145,4,Motivational
TRK0266,Hidden Fire,Crimson Garden,Crimson Frequency,Pop,2007,French,0.6449302063495839,0.757187067967636,-7.263571936621392,0.04984601147005928,0.2846068033850083,0.08370693005737223,0.1437296157332378,0.7696747053149479,114.08683267842032,165765,91,41,U013,4,Happy
TRK0349,Golden City,Indigo Waves,,Pop,2025,English,0.7352300372547319,0.7755620398189181,-6.753213029657155,,0.10206724858740393,0.04973493470771083,0.0002672365298707069,0.7778388925620907,128.31245205168224,195734,,19,U037,3,Happy
TRK0070,Summer Roads,Electric Lines,Electric Diaries,Classical,2026,English,0.37884442493182524,0.30776452329748943,-13.84203302640164,0.026004159852937456,0.7434478823664472,0.9662242885416306,0.0,0.16659192084399754,78.22110120101343,229313,94,38,U089,3,Relaxing
TRK0206,Summer Hearts,Paper Heaven,Paper Frequency,Jazz,2016,Spanish,0.35227920365389687,0.3405199763951745,-10.27837593152998,0.052628842376039736,0.5416587958905256,0.3262437876678842,0.16244910926543427,0.47240220617807305,108.46467833646003,242271,100,58,U041,4,Energetic
TRK0066,Hidden Lights,Crimson Waves,Crimson Sessions,Hip-Hop,2021,English,0.7522643820179146,,-8.496501207818131,0.22968183059014613,0.0,0.0,0.16587502322763947,0.845397815855816,122.17888262915292,221229,100,48,U108,3,Motivational
TRK0138,Paper Sky,Aurora Heights,Aurora Sessions,Jazz,2010,English,0.5675144659894898,0.23256455588639963,-9.351762930814122,0.02678972425071032,,0.37719749522500695,0.30592104740246917,0.5799365291945221,86.02014440445615,207007,76,49,U070,4,Energetic
TRK0134,Summer Sky,Velvet Bloom,Velvet Diaries,Lo-Fi,2005,Hindi,0.43781947759466666,0.2747965565877155,-9.722498995356236,0.06470422933346098,0.7196342493541077,0.2288560761412004,0.04005985760682913,0.4564958579224679,82.70600546603355,169803,62,26,U072,,Melancholic
TRK0261,Golden Colours,Electric Waves,Electric Frequency,,2009,English,0.8194599421370541,1.0,-5.517530000822723,0.04258965522069363,0.056618396685028424,0.1017119761098282,0.13352003478450555,0.7383752196951652,137.81759075397085,157896,91,51,U098,5,Party
TRK0246,Falling Memories,Indigo Parade,Indigo Frequency,Hip-Hop,2011,English,0.8234710642090004,0.7206641419830236,,0.18490634654809823,,0.08946137444147831,0.19164667207237612,0.6305913341891172,101.30326122078179,310252,77,30,U039,3,Motivational
TRK0017,Broken Shadows,Solar Stories,Solar Stories,Pop,2014,English,0.8212715817819829,0.7393065349356577,-6.459972705113983,0.07239199064100404,0.09129165511686249,0.0,0.14215459831713156,0.8344783850725709,135.33494449547962,,91,44,U070,4,Happy
TRK0181,Starlight Rhythm,Echo Garden,Echo Diaries,Hip-Hop,2018,English,0.9550943482686692,0.6545555217297842,-7.329253459831115,0.2536995985266217,0.0,0.032832674508294094,0.03800354661409584,0.8751565578654719,93.56541640570329,305004,90,33,U016,3,Romantic
TRK0256,Silent Signals,Nova Riders,Nova Diaries,K-Pop,2012,Korean,0.860320586961775,0.8990544948402247,-5.411289485417474,0.0348507174337242,0.17986647979320042,0.0,0.1498300758705452,0.7184217119348768,107.15894661742323,247487,67,16,U034,3,Motivational
TRK0092,Golden Waves,Wild Stories,Wild Diaries,Jazz,2015,Hindi,0.5322797464093248,,-9.431940846024883,0.0268334419432031,0.42322303938646516,0.2798619631171286,0.3227602710212387,0.5698038446488887,,249610,43,22,U051,4,Romantic
TRK0261,Golden Colours,Electric Waves,Electric Frequency,Electronic,2009,English,0.8194599421370541,1.0,-5.517530000822723,0.04258965522069363,0.056618396685028424,0.1017119761098282,0.13352003478450555,0.7383752196951652,137.81759075397085,157896,91,53,U111,5,Party
TRK0367,Neon Promises,Crimson Garden,Crimson Horizons,Pop,2018,English,0.6220621995810708,0.7678494417374881,-8.60991889858262,0.11790117073686304,0.07133815107845776,0.017550365143560065,0.00043386062106723355,0.8095865267230561,123.92642575415333,196164,95,50,U130,4,Motivational
TRK0215,Broken Sky,Royal Heights,Royal Diaries,Pop,2018,Hindi,0.6472632259340868,0.6854460829834439,-7.418383584577652,0.0,0.005700894417056748,0.17739073414808892,0.14693063202096637,0.6801654107029175,105.45885623796437,236325,100,62,U095,4,Energetic
TRK0024,Afterglow Rhythm,Electric Pulse,Electric Diaries,Indie,2003,Japanese,0.5342300569043174,0.5982667542169522,-6.63373891551651,0.0,,0.0,0.09441045969822032,0.7244508474654144,120.16750405575644,245495,44,,U126,5,Romantic
TRK0079,Wild Rain,Indigo Bloom,Indigo Collection,Electronic,2016,Spanish,0.5629384590204589,0.5944653812172387,-6.251597470084556,0.06272108016528156,0.05370878428000743,0.0,0.15837364024047437,0.9930884856059259,127.06057767662548,244624,80,31,U060,2,Happy
TRK0351,Falling Promises,Royal Heights,Royal Sessions,Pop,2020,English,0.8348495298580351,0.6501977227180674,-6.863115499785232,0.031847580352517287,0.08315156943847524,0.060494293848697,0.0,,121.78423525995082,219690,100,39,U026,4,Motivational
TRK0287,Hidden Roads,,Echo Sessions,R&B,2017,Hindi,0.6907989308907942,0.6915559733892898,-8.373154730139111,0.01843352350441113,0.1938491819951375,0.11191732451417631,0.17027431322652986,0.7829840672443317,100.28464387319944,211276,95,43,U138,3,Motivational
TRK0022,Paper Sky,Blue District,Blue Sessions,Classical,2026,English,0.19088965748088943,0.3084039834216243,,0.0964177071624079,0.779827183259471,0.8826411169102876,0.06003394369347438,0.4508749884753946,91.12383219923667,235754,90,39,U071,4,Focus
TRK0264,Summer Fire,Urban Lines,Urban Diaries,Rock,2012,English,0.33043397491246324,0.7930906510827438,-7.40059870757897,0.030088717571749513,0.20933558844718314,0.10813451568252569,0.22978866672023734,0.4573817627988904,142.29152112487327,198719,98,32,U013,3,Romantic
TRK0249,Ocean Waves,Lunar Stories,,Hip-Hop,2016,English,0.6384201701491125,0.6153890111288629,-10.548467924596611,0.21835875002216365,0.026588963251936375,0.0,0.22753741376386322,0.7706901319276909,99.05368896107139,227741,100,42,U116,3,Motivational
TRK0367,Neon Promises,Crimson Garden,Crimson Horizons,Pop,2018,English,0.6220621995810708,0.7678494417374881,-8.60991889858262,0.11790117073686304,0.07133815107845776,0.017550365143560065,0.00043386062106723355,0.8095865267230561,,196164,95,43,U088,4,Motivational
TRK0333,Velvet Echoes,Velvet Bloom,Velvet Sessions,Lo-Fi,2012,English,0.26439793101132103,0.3883126426371508,-11.046030335027721,0.08046539823149994,,0.3028090666622137,0.03557959028912039,0.4300135827240473,75.22279914553619,245218,,34,U124,3,Melancholic
TRK0208,Neon Rhythm,Indigo Lines,Indigo Sessions,R&B,2025,English,0.5652372200856207,0.652678872928814,-5.896617906937662,0.1222044394682663,0.16764429659514107,0.0,0.0,0.7339198590340901,99.62568173736283,202098,94,51,U057,4,Motivational
TRK0345,,Blue District,,Classical,2023,French,0.19518408751562968,0.24076904314034886,-16.427454281362593,0.015048202967081665,0.7518462122361907,0.812059380746438,0.12652138384141218,0.38421788959237807,79.44678606897986,237880,98,,U072,3,Focus
TRK0062,,Royal Riders,Royal Frequency,Indie,2012,English,,0.6161171556513396,-7.743396560803975,0.08015356589909854,0.3085817950320783,0.18648299586618844,0.17651898224208762,0.5483026569351099,127.78019566426005,219347,48,10,U054,3,Romantic
TRK0175,Midnight Shadows,,Urban Sessions,Pop,2015,English,0.5731360569684708,0.7202421633622736,-7.879354774589124,0.20767890530485705,0.0,0.0,0.15570971009294088,0.9890250258588463,118.82034970597988,258311,55,37,U026,4,
TRK0241,Hidden Roads,Lunar Harbor,Lunar Frequency,Pop,2019,Hindi,0.8437050541842469,0.726373397417053,-5.351381059213035,0.0,0.08728985482916216,0.024719494272472595,0.0691103939314857,1.0,117.86605989974571,225643,94,45,U090,,
TRK0313,Golden Rhythm,Urban Lines,Urban Stories,Rock,2026,English,0.6173174917888647,0.8780376464959104,-5.928221656802176,0.007853098207538795,0.09582843574014743,0.05088823614155877,0.09430202811760367,0.6448675671302997,126.28430390930775,251793,100,49,U145,4,Energetic
TRK0021,Velvet Signals,Midnight Dream,Midnight Frequency,Lo-Fi,2017,English,0.3981720157633725,0.4430535629357481,-10.86579873811552,0.008548130713956416,0.5254618358036705,0.3058243928679931,0.024840789543321043,,86.34187921644617,269088,87,61,U008,4,Relaxing
TRK0263,Golden Memories,Aurora Stories,,Electronic,2013, English ,0.780027010408818,0.8533717739134937,,0.07513117108585667,0.0,0.1526298943431561,0.16265159961427192,0.8337199213190679,126.31815508387177,239082,82,37,U004,3,Party
TRK0110,Broken City,Static Pulse,Static Diaries,R&B,2020,English,0.5241664434417754,0.5778302044768526,-7.797898508599294,0.08646559368189694,0.0,0.0,0.10708861988214832,0.7043950291604453,96.85968166375224,225823,86,35,U147,3,Happy
TRK0081,Velvet Shadows,Static Motion,Static Sessions,Classical,2013,English,0.3065460419169093,0.4493968360549291,-13.705339824245657,0.04692199663301751,0.5775668317606649,0.8967980395054409,0.046764380635004474,0.3438369040450168,84.51297018203024,181324,74,49,U012,5,Calm
TRK0093,Paper Sky,Silver Hearts,Silver Frequency,Rock,2018,Korean,0.5695605243314346,0.6626181287227711,-8.690937391980919,0.059463108098876595,0.0489981683635165,0.1761023430583431,0.16793779270803433,0.4678908413945251,115.49516059608959,151275,76,44,U066,4,Relaxing
TRK0350,Broken Fire,Urban Lines,Urban Frequency,Rock,2004,English,0.5461275108883045,0.676175952802977,-5.270033203154407,0.08445629866514491,0.23209047991837733,0.12156155717517193,0.2357577896167923,0.7218649570506154,132.7904178640542,178318,44,42,U144,4,Happy
TRK0109,Wild Sun,Electric Waves,Electric Frequency,Electronic,2018,English,0.9506091758127639,0.9734073552254533,-5.713478889440305,0.0,0.004257805145407637,0.008282675912815257,0.2623648684431353,0.9500846327122934,126.9146226362837,161972,75,48,U073,4,Party
TRK0292,Hidden Shadows,Neon District,Neon Frequency,K-Pop,2015,Korean,0.6749792624860942,0.806929720281435,-6.297646873759345,0.009947782153876247,0.0,0.02119110162486314,0.2686839999080875,0.9454101628353441,108.29886720306446,140464,99,26,U141,2,Energetic
TRK0021,Velvet Signals,Midnight Dream,Midnight Frequency,Lo-Fi,2017,English,0.3981720157633725,0.4430535629357481,-10.86579873811552,0.008548130713956416,0.5254618358036705,0.3058243928679931,0.024840789543321043,0.40622362080726193,86.34187921644617,269088,87,34,U077,3,
TRK0376,Silent Echoes,Royal Heights,Royal Sessions,Pop,,English,0.6722581378592292,0.833346682958548,-5.9436085331051105,0.10014205394123972,0.0,0.013321132117118918,0.2658247671341324,0.9898798425429977,105.2234835570158,229970,65,60,U014,5,Party
TRK0073,Golden Waves,Paper Dream,Paper Sessions,Electronic,2012,English,0.7789361323381807,0.7058591581675298,-7.251859770994836,0.07644136839286954,0.07659343906735634,,0.2672245223420737,0.9187569613804677,120.08465444131492,262854,100,42,U025,3,Energetic
TRK0037,Gravity Memories,Sapphire Signals,Sapphire Collection,Indie,2026,English,0.6049036122306941,0.7701427996308533,-9.67168257892256,0.0,0.28522220339821375,0.056463379054280276,0.20688209014275513,,104.35244551732578,252214,84,57,U144,5,Happy
TRK0329,Higher Sky,Solar Stories,Solar Diaries,Pop,2011,English,0.8804409996035354,0.6120761915104123,-9.206409777404991,0.0327150630954879,0.1352819172763498,0.09560367379171067,0.1506213904403073,0.9653633800767693,102.57645811878474,275997,79,37,U067,4,Romantic
TRK0229,Neon Memories,Solar Theory,Solar Diaries,R&B,2024,English,0.8199346930553539,0.6271010589627435,-8.736875650011106,0.09199190999144412,0.25052554901808954,0.02231049182624331,0.09522927080444062,0.7191887488137937,,248947,63,26,U030,4,Romantic
TRK0387,Distant Shadows,Urban Bloom,Urban Collection,Hip-Hop,2026,English,0.7355813080898331,0.6379483702540678,-6.599444391313549,0.20379759812059148,0.0,0.14883499206053488,0.17482348125425157,0.6662223568888769,103.90068943168075,240285,100,44,U050,3,Romantic
TRK0071,Distant Hearts,Velvet Dream,Velvet Frequency,Pop,2025,English,0.8162657572486841,0.7486045130210626,-7.527966093076273,0.10140175775500021,0.10122877069534027,0.03025686174498272,0.22310675005327021,0.5751181063769117,107.38759433403938,200495,86,43,U063,4,Romantic
TRK0391,Wild Signals,Aurora Circuit,Aurora Frequency,,2016,English,0.5365041500863855,0.566712913986654,-9.6556157359953,0.020823871386878346,0.5278055419430353,0.14007304336601684,0.07983845633445812,,102.72127274046731,199629,100,36,U144,4,Romantic
TRK0159,Wild Waves,Echo Signals,,R&B,2026,English,0.4986220265171073,0.6656016002378206,-8.515734564509806,0.16350926436445204,0.16134424011109158,0.056605092613162156,0.21252682050141541,0.6147630372029348,94.74124954089578,231291,100,56,U123,4,Romantic
TRK0326,Paper Hearts,Static Motion,Static Diaries,Classical,2019,Japanese,0.2621240544677043,0.09138904589495592,-14.632310935002181,0.0,0.6503885166733496,0.9284406801412872,0.13529452629741207,0.3552812908878518,74.80240887960493,239721,94,47,U122,2,Calm
TRK0093,Paper Sky,Silver Hearts,,Rock,2018,Korean,0.5695605243314346,0.6626181287227711,-8.690937391980919,0.059463108098876595,0.0489981683635165,0.1761023430583431,0.16793779270803433,0.4678908413945251,115.49516059608959,151275,76,39,U101,4,Relaxing
TRK0274,Broken Paradise,Blue Hearts,Blue Collection,Indie,2018,Japanese,0.7493766240762492,0.547806361117693,-7.843417453991226,0.035589166596435524,0.5302179636108069,0.04267354263869662,0.09853157167677674,0.5656084069532538,117.80481582437027,188109,75,23,U111,3,Focus
TRK0244,Neon Fire,Neon District,Neon Sessions,K-Pop,2015,Korean,0.8201895648606442,0.7539564555693651,-5.324138136843929,0.06894256518520105,0.004564854372193117,0.0,0.1477243157206745,,123.49591688583547,311574,100,37,U040,2,Party
TRK0383,Wild Hearts,Echo Heaven,Echo Stories,Pop,2021,Hindi,0.7077323778885279,0.6862118414376621,-6.149036075567393,0.14403997006890829,,0.0,0.15943791863639228,1.0,122.77270599564066,200125,99,33,U032,3,Party
TRK0314,Gravity Signals,Indigo Parade,Indigo Frequency,Hip-Hop,2014,English,0.591819424337232,0.6880970641217066,-5.293395350612535,0.20577241711452837,0.05764326034816381,0.0,0.26390617991645005,0.6660499875351579,,282472,91,30,U029,3,Energetic
TRK0074,Afterglow Shadows,Urban Lines,Urban Frequency,Rock,2010,Spanish,0.4313805869300953,0.8456655505852365,-6.245879396177607,0.02072463708174836,0.031098887757320726,0.0,0.12843432599387403,0.9348239309699162,130.765071828263,267909,70,40,U135,5,Happy
TRK0327,Sunday Waves,Royal Heights,,Pop,2024,English,0.7142430237594596,0.6599245325905864,-7.280822231534281,0.04742671496326437,0.11457151660985919,0.22381987370325773,0.09732542682500142,0.8546241057817568,133.3568393361317,220680,100,39,U134,4,Motivational
TRK0127,Electric Fire,Urban Parade,Urban Diaries,Pop,2021,English,0.6857847109267953,0.5648239028275313,,0.05822971445201193,0.11787080086001953,0.0,0.1175867594475757,0.8152596734541223,98.72429449393793,208947,98,80,U111,5,Happy
TRK0370,Golden Waves,Indigo Waves,Indigo Horizons,Pop,2021,English,0.7553750478372494,0.7668031030271234,-5.936460406614243,0.018114307813031645,0.0,0.0,0.026749797101584788,0.9348259022789268,121.3224472787169,242543,49,46,U078,,Happy
TRK0338,Higher Hearts,Electric Pulse,Electric Frequency,Indie,2002,English,0.4587789976253233,0.5816260232969395,-7.809936060181718,0.0771058777501634,0.22980318582076134,0.09646415676800703,0.26691962945514247,0.8534064419773466,123.62297510166971,247352,52,43,U066,4,Romantic
TRK0348,Sunday Fire,Sapphire Riders,Sapphire Diaries,R&B,2022,,,0.6155452105257381,-6.797987922188337,0.11938236654114931,0.19280809170024735,0.0,0.1907027269878409,0.3724811303288982,104.99594382880724,319358,57,39,U141,4,Melancholic
TRK0215,Broken Sky,Royal Heights,Royal Diaries,Pop,2018,Hindi,0.6472632259340868,0.6854460829834439,-7.418383584577652,0.0,,0.17739073414808892,0.14693063202096637,0.6801654107029175,105.45885623796437,236325,100,38,U063,3,Energetic
TRK0078,,Midnight Motion,Midnight Collection,Rock,2014,English,0.4684501120701065,0.7418673876814057,-5.63989999545768,0.0792612052510264,0.170331382968788,0.21072970368864324,0.29145413608654125,0.6255303256956454,129.81242936269453,217489,78,48,U028,,Motivational
TRK0119,Paper Lights,Electric Bloom,Electric Frequency,Country,2017,English,0.5022725815990722,0.49092244973060745,-10.496774733226783,0.044267208687866905,0.29829775096314276,0.0,0.1434226470406279,0.5071869530819308,104.64654980141896,206434,65,26,U069,3,
TRK0130,Afterglow Promises,Sapphire Sound,Sapphire Stories,Rock,2019,Japanese,0.5355145681944831,0.8378581723096372,-7.117376665000337,0.05304520661282193,0.09665524083326915,0.06898368206464675,0.3444567714998282,0.6327001405081042,131.64618473764742,272740,86,37,U027,,Energetic
TRK0186,Starlight Paradise,Paper Sound,Paper Diaries,Indie,2026,English,0.49101960106515896,0.533452662277405,-8.158621656436669,0.033191870126861894,0.4045160088330255,0.1727359769582056,0.21222882262832538,0.8064978795980711,122.96865972913997,204036,,43,U118,,
TRK0369,Afterglow Lights,Echo Heaven,Echo Collection,Pop,2024,English,0.8030623547539831,0.7065186630780205,-7.859448877154677,0.05195506845389271,,0.21893595585816114,0.1132532730509059,0.9179158986333217,113.8028268832039,206338,93,51,U102,5,Motivational
TRK0261,Golden Colours,Electric Waves,Electric Frequency,Electronic,2009,English,0.8194599421370541,1.0,-5.517530000822723,0.04258965522069363,0.056618396685028424,0.1017119761098282,0.13352003478450555,0.7383752196951652,137.81759075397085,157896,91,42,U146,3,Party
TRK0344,Sunday Colours,Sapphire Sound,Sapphire Diaries,Rock,2021,Spanish,0.5163887003821573,0.8817316624309044,-6.508816347514161,0.0,0.1633786027419979,0.23131325221882937,0.26907065979592215,0.46840318081344146,116.80681967877611,210478,56,22,U014,3,Focus
TRK0247,Neon Sun,Echo Signals,Echo Frequency,R&B,2016,,0.5456553203063159,0.49727708731884335,-8.547371022529267,0.09256294134899036,0.13370782203573875,0.01566942359593018,0.13427103987899439,0.8023452016234809,99.36546242797424,250765,75,31,U002,4,Happy
TRK0200,Silent Motion,Wild Harbor,Wild Diaries,Electronic,2015,English,0.742280712521093,0.6480567496714164,-8.404213479078104,0.10324920687540973,0.0,0.043368465038429435,0.13201959605971653,0.995677765871745,127.4196813690422,222170,100,60,U015,4,Romantic
TRK0085,Afterglow Waves,Sapphire Garden,Sapphire Stories,Electronic,2020,,0.902603390991068,0.6026159019073201,-7.563078560083258,0.05259070376052219,0.0,0.12941830582323122,0.2474130440687355,0.6990515325546952,123.28044603812877,210693,78,50,U058,4,Happy
TRK0377,Silent Rhythm,Silver Hearts,Silver Stories,,2020,English,0.4834157943540789,0.5861910509723561,-8.203380411230823,,0.2142246107286495,0.0,0.16331912846082994,0.7605564627985034,112.88123916959917,244120,88,33,U023,3,Romantic
TRK0191,Broken Roads,Lunar Stories,Lunar Sessions,Hip-Hop,2022,English,0.7842644271323862,0.7761616066940763,-6.982734895390743,0.25858011278500803,0.0,0.06697059256391301,0.19678923797002065,0.6380629348373518,101.25708089235393,220044,81,24,U092,3,Party
TRK0269,Midnight Memories,Indigo Parade,Indigo Sessions,Hip-Hop,2013,English,0.7517674321807266,0.8322457220986049,-7.403165452923421,0.25101493277093956,0.03458291172253394,0.0,0.24998368143847388,,107.65503158854276,215416,78,51,U119,4,Party
TRK0050,Wild Lights,Royal Riders,Royal Collection,Indie,,,0.5667771343468827,0.48471575448924237,-8.928780652945349,0.05977540376647361,0.3416257849223505,0.056373167684469455,0.1677019370478929,0.603719417221595,109.24620764753564,244842,85,28,U060,3,Relaxing
TRK0037,Gravity Memories,Sapphire Signals,Sapphire Collection,Indie,2026,English,0.6049036122306941,0.7701427996308533,-9.67168257892256,0.0,0.28522220339821375,0.056463379054280276,0.20688209014275513,0.7233675063392037,104.35244551732578,252214,84,35,U023,4,Happy
TRK0132,Hidden Dreams,Echo Riders,Echo Diaries,Rock,2023,French,0.3724427713856984,,-5.498956506881819,0.06496395408939384,,0.1098943775122529,0.13792973510330558,0.6169369120465678,120.34783355961551,281315,98,58,U120,5,Focus
TRK0034,Broken Memories,Solar Stories,,Pop,2006,Korean,0.7447665901108943,0.6900612512372456,-7.333869329025881,0.06283668078789727,0.11753147391352486,0.0,0.16947947486293355,0.901868854766353,120.93122226980749,256046,81,,U012,4,Motivational
TRK0219,Wild Dreams,Indigo Parade,Indigo Diaries,Hip-Hop,2020,English,0.6576352238300109,0.712697429962954,-8.08149661686831,0.2153847875619752,0.0495172776162516,0.16968405192298106,0.2760693420482116,0.7355202235555344,96.87770366525643,319024,81,42,U048,4,Party
TRK0173,Broken Paradise,Aurora Skies,Aurora Horizons,Pop,2017,Japanese,0.9124496037012573,0.5983203255255962,-4.3123266165496235,0.028814842548100433,0.20626889036967105,0.1376766871233402,0.05030168412107351,0.8870839310894377,115.61453492875543,254644,93,35,U069,3,Romantic
TRK0298,Sunday Signals,Urban Bloom,Urban Diaries,Hip-Hop,2021,English,,0.7309472407335957,-7.821142260265308,0.22747351018645057,0.09642220036496348,0.004764951916366146,0.16582417123714177,0.8652853059410873,98.78933821910796,276292,100,53,U117,5,Happy
TRK0388,Velvet Echoes,Urban Lines,Urban Sessions,Rock,2016,English,0.5534223499026136,0.9415722454391575,-6.844031712279501,0.09840359305754878,0.27165531563844514,0.0412962336396588,0.19242942469994856,0.6312563506083368,127.05209366410656,290690,64,29,U121,3,Motivational
TRK0287,Hidden Roads,Echo Signals,Echo Sessions,R&B,2017,Hindi,0.6907989308907942,,-8.373154730139111,0.01843352350441113,0.1938491819951375,0.11191732451417631,0.17027431322652986,0.7829840672443317,100.28464387319944,211276,95,70,U087,4,Motivational
TRK0280,Neon Shadows,Royal Riders,Royal Sessions,Indie,,English,0.5504783292879338,0.6347049167130754,-7.488823172418342,0.11757208426840368,,0.05147634048078456,0.20939612737719526,0.8557227696126306,118.44114585183277,228035,100,37,U049,4,Romantic
TRK0277,Neon Promises,Golden Theory,Golden Sessions,Rock,2007,English,0.5166336968934061,0.7468484700118985,-6.058597139783031,0.0002037877795454876,0.17943391542599751,0.16372686835549044,0.20906333807898297,0.46851841773717473,119.16837888085021,255379,68,22,U012,3,Relaxing
TRK0330,Sunday Dreams,Lunar District,Lunar Frequency,Rock,2026,English,0.4830752548534904,0.7230976375105796,-5.884111834418331,0.08497474414052568,0.24194530774953923,0.010691585344116489,0.2549058539982153,0.8106223443359897,113.40048880381497,255965,100,39,U132,4,Energetic
TRK0341,Sunday Shadows,Wild Circuit,Wild Sessions,Classical,2014,English,0.2312600779096016,0.17598706680265336,-14.203112789366847,0.03766524468630546,0.8523497582733146,0.8445490661420738,0.1322802473951885,0.3823940206083471,79.08402583170435,204295,77,37,U047,3,Relaxing
TRK0305,Hidden Memories,Velvet Bloom,Velvet Frequency,Lo-Fi,2013,English,0.5577478542719683,0.31604394500267413,-11.075050857081044,0.04223832994500693,0.5528015056758783,0.27948494124348144,0.08903598764458695,0.40767742618323416,85.36852260428678,239216,47,16,U020,3,Melancholic
TRK0373,Electric Paradise,Solar Stories,Solar Stories,Pop,2019,Hindi,0.7638816523361697,0.8416583449675807,-8.151378695902254,0.019233396830856994,0.030685143074159607,0.0,0.2598926112322152,0.963564835532798,127.67945399145984,231080,87,46,U064,4,Party
TRK0270,Neon Rhythm,Paper Riders,,Classical,2026,Hindi,0.32653425361362853,0.16117810217003548,-15.161280636909915,0.0,0.8334119971021757,0.8204063938852227,0.002664129645858368,0.33786709745122984,68.4147728468003,225797,57,35,U079,4,Focus
TRK0195,Velvet Lights,Indigo Waves,Indigo Frequency,Pop,2015,English,0.5777948233859866,0.5904835291698167,-7.2250448090205435,0.016873254711092932,0.09756162550244538,0.13561144416442608,0.028875418381054285,0.777869768257945,124.55530680755344,225151,73,20,U037,3,
TRK0312,Afterglow Memories,Golden Pulse,Golden Sessions,K-Pop,2022,Korean,0.7365034006502154,0.7950776186601707,-5.460340647467796,0.1540921883967725,0.12313930898538773,0.11264535326096548,0.1160102156529213,,127.15805413778348,243632,68,20,U028,3,Energetic
TRK0247,Neon Sun,Echo Signals,Echo Frequency,R&B,2016,English,0.5456553203063159,0.49727708731884335,-8.547371022529267,0.09256294134899036,,0.01566942359593018,0.13427103987899439,0.8023452016234809,99.36546242797424,250765,75,60,U087,,Happy
TRK0351,Falling Promises,Royal Heights,Royal Sessions,Pop,2020,English,0.8348495298580351,0.6501977227180674,-6.863115499785232,0.031847580352517287,0.08315156943847524,0.060494293848697,0.0,,121.78423525995082,219690,100,39,U026,4,Motivational
TRK0016,Distant Dreams,Royal Garden,Royal Frequency,Jazz,2026,English,0.3828433371174658,0.3675684281684437,-9.777428054366059,0.15779139399825165,0.377206080776963,0.3131928234834853,0.2844136303243221,0.5703458250001111,104.05427785268586,,66,30,U095,4,Focus
TRK0111,Velvet Waves,Echo Signals,Echo Sessions,R&B,2018,Japanese,0.7377035127226458,0.6318751994395951,-7.916742169764141,0.1432330438417509,0.0,0.0,0.14916626917264636,0.7509290874065403,103.53954353712939,225211,,37,U082,,
TRK0168,Starlight Dreams,Solar Heights,Solar Collection,Hip-Hop,2026,English,0.7130134750780427,0.6932435527093319,-6.280550677482256,0.2576173216806648,0.017447026545175756,0.0,0.15797126358994085,0.8121812704726568,90.01794697836672,260178,100,40,U132,3,Happy
TRK0124,Golden Hearts,Solar Theory,Solar Frequency,R&B,2021,,0.6110013646132396,0.6119440280282565,-8.107926458829796,0.03999365565696096,0.029385481504190653,0.07945388603139601,0.0,0.7547588860018177,98.05449595839325,281423,81,31,U141,4,Romantic
TRK0194,Golden Paradise,Lunar Stories,Lunar Frequency,Hip-Hop,2024,,0.8376807698865146,0.5809041460537996,-6.481582540184175,0.24797039235022636,0.13300246248846065,0.08130257615370738,0.08090613918241793,,92.2171288613433,256082,100,42,U063,4,Energetic
TRK0170,Silent Shadows,Static Motion,Static Diaries,Classical,2021,French,0.4004506718589227,0.2481164493420881,-13.464348132826776,0.07796899333844104,0.7887028804994488,0.8083172872319087,0.10075614593992106,0.37356097445974185,77.05815882871131,213785,100,42,U018,3,Relaxing
TRK0319,Hidden Stories,Static Lines,Static Collection,Indie,2025,English,0.5848924824680156,0.576445291504419,-7.8300908732232966,0.03597134409929516,0.43761417502598093,0.0,0.11208968967440056,0.8877530503769564,110.63803566398714,225797,81,22,U038,3,Motivational
TRK0144,Golden Memories,Silver Skies,Silver Stories,Pop,2023,English,0.7821601313120972,0.7121876000983328,-6.726369660671997,0.01666669387604572,0.0,0.03500811303450241,0.14267931793905012,0.9780970782940765,130.75350053013395,290239,80,43,U051,4,Party
TRK0374,Hidden Sun,Wild Stories,,Jazz,2020,French,0.4858220853799603,0.4417596189154473,-8.894444052645143,0.013840297005613456,0.5405944591039837,0.35200988969311536,0.15589539124324125,0.2999204226168739,107.08460458870488,278217,100,64,U043,5,Calm
TRK0322,Distant Signals,Lunar Harbor,Lunar Diaries,Pop,2013,English,0.7323309404442458,0.660704085936643,-7.645994554894629,0.15889044030304866,0.0,0.058287113537147106,0.050363493399867384,0.9338588764663796,119.79801117845017,252139,68,45,U054,4,
TRK0002,Neon Waves,Echo Heaven,Echo Diaries,Pop,2024,Japanese,0.7015137636454739,0.6340947819150138,-5.730666047846122,0.06304617330690392,0.06107584395388762,0.0,0.1572616429887344,0.8629039093926958,120.31328262149312,252870,100,32,U085,3,Romantic
TRK0090,Distant Fire,Wild District,Wild Frequency,indie,2012,Korean,0.6259705955014987,0.700462440697253,-7.8503048755076845,0.0,0.1999186704873969,0.0,0.026266452094243317,0.711212611430093,126.507287984123,236571,40,35,U136,4,
TRK0369,Afterglow Lights,Echo Heaven,Echo Collection,Pop,2024,English,0.8030623547539831,0.7065186630780205,-7.859448877154677,0.05195506845389271,0.0,0.21893595585816114,0.1132532730509059,0.9179158986333217,113.8028268832039,206338,93,62,U001,5,Motivational
TRK0375,Higher Hearts,Crimson Garden,Crimson Nights,,2024,English,0.6685401160715851,0.6261592084986389,-9.694157111053258,0.12791915169761103,0.040697651066361695,0.0,0.037401982287112695,0.7971053846741541,131.00032661195752,306390,65,24,U109,1,Happy
TRK0310,Paper Shadows,Static Bloom,Static Frequency,Jazz,2020,Japanese,0.5847851626300125,0.3894984455007285,-11.302362891120836,0.05126407143303402,0.48323122417232167,,0.2797192413529824,0.6839860531122558,99.58576998463086,209265,62,23,U093,,Happy
TRK0234,Starlight Stories,Indigo Lines,Indigo Collection,R&B,2010,English,0.904344682477698,0.6575818553434425,-8.816980828663704,0.16439946245151837,0.1992710322271421,0.09774259490916637,0.12033670473029265,0.723283824890048,101.20703685017331,192763,77,34,U040,3,Motivational
TRK0097,Wild Signals,Echo Riders,Echo Frequency,Rock,2018,English,0.2585812628956997,0.7957607079060671,-4.845171469936627,0.04311383557072041,0.15952896465391603,0.0,0.18164436605061862,0.4695430181518808,108.88166415124002,267775,61,25,U027,4,Romantic
TRK0095,,Indigo Parade,Indigo Frequency,Hip-Hop,2017,English,0.7363341175348099,0.5538170997029901,-8.562436811233075,0.26480362779157623,0.11309285867189203,0.0,0.09929602364142592,0.6107050269684777,94.58349974263105,194274,,28,U001,3,Relaxing
TRK0278,Slow Fire,Crimson Hearts,Crimson Frequency,K-Pop,2012,English,0.6922459987093101,0.7211008090929482,-6.206674391504312,0.16014673066590326,0.23582662070613486,0.07955381196102415,0.16236699611952238,0.943378353627252,110.76064273343943,,71,24,U020,3,Party
TRK0297,Golden Sun,Lunar District,Lunar Sessions,Rock,2022,English,0.5308375325017948,0.7543757524392513,-6.293059793737492,0.009525189219391071,0.0762152436301386,0.26296831708010165,0.1966986764317379,0.5524129362951404,128.45831901190007,195599,66,36,U048,4,
TRK0096,Distant Colours,Sapphire Sound,Sapphire Collection,Rock,2015,English,0.3983424892544425,0.696370734918541,-7.699153245955237,0.021433407621284453,8.813183054798279e-05,0.056214769089342274,0.2410800971648596,0.49285030856813683,126.34659071350639,232960,82,37,U119,4,Focus
TRK0039,Slow Rhythm,Golden Heights,Golden Stories,Pop,2019,English,0.7671136293399929,0.663767696090173,-7.602662898388932,0.13131891879115035,0.0,0.0,0.2327655896508326,1.0,114.21436131775793,178021,,48,U004,4,Romantic
TRK0351,Falling Promises,Royal Heights,Royal Sessions,Pop,2020,English,0.8348495298580351,0.6501977227180674,-6.863115499785232,0.031847580352517287,0.08315156943847524,0.060494293848697,0.0,1.0,121.78423525995082,219690,100,44,U048,4,Motivational
TRK0254,Summer Echoes,Crimson Garden,Crimson Collection,,2014,English,0.8538196132938654,0.8281729744753916,-6.068266458042872,0.010075985797413263,,0.07332520212137635,,0.8404632787252565,122.35579818662029,203596,67,19,U022,3,Party
TRK0193,Falling Rhythm,Urban Motion,Urban Sessions,R&B,2012,English,0.6636522749820964,,-9.251012609053458,0.09767944722357039,0.2467925775566233,0.10015890992819368,0.17736301862435677,0.6371886711507364,102.65778926114052,208264,67,19,U136,3,Happy
TRK0387,Distant Shadows,Urban Bloom,Urban Collection,Hip-Hop,2026,English,0.7355813080898331,0.6379483702540678,-6.599444391313549,,,0.14883499206053488,0.17482348125425157,0.6662223568888769,103.90068943168075,240285,100,20,U012,3,Romantic
TRK0120,Wild Lights,Solar Heights,,Hip-Hop,2013,English,0.6575471087086994,0.7761124330937934,-8.374898603799856,0.2271135238860671,0.0,0.0464320659381916,0.10516569497012018,0.6667185973766202,98.95264576218302,216499,87,45,U134,4,Party
TRK0008,Neon Waves,Aurora District,Aurora Sessions,R&B,2018,English,0.6660644372526975,0.5219013349772066,-8.0791652331208,0.10989985077872944,0.3232905973267789,0.13584018432413575,0.15498097414046566,0.8672179362160537,91.01841559007528,214678,72,48,U120,4,Romantic
TRK0200,Silent Motion,Wild Harbor,Wild Diaries,Electronic,2015,English,0.742280712521093,0.6480567496714164,-8.404213479078104,0.10324920687540973,0.0,0.043368465038429435,0.13201959605971653,0.995677765871745,127.4196813690422,222170,100,50,U084,4,Romantic
TRK0073,Golden Waves,Paper Dream,Paper Sessions,Electronic,2012,English,0.7789361323381807,0.7058591581675298,-7.251859770994836,0.07644136839286954,0.07659343906735634,0.11356055416229377,0.2672245223420737,0.9187569613804677,120.08465444131492,262854,100,63,U086,5,Energetic
TRK0020,Gravity Dreams,Urban Bloom,Urban Collection,Hip-Hop,2021,English,0.8038993158738299,0.8054937648801928,-7.1994038496010715,0.2429945617136642,0.0,0.12895839345948532,0.0675187463819594,0.8030758320588216,99.75719801316163,277479,100,27,U110,3,Motivational
TRK0230,Afterglow Fire,Solar Heights,Solar Diaries,Hip-Hop,2017,English,0.8524699196769792,0.7832701703015356,-5.797134556319141,0.2737690599481609,0.002061228229126723,0.0,0.17942534880898367,0.7805283245245181,109.67282848363156,210006,72,35,U108,3,Party
TRK0208,Neon Rhythm,Indigo Lines,Indigo Sessions,R&B,2025,English,0.5652372200856207,0.652678872928814,-5.896617906937662,0.1222044394682663,0.16764429659514107,0.0,,,99.62568173736283,202098,94,33,U084,2,Motivational
TRK0256,Silent Signals,Nova Riders,Nova Diaries,K-Pop,2012,Korean,0.860320586961775,0.8990544948402247,-5.411289485417474,0.0348507174337242,0.17986647979320042,0.0,0.1498300758705452,0.7184217119348768,107.15894661742323,247487,67,31,U138,4,Motivational
TRK0313,Golden Rhythm,Urban Lines,Urban Stories,Rock,2026,English,0.6173174917888647,0.8780376464959104,-5.928221656802176,0.007853098207538795,0.09582843574014743,0.05088823614155877,,0.6448675671302997,126.28430390930775,251793,100,62,U052,5,Energetic
TRK0003,Golden Colours,Indigo Parade,Indigo Sessions,Hip-Hop,2022,English,0.7486052542345125,0.6415372306320005,,0.26927667545211154,0.13734094944450417,0.09804952177496992,0.10341432048979139,0.7085368231531204,99.75654493260583,244937,100,59,U135,5,Motivational
TRK0176,,Golden Heights,Golden Nights,Pop,2002,French,0.6662806205986582,0.6117544299140677,-6.789046507609315,0.08375110863561161,0.19596934300385754,0.11483530757165357,0.19985689525529665,0.8052405460219413,119.10405165524438,253428,72,62,U150,5,Happy
TRK0156,Broken Rhythm,Velvet Dream,Velvet Nights,Pop,2026,French,0.7699788104295798,,-7.5457557136237865,0.05048676316806156,0.0,0.0589037590433763,0.09339733564654629,0.5976222359819389,122.63716618801293,285920,100,49,U059,4,Focus
TRK0254,Summer Echoes,Crimson Garden,Crimson Collection,Pop,2014,English,0.8538196132938654,0.8281729744753916,-6.068266458042872,0.010075985797413263,0.0,0.07332520212137635,0.025817023144697387,0.8404632787252565,122.35579818662029,203596,67,30,U109,4,Party
TRK0369,Afterglow Lights,Echo Heaven,Echo Collection,Pop,2024,English,0.8030623547539831,0.7065186630780205,-7.859448877154677,0.05195506845389271,0.0,0.21893595585816114,0.1132532730509059,0.9179158986333217,113.8028268832039,206338,93,39,U141,4,Motivational
TRK0086,Paper Rain,Golden Theory,Golden Stories,Rock,2026,English,0.4617500157349738,0.8672366898337339,-7.7500732452361705,,0.06353311967030892,0.025946360462187422,0.1555841069524161,0.6231793669959312,134.26591524053327,247236,100,65,U032,5,Happy
TRK0242,Distant Paradise,Static Parade,Static Collection,Electronic,2012,,0.9140254400951829,0.9100355025182985,-6.806034293291505,0.04922380206976544,0.0,0.020522688097135505,0.08689084581840974,0.782700618316879,116.92276461229652,189961,86,36,U127,4,Motivational
TRK0114,Summer Memories,Golden Heights,Golden Horizons,,2021,French,0.7031348246599547,0.7897206119598331,-6.258785919815584,0.007136707401199094,0.1507953326819583,0.0,0.21887591489727043,0.943935485923134,121.6648929867447,242769,90,58,U027,4,Party
TRK0365,Neon Paradise,Solar Heights,,Hip-Hop,2012,English,0.7393400739432503,0.7782320686558614,-9.899811615513416,0.26557400890346455,0.030476881324385283,0.0,0.1626671970194792,0.6495650873135022,83.88248167073107,269054,82,38,U039,2,Happy
TRK0286,Broken Shadows,Blue Stories,Blue Diaries,Country,2018,English,0.5078605506452881,0.5060440567138789,-9.772618655113373,0.0,0.26923267297228365,,0.12849518907757204,0.8317965793098023,113.23527407684352,244451,74,32,U133,4,Romantic
TRK0153,Midnight Stories,Aurora Circuit,,Indie,2002,English,0.7031875134289303,0.6805737891895045,-7.65958231402145,0.09539007601796776,0.3867764892221016,0.2404501676673238,0.214359657365289,0.8588848111937194,120.0789755090926,263166,66,47,U027,5,Party
TRK0257,Slow Promises,Midnight Sound,Midnight Sessions,Latin,2026,Spanish,0.7808845306696945,0.8401146957779758,-5.413102288864184,0.07454089265284355,0.14260400807910034,0.06432188148436369,0.21877134241951823,0.9016708839905936,116.24103847611968,282015,100,62,U025,5,Happy
TRK0211,Falling Rain,Crimson Garden,Crimson Nights,Pop,2026,Japanese,0.8661799167547305,0.6603957869327228,-6.835223500767991,0.027557803403377476,0.07797595100993898,0.10501874283624439,0.1271274429172309,0.6883525801369106,106.88570395968881,194633,100,42,U126,4,Happy
TRK0046,Gravity Stories,Silver Skies,Silver Stories,Pop,2006,French,0.8201745397651508,0.8319388933348619,-7.828930943411419,0.0,0.09007081490053666,0.1220909041251066,0.24583161657040203,0.911201901844421,117.00534982733737,210068,77,56,U123,5,Party
TRK0263,Golden Memories,Aurora Stories,Aurora Diaries,Electronic,2013,English,0.780027010408818,0.8533717739134937,-3.919881770984934,0.07513117108585667,0.0,0.1526298943431561,0.16265159961427192,0.8337199213190679,126.31815508387177,239082,82,56,U115,5,Party
TRK0259,Midnight Stories,Indigo Waves,Indigo Collection,Pop,2019,Hindi,0.7840785134252641,,-7.961764675059078,0.022813375982758365,0.018537762820207096,0.04406700053696589,0.11811309144953548,0.8681763943593139,122.28883154518934,219647,100,34,U037,3,
TRK0220,Distant Rhythm,Silver Skies,Silver Frequency,Pop,2026,English,0.865817080747911,0.7427664668399292,-5.904380339320048,0.0,0.2376762062457382,0.12241929575775687,0.11727629756496477,0.9101229955168066,112.51753459426095,217892,92,27,U049,3,Motivational
TRK0218,Summer Lights,Crimson Signals,Crimson Frequency,Rock,2021,English,0.5525707983318722,0.9087885855648805,-5.497718548208321,0.04674144475262554,0.030108620141812516,0.0,0.21377492366993456,0.7252444775467085,133.79243552607176,196746,99,65,U052,5,Happy
TRK0188,Falling Sun,Wild Stories,Wild Sessions,Jazz,2023,Japanese,0.414282359622257,0.40776654179528693,-12.137125489023383,0.023353709314204864,0.5758709727462908,0.31094544667388563,0.15238379175433725,0.5396614996049235,103.48719867548111,216295,98,34,U150,3,Melancholic
TRK0252,Wild Signals,Lunar Harbor,Lunar Diaries, Pop ,2011,English,0.7946846810634294,0.7107290797394782,,0.056306042372959345,0.07332695033187117,0.0,0.19120241433341437,0.756251664507334,120.95911073781265,236617,62,39,U031,4,Party
TRK0356,Gravity Hearts,Midnight Bloom,Midnight Collection,Pop,2016,English,0.8126376747833246,0.6537982853253361,-7.180192765719566,0.0057987960415999545,0.043308845814802314,0.0,0.11920964071274189,0.8922022185488249,128.8195749477698,262797,100,53,U119,4,Motivational
TRK0362,Slow Waves,Velvet Dream,Velvet Sessions,Pop,2013,English,0.7179905451624203,0.5569181657921383,-8.822817748290701,0.019529527242505354,0.18958064247332085,,0.16277428400517602,0.6043221817225677,103.98523899846926,258379,,38,U072,5,Relaxing
TRK0019,Hidden Rhythm,Aurora District,Aurora Frequency,R&B,2016,Korean,0.71959939896871,0.5939275374232614,-10.186283526704516,0.11475979676713494,0.3514637169256271,0.0,0.1904679609588732,0.6814898097210028,101.11831829471814,201035,77,53,U086,5,Motivational
TRK0284,Paper Paradise,Sapphire Riders,Sapphire Frequency,R&B,2019,English,0.59553720668084,0.6856547922432635,-7.290827047244499,0.07983717696359884,0.18227072963433938,0.029844820813237572,0.06926863439157083,0.7332028708476079,98.01672784518995,207028,59,22,U124,,Party
TRK0347,Slow Rhythm,Paper Garden,Paper Sessions,Country,2005,English,0.7071067390768662,0.6683437494288447,,0.12150704567016038,0.364626833916373,0.019560100268972067,0.2706081356305253,0.8149972012116945,130.9339813514694,242489,,21,U082,2,Motivational
TRK0228,Paper Echoes,Solar Circuit,Solar Stories,Rock,2022,English,0.4425204925209917,,,0.028039104429712948,0.2564025901096481,0.0,0.1568143668643547,0.4896680060351533,121.89440091643942,181485,95,46,U020,4,Energetic
TRK0180,Falling Motion,Urban Parade,Urban Nights,Pop,,English,0.6906596908936026,0.6807758135702193,-6.785077201224383,0.14200212765938236,0.14055364479529636,0.10665826778344378,0.201848907634912,0.6910480925679444,123.75053234334564,228465,51,39,U079,4,Motivational
TRK0059,Sunday Fire,Royal Sound,Royal Collection,R&B,2021,English,0.5737571219860069,0.5268500967273972,-6.634800523480849,0.07821864407922957,0.4110700196330108,0.060915016645666474,0.1585625323816887,0.8665064465752664,101.65096838045831,201758,89,31,U091,3,
TRK0129,Neon Hearts,Wild Circuit,Wild Diaries,Classical,2005,English,0.32718742923698285,0.2641259425072853,,0.0930396837140835,0.6435761722607447,0.7045422814505911,0.11479705325337873,0.42713903450423396,85.88263341233512,259505,67,64,U100,5,Melancholic
TRK0043,Falling City,Crimson Garden,Crimson Horizons,Pop,2014,English,0.75140772238698,0.6857333955955839,-5.900335429445381,0.0,0.015041487836840464,0.0,0.0,0.7315387183384803,110.46475200716635,233339,100,45,U092,5,Motivational
TRK0264,Summer Fire,Urban Lines,Urban Diaries,Rock,2012,English,0.33043397491246324,0.7930906510827438,-7.40059870757897,0.030088717571749513,0.20933558844718314,0.10813451568252569,0.22978866672023734,0.4573817627988904,142.29152112487327,198719,98,51,U007,3,Romantic
TRK0192,Silent City,Blue District,Blue Frequency,Classical,2026,English,0.5531762415110635,0.3253164129950761,-13.527818738907552,0.012099993872690631,0.7781945864466214,0.8813809514332865,0.09202585248628413,0.6020964065480437,84.74294047199383,,76,44,U034,5,Calm
TRK0048,Gravity Rhythm,Paper Heaven,Paper Sessions,Jazz,2026,English,0.6350625120952657,0.4648504142779807,-9.652092024888722,0.030793788329210772,0.5039170807365264,0.35643030091609434,0.1388143518215875,0.5467474941204821,107.88491970331523,289963,100,34,U051,2,Energetic
TRK0190,Electric City,Solar Theory,,R&B,2023,English,0.5606495140661624,0.5144947162989243,-8.034371919321229,0.15469670874239622,0.34985887646033387,0.13293882972317844,0.15011035327254546,0.7731082306590776,95.08341394282901,229848,77,52,U003,5,Happy
TRK0146,Midnight Hearts,Paper Heaven,Paper Diaries,Jazz,2007,English,0.5684037913117381,0.3918333180469414,-12.045068096983142,,0.585289464878521,0.35402942572355145,0.09274080810713273,0.6082253017086908,94.14839671934661,241102,56,31,U019,4,Relaxing
TRK0053,Velvet Dreams,Midnight Bloom,Midnight Frequency,Pop,2018,,0.7213985221865292,0.7306421119411214,-6.398114587253256,0.0,0.15898021342801877,0.0,0.0190390605108412,0.8204883799577991,119.13147970563246,215423,100,54,U119,4,Energetic
TRK0052,Velvet Stories,Indigo Waves,Indigo Collection,Pop,2026,French,0.6864060774959853,0.8630569386397986,-6.468137411699055,0.14891609620154866,0.06710330239787499,0.03981611284440193,0.14558321308499841,1.0,127.2561386783553,216360,100,39,U114,3,
TRK0011,Summer Hearts,Lunar Stories,Lunar Diaries,Hip-Hop,2024,English,0.7443362102341909,0.7124154252063586,-7.9084989588961925,0.2600732490666936,0.009011800941158978,0.0,0.06054436979762663,0.7188256146228792,112.51896142937885,244984,91,37,U048,3,Energetic
TRK0340,Sunday Lights,Wild Harbor,Wild Stories,Electronic,2024,English,0.6236185308678075,0.8468124130677129,-5.099807602591376,0.05628338422146777,0.03890651956251758,0.07644152901354467,0.1007959043691874,0.9193097683061009,127.3521529785314,255108,,48,U079,4,Motivational
TRK0138,Paper Sky,Aurora Heights,Aurora Sessions,Jazz,2010,English,0.5675144659894898,0.23256455588639963,-9.351762930814122,0.02678972425071032,0.5252918026393255,0.37719749522500695,0.30592104740246917,0.5799365291945221,86.02014440445615,207007,76,41,U073,4,Energetic
TRK0023,Falling Fire,Aurora Harbor,Aurora Sessions,Hip-Hop,2016,French,0.8599824246910295,0.6497273587947006,-7.460828759999391,0.3066654996446538,0.0,0.0,0.16416143342818354,0.8010529977957789,99.03731882640578,282526,100,45,U008,4,Romantic
TRK0126,Neon City,Solar Theory,Solar Collection,R&B,2026,English,0.726645114657155,0.6816410108734856,-8.406508690054213,0.01854040055109328,0.10793114239215948,,0.028709679650948894,0.9361866170743558,105.10751530730847,250531,94,34,U137,2,Happy
TRK0387,Distant Shadows,Urban Bloom,Urban Collection,,2026,English,0.7355813080898331,0.6379483702540678,-6.599444391313549,0.20379759812059148,0.0,0.14883499206053488,0.17482348125425157,0.6662223568888769,103.90068943168075,240285,100,48,U023,4,Romantic
TRK0353,,Echo Signals,,R&B,2017,English,0.7435992804925224,0.5513127542060491,-9.079638319818791,0.16186369074537946,0.29650350435819334,0.05246534145823964,0.09902314741228174,0.8443855206585628,93.02307429929324,,100,37,U098,,Happy
TRK0206,Summer Hearts,Paper Heaven,Paper Frequency,Jazz,2016,Spanish,0.35227920365389687,0.3405199763951745,-10.27837593152998,0.052628842376039736,0.5416587958905256,0.3262437876678842,0.16244910926543427,0.47240220617807305,108.46467833646003,242271,100,42,U088,3,Energetic
TRK0317,Paper Fire,Crimson Waves,Crimson Collection,Hip-Hop,2021,English,0.8170200903912092,0.8613897336550631,-5.551470948737601,0.24320825760738465,0.0,0.0,0.1346258193657809,,98.29418391283079,210056,70,30,U147,4,Party
TRK0381,Velvet Shadows,Wild Circuit,Wild Sessions,Classical,2014,Japanese,0.246687394063799,0.22555387145053618,-12.661496690920478,0.09980297098015173,0.8784717815167117,0.7225381784281554,0.06533259658644411,0.5513910996459916,83.26242560775822,218258,87,44,U137,4,Focus
TRK0376,Silent Echoes,Royal Heights,Royal Sessions,,2013,English,0.6722581378592292,0.833346682958548,-5.9436085331051105,0.10014205394123972,0.0,0.013321132117118918,0.2658247671341324,0.9898798425429977,105.2234835570158,229970,65,32,U056,3,Party
TRK0248,Distant Hearts,Sapphire Garden,Sapphire Frequency,Electronic,2024,English,0.8388735622881146,0.8358608237928283,-6.188490456168153,0.10785790178031868,0.0,0.057159222130313436,0.17270019785652535,0.8799316757830565,117.49506036278039,237607,95,26,U103,3,Energetic
TRK0188,Falling Sun,Wild Stories,Wild Sessions,Jazz,2023,Japanese,0.414282359622257,0.40776654179528693,-12.137125489023383,0.023353709314204864,0.5758709727462908,0.31094544667388563,,0.5396614996049235,103.48719867548111,216295,98,43,U143,,Melancholic
TRK0151,Ocean Memories,Indigo Pulse,Indigo Diaries,Rock,2013,English,0.43594921391520064,0.9280126933158811,-5.081624812735736,0.05072582368742018,0.04253584874401047,0.0009303192120989276,0.21294225289663646,0.7559709051706432,122.35925035093342,240529,44,14,U103,2,Party
TRK0178,Electric City,Static Pulse,Static Sessions,R&B,2009,English,0.6415010275738275,0.7777884143311089,-7.527978423404141,0.0,,0.2336999679756063,0.24031442019817728,0.9407717855055255,96.20874473191493,266302,67,,U082,3,Party
TRK0210,Afterglow Stories,Urban Parade,Urban Nights,Pop,2013,English,0.6915900994639217,0.866148677022207,-4.122841608758671,,0.08245992989422063,0.0,0.19742044040519502,0.8068276995096823,117.12153195816751,270078,73,47,U044,4,Motivational
TRK0160,Broken Rain,Indigo Lines,Indigo Diaries,R&B,2015,Hindi,0.6221020685648018,0.6023444604443969,-6.9365131895193395,0.06529464251944125,0.343456276769922,0.0,0.08218357388903777,0.8765195228393803,103.4268481255773,217183,82,53,U024,4,Romantic
TRK0291,Electric Sun,Sapphire Dream,Sapphire Stories,,2026,English,0.7568010036494518,0.6201726314656019,-5.967777772621313,0.0025850346258378953,0.265666796591837,0.06656721048100923,0.0,0.7741243694036452,122.03417203936756,228430,100,31,U080,,Happy
TRK0078,Hidden Paradise,Midnight Motion,Midnight Collection,Rock,2014,English,0.4684501120701065,0.7418673876814057,-5.63989999545768,0.0792612052510264,0.170331382968788,0.21072970368864324,0.29145413608654125,0.6255303256956454,129.81242936269453,217489,78,48,U122,5,Motivational
TRK0356,Gravity Hearts,Midnight Bloom,Midnight Collection,Pop,2016,English,0.8126376747833246,0.6537982853253361,-7.180192765719566,0.0057987960415999545,0.043308845814802314,0.0,0.11920964071274189,0.8922022185488249,128.8195749477698,262797,100,60,U031,5,Motivational
TRK0171,Wild Hearts,Indigo Motion,Indigo Frequency,Indie,2025,English,0.5227148970165341,0.6361083502950367,-8.400700387806639,0.07580131115778253,0.2793108854695308,0.08196968541237563,0.21788631411742218,0.7701622965150224,108.68634648681913,208433,95,57,U124,4,Motivational
TRK0123,Velvet Hearts,Sapphire Riders,Sapphire Sessions,R&B,2021,English,0.5495208452389672,0.6859212542204782,-7.915269727759565,0.05000810071529258,0.28656786092893005,,0.041482060563646006,0.9070993104047592,108.25919776023672,235375,100,36,U055,4,Motivational
TRK0351,Falling Promises,Royal Heights,Royal Sessions,Pop,2020,,0.8348495298580351,0.6501977227180674,-6.863115499785232,0.031847580352517287,0.08315156943847524,0.060494293848697,0.0,1.0,121.78423525995082,219690,100,64,U001,4,Motivational
TRK0284,Paper Paradise,Sapphire Riders,,R&B,2019,English,0.59553720668084,0.6856547922432635,-7.290827047244499,0.07983717696359884,0.18227072963433938,0.029844820813237572,0.06926863439157083,,98.01672784518995,207028,59,53,U001,5,Party
TRK0157,Wild City,Golden Parade,Golden Frequency,Lo-Fi,2026,English,0.3558462397770199,0.31458259673359795,-11.488832836649491,0.0,,0.5462177980333435,0.15479553160605541,0.6111003550568717,83.38205679203361,227319,96,50,U027,5,Calm
TRK0007,Paper Stories,Paper Sound,Paper Collection,Indie,2015,Spanish,0.5443736028938574,0.6574698018855021,-9.147931810355345,0.04075530989595665,0.24610141828268156,0.07070683423821192,0.2088215696220177,0.49137845252204015,120.33743617664939,243916,67,47,U149,5,Focus
TRK0355,Paper Fire,Royal Sound,Royal Frequency,R&B,2016,English,0.7241690885958164,0.5941028486711759,-9.672849921492633,0.10658066756344785,,0.0,0.16553632382221023,0.8398357510950225,121.83839453173924,,77,28,U073,3,Romantic
TRK0343,,Royal Garden,Royal Diaries,Jazz,2021,Hindi,0.5189756561162653,0.4943777475673389,-11.830638804726155,0.05817950032495243,,0.39858715619201956,0.0,0.6091729121003809,124.31098137054025,167377,100,,U060,3,Energetic
TRK0067,Distant Lights,Paper Riders,Paper Frequency,Classical,,English,0.20916668371733307,0.13396180154743675,-16.260464838384188,0.05939601974765521,0.7362545748057363,0.7340165675149569,0.10059539387062076,0.4370383640370838,81.40233856742273,207962,98,35,U031,3,Focus
TRK0332,Distant Signals,Nova Riders,,K-Pop,2020,Korean,0.7594232453817217,0.6801656193257781,-5.886159761650439,0.07761686013516375,0.19455360468237654,0.0,0.017840769085430377,0.859840202708656,130.5701057961608,,88,33,U069,4,Happy
TRK0384,Afterglow Motion,Blue District,Blue Sessions,Classical,2011,English,0.3986150645860495,0.3164649109869452,-14.531648235510028,0.0,,0.6503573428518936,0.10783714690110646,0.5129176884451836,,281934,60,47,U019,5,Relaxing
TRK0004,Paper Waves,Static Motion,Static Diaries,Classical,2022,English,0.21803287836426988,,-14.917629375777864,0.01761859869479923,,0.723730205374563,0.16777948482140367,0.1607650850413355,78.56603997068453,231661,86,28,U149,3,Focus
TRK0333,Velvet Echoes,Velvet Bloom,Velvet Sessions,Lo-Fi,2012,English,0.26439793101132103,0.3883126426371508,-11.046030335027721,0.08046539823149994,0.6892141840785073,0.3028090666622137,0.03557959028912039,0.4300135827240473,75.22279914553619,245218,84,25,U003,3,Melancholic
TRK0253,Higher Fire,Electric Lines,Electric Sessions,Classical,2010,English,0.2353885968405455,0.5772113254121127,-12.736217414152936,0.012871881882013596,0.852737432729257,0.6211701265436411,0.10660241094667683,0.6071359039586541,85.67857560630367,171743,65,44,U109,4,Relaxing
TRK0235,Neon Waves,Crimson Signals,,Rock,2001,English,0.7539504133108306,0.9664605644763612,-6.733685039141223,0.07659979314937505,0.009823389773862642,0.0,0.16561414457361495,0.7464021431793015,115.21966444767826,203079,68,32,U046,3,Happy
TRK0183,Hidden Paradise,Lunar Heights,Lunar Diaries,Electronic,2022,Korean,,1.0,,0.02550921746110489,0.0,0.35310246715580706,0.21736133008325284,,136.54218157498795,262006,100,41,U139,4,Happy
TRK0232,Neon Lights,Royal Heights,Royal Sessions,Pop,2006,English,0.8039201355152263,0.7164885486810024,,0.03630626692085871,,,0.18880413445232333,0.5535966745325471,111.59323883611256,244011,69,56,U076,5,Energetic
TRK0022,Paper Sky,Blue District,Blue Sessions,Classical,2026,English,0.19088965748088943,0.3084039834216243,-15.782701329079858,0.0964177071624079,0.779827183259471,0.8826411169102876,0.06003394369347438,0.4508749884753946,91.12383219923667,235754,90,33,U057,4,Focus
TRK0057,Wild Colours,Indigo Bloom,Indigo Diaries,Electronic,,,0.7482093451371538,0.74402186321518,-6.614863377001589,0.03428478513614682,0.0,0.30821748802040494,,0.8597044626289,120.85217330883381,242422,98,48,U084,4,Happy
TRK0149,Wild Roads,Velvet Dream,Velvet Nights,Pop,2025,Spanish,0.7302472367103157,,-8.207435636106812,0.02576041325537763,,0.1321493633198671,0.11091846577680477,0.8333383809541681,122.28028395400169,,100,37,U063,3,Party
TRK0245,Gravity Sky,Static Lines,Static Diaries,Indie,2012,English,0.6161600521843583,0.6321213150233576,-7.279291653604948,0.12752734475160765,0.3612409774159476,0.10482006065445633,0.2556103736325805,0.7846826053302078,113.91398100228058,234747,83,47,U062,4,Motivational
TRK0120,Wild Lights,Solar Heights ,Solar Frequency,Hip-Hop,2013,English,0.6575471087086994,0.7761124330937934,-8.374898603799856,0.2271135238860671,0.0,0.0464320659381916,0.10516569497012018,0.6667185973766202,98.95264576218302,216499,87,29,U120,3,Party
TRK0069,Higher Motion,Velvet Lines,Velvet Sessions,,2025,Korean,0.7952034471802925,0.7198244183459586,-6.100146011309549,0.08013988475835365,0.0,0.0,0.1171076977439345,0.8576897912691505,134.96809621333085,236849,93,50,U055,4,Energetic
TRK0304,Paper Promises,Paper Sound,Paper Collection,Indie,2021,English,0.5087595126647839,0.6349822885262093,-7.860071068963618,0.0,0.5338561509202658,0.0,0.17936480906168004,0.6947364721605259,118.72982858652576,216165,100,53,U001,4,Motivational
TRK0256,Silent Signals,Nova Riders,Nova Diaries,K-Pop,2012,Korean,0.860320586961775,0.8990544948402247,-5.411289485417474,0.0348507174337242,0.17986647979320042,0.0,0.1498300758705452,0.7184217119348768,107.15894661742323,247487,67,48,U023,4,Motivational
TRK0089,Summer Echoes,Urban Lines,Urban Sessions,Rock,2016,English,0.7125779791881685,1.0,-6.027878745544469,0.02330509168083384,0.04744549884804684,0.09573437473245824,0.182634310602439,0.6882368616443547,142.43745000567233,235633,100,37,U071,3,Energetic
TRK0310,Paper Shadows,Static Bloom,Static Frequency, Jazz ,2020,Japanese,0.5847851626300125,0.3894984455007285,-11.302362891120836,,0.48323122417232167,0.3262412438621992,0.2797192413529824,0.6839860531122558,99.58576998463086,209265,62,16,U003,3,Happy
TRK0164,Neon Promises,Urban Parade,Urban Collection,Pop,2021,Korean,0.6978403830001897,0.7840672283006523,-7.575936964480379,0.00315073782149769,0.10002883448718573,0.0,0.10321602909744856,0.9756979109221184,103.98290517853954,197555,76,48,U029,5,Happy
TRK0070,Summer Roads,Electric Lines,Electric Diaries,Classical,2026,English,0.37884442493182524,0.30776452329748943,-13.84203302640164,0.026004159852937456,0.7434478823664472,0.9662242885416306,0.0,0.16659192084399754,78.22110120101343,229313,94,53,U050,4,Relaxing
TRK0070,Summer Roads,Electric Lines,Electric Diaries,Classical,2026,English,0.37884442493182524,0.30776452329748943,-13.84203302640164,0.026004159852937456,0.7434478823664472,0.9662242885416306,0.0,0.16659192084399754,78.22110120101343,229313,94,37,U005,3,Relaxing
TRK0177,Falling Fire,Urban Bloom,Urban Sessions,Hip-Hop,2020,English,0.6936826249363235,0.6438186224948674,-8.781022605854742,0.284047860355674,0.07060353225379468,0.0,0.20659834247214126,0.6203261255841609,87.60527432132514,271620,77,27,U112,3,Romantic
TRK0334,Midnight Colours,Blue Circuit,Blue Diaries,K-Pop,2014,Korean,0.7213527127283091,0.8145648991765665,-7.6297359296728064,0.040326754288566455,0.12579314220064106,0.12124832176067372,0.061004068172332365,0.9517229382247088,117.9565881033663,238641,100,39,U009,,Party
TRK0155,Paper Stories,Neon Waves,Neon Frequency,Pop,2026,English,0.744468192548735,0.7192133806173873,-7.152321502204852,0.11705380540941696,0.007160111115730103,0.0,0.16301080860247322,0.9101209283657149,122.13012992935494,252939,93,44,U030,4,Party
TRK0238,Starlight Signals,Midnight Bloom,Midnight Sessions,Pop,2022,English,0.5831877153746694,0.8269778002546297,-7.382861859054016,0.08444707041241761,,0.1007520508400774,0.013438003857435807,0.79566419079192,106.9588488476723,316107,64,48,U006,5,Energetic
TRK0269,Midnight Memories,Indigo Parade,Indigo Sessions,Hip-Hop,2013,English,0.7517674321807266,0.8322457220986049,,0.25101493277093956,0.03458291172253394,0.0,0.24998368143847388,0.6958031343601793,107.65503158854276,215416,78,31,U022,4,Party
TRK0132,Hidden Dreams,Echo Riders,Echo Diaries,Rock,2023,French,0.3724427713856984,0.813297450492768,-5.498956506881819,0.06496395408939384,0.021458933031135094,0.1098943775122529,0.13792973510330558,0.6169369120465678,120.34783355961551,281315,98,45,U019,4,Focus
TRK0066,Hidden Lights,Crimson Waves,Crimson Sessions,Hip-Hop,2021,English,0.7522643820179146,0.7003463826211268,-8.496501207818131,0.22968183059014613,0.0,0.0,0.16587502322763947,0.845397815855816,122.17888262915292,221229,100,29,U011,3,Motivational
TRK0156,Broken Rhythm,Velvet Dream,Velvet Nights,Pop,2026,French,0.7699788104295798,0.5613747641212603,-7.5457557136237865,0.05048676316806156,0.0,0.0589037590433763,0.09339733564654629,0.5976222359819389,122.63716618801293,285920,100,44,U095,4,Focus
TRK0346,Velvet Paradise,Wild Stories,Wild Frequency,Jazz,2021,English,0.538614690099219,0.44219665596070884,-10.328131643942045,0.06523357255340027,0.41612430204314627,,0.25680265666131846,0.5710336350251407,114.98031185899859,216751,100,21,U081,,Energetic
TRK0285,Golden Echoes,Indigo Pulse,Indigo Stories,Rock,2026,English,0.6104330132660478,0.9241801244031502,-3.6640216568642616,0.014584910743735607,0.0,0.0,0.22907530028832765,0.7323368409245183,131.76648275378955,282269,100,59,U070,5,Motivational
TRK0046,Gravity Stories,Silver Skies,Silver Stories,Pop,2006,French,0.8201745397651508,0.8319388933348619,-7.828930943411419,0.0,0.09007081490053666,0.1220909041251066,0.24583161657040203,0.911201901844421,117.00534982733737,210068,77,29,U007,3,Party
TRK0274,Broken Paradise,Blue Hearts,Blue Collection,Indie,2018,Japanese,0.7493766240762492,0.547806361117693,-7.843417453991226,0.035589166596435524,,0.04267354263869662,0.09853157167677674,0.5656084069532538,117.80481582437027,188109,75,50,U071,4,Focus
TRK0304,Paper Promises,Paper Sound,Paper Collection,Indie,2021,English,0.5087595126647839,0.6349822885262093,-7.860071068963618,0.0,0.5338561509202658,0.0,0.17936480906168004,0.6947364721605259,118.72982858652576,216165,100,74,U131,5,Motivational
TRK0068,Silent Lights,Aurora Harbor,Aurora Sessions,Hip-Hop,2025,Spanish,0.8198347047074883,0.7817281277780573,-8.23162082612228,0.2715325420586813,0.0,0.0,0.24124955474656612,0.8089771952390661,112.82510823415777,231306,77,34,U087,4,Energetic
TRK0302,Hidden Signals,Nova Riders,Nova Frequency,K-Pop,2016,Korean,0.898505962704864,0.8665295966258072,-6.230764328800522,0.11798905358117982,0.1690134878156588,0.0,0.12457927926574586,0.7005371909094229,,303545,86,49,U118,,Party
TRK0002,Neon Waves,,Echo Diaries,Pop,2024,Japanese,0.7015137636454739,0.6340947819150138,-5.730666047846122,0.06304617330690392,0.06107584395388762,0.0,0.1572616429887344,0.8629039093926958,120.31328262149312,252870,100,47,U005,4,Romantic
TRK0347,Slow Rhythm,Paper Garden,Paper Sessions,Country,2005,English,0.7071067390768662,0.6683437494288447,-9.5102753210444,0.12150704567016038,0.364626833916373,0.019560100268972067,0.2706081356305253,0.8149972012116945,130.9339813514694,242489,67,43,U129,,Motivational
TRK0005,Golden Waves,Royal Heights,Royal Diaries,Pop,2014,Spanish,0.7008695675118385,0.5804056227775467,-8.718727788471536,,0.1600673996720708,0.050249313574263606,0.16833397478474377,0.762341727308391,117.4744018702769,257617,77,38,U046,,Happy
TRK0359,Hidden Roads,Crimson Harbor,Crimson Sessions,Lo-Fi,2015,French,0.44401456023041486,0.38893027631811955,-9.928931568852565,0.05656659498392831,0.8308174753775616,0.4228011893410623,0.09356404241199072,,96.68147637444198,291482,98,71,U021,5,Relaxing
TRK0375,Higher Hearts,Crimson Garden,Crimson Nights,Pop,2024,English,0.6685401160715851,0.6261592084986389,-9.694157111053258,0.12791915169761103,0.040697651066361695,0.0,0.037401982287112695,0.7971053846741541,131.00032661195752,306390,65,23,U127,3,Happy
TRK0228,Paper Echoes,Solar Circuit,Solar Stories,Rock,2022,English,0.4425204925209917,0.8170196475184932,-6.744387374661235,0.028039104429712948,0.2564025901096481,0.0,0.1568143668643547,0.4896680060351533,121.89440091643942,181485,95,31,U112,3,Energetic
TRK0006,Broken Shadows,Velvet Dream,Velvet Stories,Pop,2009,Japanese,0.6730597659797276,0.6893894121804237,-6.454935772771638,0.09009390292134749,0.16381178143562777,0.026532629692620418,0.09036911815690923,0.8078321674210557,104.34216571104211,191235,55,31,U115,4,Energetic
TRK0288,Gravity Lights,Echo Riders,Echo Collection,Rock,2013,English,0.5668581937733912,0.8094937109131557,-5.886662015688272,0.056965651003572725,0.0,0.0,0.1864407368023503,0.659745091922599,129.81922618234069,276143,73,41,U090,4,
TRK0164,Neon Promises,Urban Parade,Urban Collection,Pop,2021,,0.6978403830001897,0.7840672283006523,-7.575936964480379,0.00315073782149769,0.10002883448718573,0.0,0.10321602909744856,0.9756979109221184,103.98290517853954,197555,76,37,U048,4,Happy
TRK0308,Neon Paradise,Royal Riders,Royal Frequency,Indie,2005,,0.7172387434143576,0.7156516974997185,-9.112201110597413,0.049865016043825726,0.4360725023201662,0.16552731106107718,0.16037561673284348,0.8132149677184671,111.88907566088601,234456,,29,U097,3,Energetic
TRK0352,Electric Fire,Royal Sound,Royal Frequency,R&B,2017,Spanish,0.8103782153025446,0.7027571049971331,,0.14996759375608584,0.41951747034313924,0.09369279191425606,0.13817320615107964,,113.72479258160914,214532,82,34,U115,3,Party
TRK0142,,Wild District, Wild Collection,Indie,2015,,,0.6315239313663522,-7.602070334477045,0.10660005278912493,0.4582424563304658,0.1269958874049831,0.0,0.7497429416359015,98.71706490151087,280164,87,30,U053,2,Romantic
TRK0171,Wild Hearts,Indigo Motion,Indigo Frequency,Indie,2025,English,0.5227148970165341,0.6361083502950367,-8.400700387806639,0.07580131115778253,0.2793108854695308,0.08196968541237563,0.21788631411742218,0.7701622965150224,108.68634648681913,208433,95,50,U040,4,Motivational
TRK0046,Gravity Stories,Silver Skies,Silver Stories,Pop,2006,French,0.8201745397651508,0.8319388933348619,-7.828930943411419,0.0,0.09007081490053666,,0.24583161657040203,0.911201901844421,117.00534982733737,210068,77,47,U114,3,Party
TRK0126,Neon City,Solar Theory,Solar Collection,R&B,2026,English,0.726645114657155,0.6816410108734856,-8.406508690054213,,0.10793114239215948,0.0,0.028709679650948894,0.9361866170743558,105.10751530730847,250531,94,72,U070,5,Happy
TRK0109,Wild Sun,Electric Waves,Electric Frequency,Electronic,2018,English,0.9506091758127639,0.9734073552254533,-5.713478889440305,0.0,0.004257805145407637,0.008282675912815257,0.2623648684431353,0.9500846327122934,126.9146226362837,161972,75,39,U129,4,Party
TRK0073,Golden Waves,Paper Dream,Paper Sessions,Electronic,2012,,0.7789361323381807,0.7058591581675298,-7.251859770994836,0.07644136839286954,0.07659343906735634,,0.2672245223420737,0.9187569613804677,120.08465444131492,262854,100,47,U087,4,Energetic
TRK0041,Distant Rain,Midnight Motion,Midnight Frequency,Rock,2020,English,0.49773961146369405,0.9335615981807674,-6.247865250601619,0.0,0.08621632557056333,0.0,0.16603613429352823,0.6872129524827117,116.05820624458737,187005,94,38,U099,4,Motivational
TRK0205,Summer Hearts,Electric Bloom,Electric Diaries,Country,2012,Spanish,0.2996182319926659,,-9.69987892881675,0.0,0.44178445731332516,0.048583902526805695,0.011855028569567189,0.6899646059688638,102.72050166743028,248915,54,44,U007,5,Happy
TRK0225,Hidden Echoes,Solar Heights,Solar Frequency,Hip-Hop,2021,Hindi,0.7151710226355766,0.6142772648876302,-7.095839168346096,0.18542765404308345,0.10903483242556825,0.30355197414624685,0.24451190358834085,0.7575437301693447,97.72930059138528,176324,67,65,U099,5,Happy
TRK0357,Gravity Motion,Aurora Harbor,Aurora Diaries,Hip-Hop,2025,English,0.8248565837966035,0.6052976622159016,-8.45385919706587,0.22763156531862822,0.14532638260768177,0.042397996353712206,0.22958080434153944,0.832562474830439,,276397,79,35,U008,4,Romantic
TRK0177,Falling Fire,Urban Bloom,Urban Sessions,Hip-Hop,2020,English,0.6936826249363235,0.6438186224948674,-8.781022605854742,0.284047860355674,0.07060353225379468,0.0,0.20659834247214126,0.6203261255841609,87.60527432132514,271620,77,35,U060,3,Romantic
TRK0361,Midnight Echoes,Golden Heights,Golden Nights,Pop,2021,French,0.7258264387251487,0.7138544419862287,-6.416129933968936,0.05676314043194962,0.07008778775384922,0.1977449801425403,0.3097382738192468,0.7003972294865881,108.13204699478496,208319,87,49,U146,4,Happy
TRK0193,Falling Rhythm,Urban Motion,Urban Sessions,R&B,2012,English,0.6636522749820964,0.4822843808752101,-9.251012609053458,0.09767944722357039,0.2467925775566233,0.10015890992819368,0.17736301862435677,0.6371886711507364,102.65778926114052,208264,67,23,U131,3,Happy
TRK0225,Hidden Echoes,Solar Heights,Solar Frequency,Hip-Hop,2021,Hindi,0.7151710226355766,0.6142772648876302,-7.095839168346096,0.18542765404308345,0.10903483242556825,0.30355197414624685,0.24451190358834085,0.7575437301693447,97.72930059138528,176324,67,41,U018,5,
TRK0003,Golden Colours,Indigo Parade,Indigo Sessions,Hip-Hop,2022,English,0.7486052542345125,0.6415372306320005,-8.324765766933485,0.26927667545211154,0.13734094944450417,0.09804952177496992,0.10341432048979139,0.7085368231531204,99.75654493260583,244937,100,51,U024,4,Motivational
TRK0124,Golden Hearts,,Solar Frequency,R&B,2021,English,0.6110013646132396,,-8.107926458829796,0.03999365565696096,0.029385481504190653,0.07945388603139601,0.0,0.7547588860018177,98.05449595839325,281423,81,38,U062,4,Romantic
TRK0239,Silent Colours,Echo Garden,Echo Sessions,Hip-Hop,,English,0.7124250880687383,0.5892681888011877,-10.176506032067662,0.22901510766650543,0.0376512750277131,0.0,0.16549626777833598,0.7248747731558538,100.62368889552103,229319,76,43,U118,4,Romantic
TRK0313,Golden Rhythm,Urban Lines,Urban Stories,Rock,2026,English,0.6173174917888647,0.8780376464959104,-5.928221656802176,0.007853098207538795,0.09582843574014743,0.05088823614155877,0.09430202811760367,0.6448675671302997,126.28430390930775,251793,100,30,U031,3,Energetic
TRK0374,Hidden Sun,Wild Stories,Wild Diaries,Jazz,2020,French,0.4858220853799603,0.4417596189154473,-8.894444052645143,0.013840297005613456,0.5405944591039837,0.35200988969311536,0.15589539124324125,0.2999204226168739,107.08460458870488,278217,100,43,U140,3,Calm
TRK0250,Slow Lights,Neon District,Neon Diaries,K-Pop,2023,Hindi,0.7661610346189476,0.7326582622939095,-8.023983463059329,0.10483797033375195,0.0,0.07503451014048883,0.18723981243840387,0.9331958902392797,119.23258055890018,258078,99,36,U046,4,Happy
TRK0089,Summer Echoes,Urban Lines,Urban Sessions,Rock,2016,English,,1.0,-6.027878745544469,0.02330509168083384,0.04744549884804684,0.09573437473245824,0.182634310602439,,142.43745000567233,235633,100,,U092,5,Energetic
TRK0220,Distant Rhythm,Silver Skies,Silver Frequency,Pop,2026,English,0.865817080747911,0.7427664668399292,-5.904380339320048,0.0,0.2376762062457382,0.12241929575775687,0.11727629756496477,0.9101229955168066,112.51753459426095,217892,92,62,U086,5,Motivational
TRK0024,Afterglow Rhythm,Electric Pulse,Electric Diaries,Indie,2003,Japanese,0.5342300569043174,0.5982667542169522,-6.63373891551651,0.0,0.22304326808335176,0.0,0.09441045969822032,0.7244508474654144,120.16750405575644,245495,44,26,U074,4,Romantic
TRK0098,Golden Promises,Electric Pulse,Electric Sessions,Indie,2012,English,0.6252538418979592,0.6401899286437044,-7.7931092649547535,0.12099956922193487,0.23641783165826685,0.09814829654553492,0.2292882874363712,0.829235406386648,105.22873973489898,226458,,61,U016,4,Motivational
TRK0134,Summer Sky,Velvet Bloom,Velvet Diaries,Lo-Fi,2005,Hindi,0.43781947759466666,0.2747965565877155,-9.722498995356236,0.06470422933346098,0.7196342493541077,0.2288560761412004,0.04005985760682913,0.4564958579224679,82.70600546603355,169803,62,42,U142,4,Melancholic
TRK0146,Midnight Hearts,Paper Heaven,Paper Diaries,Jazz,2007,English,0.5684037913117381,0.3918333180469414,-12.045068096983142,0.11008499044655311,0.585289464878521,0.35402942572355145,0.09274080810713273,0.6082253017086908,94.14839671934661,241102,56,24,U104,4,Relaxing
TRK0346,Velvet Paradise,Wild Stories,Wild Frequency,Jazz,2021,English,0.538614690099219,,-10.328131643942045,0.06523357255340027,0.41612430204314627,0.17703231299541325,0.25680265666131846,0.5710336350251407,,216751,100,42,U009,4,Energetic
TRK0200,Silent Motion,Wild Harbor,Wild Diaries,Electronic,2015,English,0.742280712521093,0.6480567496714164,-8.404213479078104,0.10324920687540973,0.0,0.043368465038429435,0.13201959605971653,0.995677765871745,127.4196813690422,222170,,60,U094,4,Romantic
TRK0219,Wild Dreams,Indigo Parade,Indigo Diaries,Hip-Hop,2020,English,0.6576352238300109,0.712697429962954,-8.08149661686831,0.2153847875619752,0.0495172776162516,0.16968405192298106,0.2760693420482116,0.7355202235555344,96.87770366525643,319024,81,39,U138,,Party
TRK0336,Distant Motion,Indigo Motion,Indigo Sessions,Indie,2018,English,0.528654801295089,0.4768839389813383,-8.36401150481846,0.06915715675632084,0.40301046216422165,0.1215371594069481,,0.5806912300521931,110.8948057061722,221049,83,21,U004,3,Relaxing
TRK0247,Neon Sun,Echo Signals,Echo Frequency,R&B,2016,English,,0.49727708731884335,-8.547371022529267,0.09256294134899036,0.13370782203573875,0.01566942359593018,0.13427103987899439,0.8023452016234809,,250765,75,29,U066,4,Happy
TRK0179,Paper Paradise,Static Motion,Static Sessions,Classical,2013,English,0.3300719121669655,0.31493175368151527,-15.485710440621917,0.0159762254722626,0.6675965412639456,0.8737272297958437,0.18247293969720293,0.5038964959904689,76.63222094988656,142320,43,40,U012,5,Relaxing
TRK0082,Electric Memories,Golden Heights,Golden Collection,Pop,2023,English,0.6125233986182286,0.7520197740218939,-6.519826156897574,0.08853872119570393,0.27570710787970387,0.09442598863859064,0.16605216073032256,1.0,117.06986014560448,210332,100,41,U018,3,Energetic
TRK0097,Wild Signals,Echo Riders,Echo Frequency,Rock,2018,English,0.2585812628956997,,-4.845171469936627,0.04311383557072041,0.15952896465391603,0.0,0.18164436605061862,0.4695430181518808,108.88166415124002,267775,61,46,U092,4,Romantic
TRK0142,Sunday Colours,Wild District,Wild Collection,Indie,2015,English,0.8034386246197682,0.6315239313663522,-7.602070334477045,0.10660005278912493,0.4582424563304658,0.1269958874049831,0.0,0.7497429416359015,98.71706490151087,280164,87,31,U005,3,Romantic
TRK0143,Silent Sky,Echo Riders,Echo Sessions,Rock,2019,Japanese,0.4308459173842834,0.8153309946120195,-2.89308394572523,0.0875536496316076,0.20711014123288957,0.14510470327862451,0.29356235006965353,0.6457579142296029,,230858,97,35,U114,,Motivational
TRK0180,Falling Motion,Urban Parade,Urban Nights,Pop,2026,English,0.6906596908936026,0.6807758135702193,-6.785077201224383,0.14200212765938236,0.14055364479529636,0.10665826778344378,0.201848907634912,0.6910480925679444,123.75053234334564,228465,51,40,U048,4,Motivational
TRK0221,Distant Echoes,Indigo Pulse,Indigo Collection,Rock,2024,Spanish,0.4098655850236158,0.8338046676909375,-6.477234566482271,0.06477232829364638,0.03718571575598459,0.0,0.263645242021662,0.6725637153477547,144.38394162219186,240924,74,27,U007,2,Energetic
TRK0327,Sunday Waves,Royal Heights,Royal Frequency,Pop,2024,English,0.7142430237594596,0.6599245325905864,-7.280822231534281,0.04742671496326437,0.11457151660985919,0.22381987370325773,0.09732542682500142,0.8546241057817568,133.3568393361317,220680,100,57,U107,4,Motivational
TRK0368,Afterglow Colours,Crimson District,Crimson Diaries,Latin,2020,Spanish,0.9239943139100661,0.8310811833259836,,0.06138888495535661,0.10997767861031776,0.0853784926528224,0.12349293361784086,1.0,134.13150189391635,236370,72,21,U044,3,Energetic
TRK0083,Broken Promises,Midnight Sound,Midnight Sessions,Latin,2026,Spanish,0.7067714618597924,0.824126592670112,-6.938594403863266,0.07862033491569759,0.19733209607103586,0.0,0.20468390427420208,,120.69132018763017,225001,91,40,U119,3,Party
TRK0027,Starlight Rhythm,Echo Riders,Echo Stories,Rock,2023,Hindi,0.341781848462296,0.8207999342589667,-7.446252924212141,0.0713613689808441,0.08839534282015135,0.0,0.2549807894097939,0.5994721094067997,123.74079710689605,204441,75,,U028,4,Romantic
TRK0200,Silent Motion,Wild Harbor,Wild Diaries,Electronic,2015,English,0.742280712521093,0.6480567496714164,-8.404213479078104,0.10324920687540973,0.0,0.043368465038429435,0.13201959605971653,0.995677765871745,127.4196813690422,222170,,60,U094,4,Romantic
TRK0391,Wild Signals,Aurora Circuit,Aurora Frequency,Indie,2016,English,0.5365041500863855,0.566712913986654,-9.6556157359953,0.020823871386878346,0.5278055419430353,0.14007304336601684,0.07983845633445812,0.6142024315626098,102.72127274046731,199629,100,51,U016,,
TRK0275,Velvet Fire,Blue Hearts,Blue Collection,Indie,2007,,0.449233310161506,0.6390332596429159,-8.924149209856617,0.12207071200529417,0.4182710627354647,0.021022319186143668,0.08580422134527854,0.7209574107395091,,228306,93,33,U012,2,Romantic
TRK0071,Distant Hearts,Velvet Dream,Velvet Frequency,Pop,2025,English,0.8162657572486841,0.7486045130210626,-7.527966093076273,0.10140175775500021,0.10122877069534027,0.03025686174498272,0.22310675005327021,0.5751181063769117,107.38759433403938,200495,86,42,U077,5,Romantic
TRK0311,Electric Sun,Solar Heights,Solar Diaries,Hip-Hop,2008,English,0.8109247984413085,0.7099830074622289,-5.839204227821639,0.3440324006539273,0.0,0.0,,0.884991184160994,,235663,79,37,U070,3,Happy
TRK0320,Higher Paradise,Midnight Dream,Midnight Diaries,Lo-Fi,2013,English,0.5322229315560356,0.43550178141374535,-11.484845461857114,0.18585665846395535,0.7331931558845588,0.3558070780291385,0.048685291014278535,0.46808497361117857,95.14314253640646,283707,100,56,U012,5,Energetic
TRK0129,Neon Hearts,Wild Circuit,Wild Diaries,Classical,2005,English,0.32718742923698285,0.2641259425072853,-14.632095875661097,0.0930396837140835,0.6435761722607447,0.7045422814505911,,0.42713903450423396,85.88263341233512,259505,67,27,U008,3,Melancholic
TRK0155,Paper Stories,Neon Waves,,,2026,English,0.744468192548735,0.7192133806173873,-7.152321502204852,0.11705380540941696,0.007160111115730103,0.0,0.16301080860247322,0.9101209283657149,122.13012992935494,,93,44,U129,3,Party
TRK0213,Paper City,Nova Heaven,Nova Frequency,Country,2025,English,0.5965528649116472,0.594694026206655,-8.940629584296916,0.0,0.3131055659732205,0.013109108403801084,0.18690165117217006,0.8844966869126745,111.88603257009572,267414,100,43,U009,4,Romantic
TRK0392,Broken Roads,Golden Heights,Golden Nights,Pop,2022,English,0.7404939323653574,,-5.214609230284262,0.11341057273736278,0.0,0.14421386186275806,0.10163798320933033,0.7394408869078635,119.58754649445743,233511,100,65,U118,5,Motivational
TRK0349,Golden City,Indigo Waves,Indigo Stories,Pop,2025,English,0.7352300372547319,0.7755620398189181,,0.21309390199705813,0.10206724858740393,0.04973493470771083,0.0002672365298707069,0.7778388925620907,128.31245205168224,195734,58,28,U048,4,Happy
TRK0387,Distant Shadows,Urban Bloom,Urban Collection,Hip-Hop,2026,,0.7355813080898331,0.6379483702540678,-6.599444391313549,0.20379759812059148,0.0,0.14883499206053488,0.17482348125425157,0.6662223568888769,103.90068943168075,240285,,32,U117,4,Romantic
TRK0243,Summer Stories,Golden Pulse,Golden Diaries,K-Pop,,Korean,0.7346162438874467,0.8606440839593326,-5.287792723901146,0.0947334992838893,0.031158739420100542,0.0,0.03425722708420585,0.8030747028608726,117.93360106817649,203565,97,38,U041,4,Happy
TRK0377,Silent Rhythm,Silver Hearts,Silver Stories,,2020,,0.4834157943540789,0.5861910509723561,-8.203380411230823,0.051639967662183935,0.2142246107286495,0.0,0.16331912846082994,0.7605564627985034,112.88123916959917,244120,,45,U014,4,Romantic
TRK0319,Hidden Stories,,Static Collection,Indie,2025,English,0.5848924824680156,0.576445291504419,-7.8300908732232966,0.03597134409929516,0.43761417502598093,0.0,0.11208968967440056,0.8877530503769564,110.63803566398714,225797,81,60,U022,5,Motivational
TRK0256,Silent Signals,Nova Riders, Nova Diaries,K-Pop,2012,Korean,0.860320586961775,0.8990544948402247,-5.411289485417474,0.0348507174337242,,0.0,0.1498300758705452,0.7184217119348768,107.15894661742323,247487,67,30,U027,4,Motivational
TRK0370,Golden Waves,Indigo Waves,Indigo Horizons,Pop,2021,English,0.7553750478372494,0.7668031030271234,-5.936460406614243,0.018114307813031645,0.0,0.0,0.026749797101584788,0.9348259022789268,121.3224472787169,242543,49,27,U039,4,Happy
TRK0374,Hidden Sun,Wild Stories,Wild Diaries,Jazz,2020,French,0.4858220853799603,0.4417596189154473,-8.894444052645143,0.013840297005613456,0.5405944591039837,0.35200988969311536,0.15589539124324125,0.2999204226168739,107.08460458870488,278217,100,31,U107,3,Calm
TRK0314,,Indigo Parade,Indigo Frequency,Hip-Hop,, English ,0.591819424337232,0.6880970641217066,,0.20577241711452837,0.05764326034816381,0.0,0.26390617991645005,0.6660499875351579,99.89447070417773,282472,91,53,U075,4,Energetic
TRK0215,Broken Sky,Royal Heights,,Pop,2018,Hindi,0.6472632259340868,0.6854460829834439,-7.418383584577652,0.0,0.005700894417056748,0.17739073414808892,0.14693063202096637,,105.45885623796437,236325,,37,U029,3,Energetic
TRK0325,Distant Fire,Urban Skies,Urban Sessions,Electronic,,English,0.9427853968694064,,-6.967145063687939,0.08369507627221083,0.035879785214231526,0.1623505556728979,0.18792857443174638,0.8936755400768364,140.05056096645134,274740,66,44,U138,4,Motivational
TRK0065,Golden Sky,Midnight Dream,Midnight Frequency,Lo-Fi,2009,French,0.4609647754574009,0.5428029069196527,-12.984370065865484,0.106240655492056,0.6298478925683697,0.35410198105843327,0.11828435393717432,0.5381281823428593,84.11256276889866,277081,63,22,U074,3,Relaxing
TRK0228,Paper Echoes,Solar Circuit,Solar Stories,Rock,2022,English,0.4425204925209917,0.8170196475184932,,0.028039104429712948,0.2564025901096481,0.0,0.1568143668643547,0.4896680060351533,121.89440091643942,181485,95,31,U008,3,Energetic
TRK0051,Slow Rhythm,Crimson Harbor,Crimson Sessions,Lo-Fi,2014,French,0.3337920487265713,0.10044911177429505,-14.89286684856813,0.041309947595950115,0.6710378343903546,0.30534269789652335,0.1949932880249951,0.13240514263206649,81.87420767206102,279900,49,24,U141,2,Focus
TRK0190,Electric City,,Solar Collection,R&B,2023,English,0.5606495140661624,0.5144947162989243,-8.034371919321229,0.15469670874239622,0.34985887646033387,0.13293882972317844,0.15011035327254546,0.7731082306590776,95.08341394282901,229848,77,26,U114,3,Happy
TRK0246,Falling Memories,Indigo Parade,Indigo Frequency,Hip-Hop,2011,English,0.8234710642090004,0.7206641419830236,-6.8623340480387025,0.18490634654809823,0.007356082669942657,0.08946137444147831,0.19164667207237612,0.6305913341891172,101.30326122078179,310252,77,56,U065,5,Motivational
TRK0024,Afterglow Rhythm,Electric Pulse,Electric Diaries,Indie,2003,Japanese,0.5342300569043174,0.5982667542169522,-6.63373891551651,0.0,0.22304326808335176,0.0,0.09441045969822032,0.7244508474654144,120.16750405575644,245495,44,34,U095,5,Romantic
TRK0245,Gravity Sky,Static Lines,Static Diaries,Indie,2012,English,0.6161600521843583,0.6321213150233576,-7.279291653604948,0.12752734475160765,0.3612409774159476,0.10482006065445633,0.2556103736325805,0.7846826053302078,113.91398100228058,234747,83,26,U139,3,Motivational
TRK0345,Gravity City,Blue District,Blue Frequency,Classical,2023,French,0.19518408751562968,0.24076904314034886,-16.427454281362593,0.015048202967081665,0.7518462122361907,0.812059380746438,0.12652138384141218,0.38421788959237807,79.44678606897986,237880,98,40,U037,4,Focus
TRK0092,Golden Waves,Wild Stories,Wild Diaries,,,Hindi,0.5322797464093248,0.33456224212861846,-9.431940846024883,0.0268334419432031,0.42322303938646516,0.2798619631171286,0.3227602710212387,0.5698038446488887,104.87456321157413,249610,43,32,U009,4,Romantic
TRK0237,Electric Hearts,Indigo Lines,Indigo Collection,R&B,2020,English,0.7196383020116754,0.5834281442962522,-6.42177692673047,0.11456735030105793,0.3035669119838639,0.0,0.1339300338170917,0.6124944703195264,98.14258022248843,227059,74,42,U038,4,Focus
TRK0351,Falling Promises,Royal Heights,Royal Sessions,Pop,2020,English,0.8348495298580351,0.6501977227180674,-6.863115499785232,0.031847580352517287,0.08315156943847524,0.060494293848697,0.0,1.0,121.78423525995082,219690,100,44,U007,4,Motivational
TRK0183,Hidden Paradise,Lunar Heights,Lunar Diaries,Electronic,2022,Korean,0.7740957782694945,1.0,-6.5724754434969475,0.02550921746110489,0.0,0.35310246715580706,0.21736133008325284,0.8061382127205055,136.54218157498795,262006,100,53,U136,4,Happy
TRK0356,Gravity Hearts,Midnight Bloom,Midnight Collection,Pop,2016,English,0.8126376747833246,0.6537982853253361,-7.180192765719566,0.0057987960415999545,0.043308845814802314,0.0,0.11920964071274189,0.8922022185488249,128.8195749477698,262797,,44,U078,4,Motivational
TRK0099,Electric Sky,Silver Sound,Silver Sessions,K-Pop,2015,Korean,0.7347625875015517,0.7898585709813879,-6.336105839717792,0.04948678121779254,0.1184299088703773,0.32326745572857973,0.0056109352471747365,0.9133243525495927,115.76635785576957,256700,87,34,U091,4,Happy
TRK0147,Electric Hearts,Sapphire Heaven,,Hip-Hop,2013,English,0.7153930621541167,0.797065443988993,-6.531395869260845,0.20860992570316614,0.0,0.0,0.17035132245067758,,82.17841743532678,222857,64,47,U020,5,
TRK0356,Gravity Hearts,Midnight Bloom,Midnight Collection,,2016,English,0.8126376747833246,0.6537982853253361,-7.180192765719566,0.0057987960415999545,0.043308845814802314,0.0,0.11920964071274189,0.8922022185488249,128.8195749477698,262797,100,62,U138,4,Motivational
TRK0064,Summer Colours,Lunar Harbor,Lunar Stories,Pop,2014,French,0.8186136316960768,0.6744539867849711,-6.109823672554085,0.10048306159115361,0.003586339872721306,0.11774804680901223,0.16889964417600536,0.856603974903201,111.51822213755335,212451,76,23,U080,3,Motivational
TRK0310,Paper Shadows,Static Bloom,Static Frequency,,2020,Japanese,0.5847851626300125,0.3894984455007285,-11.302362891120836,0.05126407143303402,0.48323122417232167,0.3262412438621992,0.2797192413529824,0.6839860531122558,,209265,62,20,U026,3,Happy
TRK0182,Velvet Fire,Velvet Lines,Velvet Diaries,K-Pop,2018,Hindi,0.681574149108482,,-7.224700019719344,0.18348488313266775,0.05873017822687042,0.18039623299234298,0.11630643684346181,0.9025260781886811,110.96618052458382,224812,93,43,U130,3,Energetic
TRK0132,Hidden Dreams,Echo Riders,Echo Diaries,Rock,2023,French,0.3724427713856984,0.813297450492768,-5.498956506881819,0.06496395408939384,0.021458933031135094,0.1098943775122529,0.13792973510330558,0.6169369120465678,120.34783355961551,281315,98,45,U131,,Focus
TRK0042,,Wild District,Wild Collection,Indie,2013,English,0.6635807896314336,0.652336753438297,-5.18386700046422,0.06890848694262218,0.3804899037136058,0.10135619736050408,0.20717431070405537,0.7531835499398102,126.79885137009602,217610,73,20,U125,3,Happy
TRK0285,Golden Echoes,Indigo Pulse,Indigo Stories,Rock,2026,English,,0.9241801244031502,-3.6640216568642616,0.014584910743735607,0.0,0.0,0.22907530028832765,0.7323368409245183,131.76648275378955,282269,100,35,U072,4,Motivational
TRK0193,Falling Rhythm,Urban Motion,Urban Sessions,R&B,2012,English,0.6636522749820964,0.4822843808752101,-9.251012609053458,,0.2467925775566233,0.10015890992819368,0.17736301862435677,0.6371886711507364,,208264,67,24,U067,4,Happy
TRK0056,Distant Waves,Blue District,Blue Diaries,Classical,2026,Japanese,0.45602981705240786,0.3012186238325731,-15.438763862466555,0.03314638114476714,0.6362292451082144,0.7084473397294714,0.1277923310010844,0.46506113057240284,77.49093775545454,,100,36,U065,3,Melancholic
TRK0183,,Lunar Heights,Lunar Diaries,Electronic,2022,Korean,0.7740957782694945,1.0,-6.5724754434969475,0.02550921746110489,0.0,0.35310246715580706,0.21736133008325284,0.8061382127205055,136.54218157498795,262006,100,34,U034,3,Happy
TRK0124,Golden Hearts,Solar Theory,Solar Frequency,R&B,2021,English,0.6110013646132396,0.6119440280282565,-8.107926458829796,0.03999365565696096,0.029385481504190653,0.07945388603139601,0.0,0.7547588860018177,98.05449595839325,281423,81,38,U021,3,Romantic
TRK0150,Broken Lights,Sapphire Signals,Sapphire Diaries,Indie,2023,Spanish,0.5264912846623288,0.5503381802418778,-7.699628453412719,0.01275870916694024,0.31290601956947317,0.12024987869379078,0.21971570793755807,0.5966744428383599,100.5159970073828,173975,66,34,U127,4,Energetic
TRK0134,Summer Sky,Velvet Bloom,Velvet Diaries,Lo-Fi,2005,Hindi,0.43781947759466666,0.2747965565877155,-9.722498995356236,0.06470422933346098,0.7196342493541077,0.2288560761412004,0.04005985760682913,0.4564958579224679,82.70600546603355,169803,62,20,U139,3,Melancholic
TRK0388,Velvet Echoes,Urban Lines,Urban Sessions,Rock,2016,English,0.5534223499026136,0.9415722454391575,-6.844031712279501,0.09840359305754878,0.27165531563844514,0.0412962336396588,0.19242942469994856,0.6312563506083368,127.05209366410656,290690,64,32,U023,4,Motivational
TRK0206,Summer Hearts,Paper Heaven,Paper Frequency,Jazz,2016,Spanish,0.35227920365389687,0.3405199763951745,-10.27837593152998,0.052628842376039736,0.5416587958905256,0.3262437876678842,0.16244910926543427,0.47240220617807305,108.46467833646003,242271,100,41,U027,4,Energetic
TRK0074,Afterglow Shadows,Urban Lines,Urban Frequency,Rock,2010,Spanish,0.4313805869300953,0.8456655505852365,-6.245879396177607,0.02072463708174836,0.031098887757320726,0.0,0.12843432599387403,0.9348239309699162,130.765071828263,267909,70,24,U100,3,Happy
TRK0397,Broken Hearts,Lunar Stories,Lunar Frequency,Hip-Hop,2023,,0.8573740293431332,0.6940122283302338,-7.048739731615335,0.21085225606147587,0.09651698835666013,0.0,0.10191500500967976,0.7500468095272721,98.50849189870897,176871,68,30,U112,3,Energetic
TRK0002,Neon Waves,Echo Heaven,,Pop,2024,Japanese,0.7015137636454739,0.6340947819150138,-5.730666047846122,0.06304617330690392,0.06107584395388762,0.0,0.1572616429887344,0.8629039093926958,120.31328262149312,252870,100,41,U010,3,Romantic
TRK0211,Falling Rain,Crimson Garden,Crimson Nights,Pop,2026,Japanese,0.8661799167547305,0.6603957869327228,-6.835223500767991,0.027557803403377476,0.07797595100993898,0.10501874283624439,0.1271274429172309,0.6883525801369106,106.88570395968881,194633,100,36,U135,4,Happy
TRK0125,Summer Signals,Sapphire Heaven,Sapphire Frequency,Hip-Hop,2023,Spanish,0.8596554884498404,0.6554810631728766,-6.940045399411315,0.28151878752545334,0.12734602159828834,0.23437908983336986,0.09655924778825375,0.5468126655550608,91.07753507963218,259223,,76,U060,5,Romantic
TRK0079,Wild Rain,Indigo Bloom,Indigo Collection,Electronic,2016,,0.5629384590204589,0.5944653812172387,-6.251597470084556,0.06272108016528156,0.05370878428000743,0.0,0.15837364024047437,0.9930884856059259,127.06057767662548,244624,80,61,U022,5,Happy
TRK0149,Wild Roads,Velvet Dream,Velvet Nights,Pop,2025,Spanish,0.7302472367103157,0.6807260949115542,-8.207435636106812,0.02576041325537763,0.12595430503598892,0.1321493633198671,0.11091846577680477,0.8333383809541681,122.28028395400169,207018,100,73,U111,5,Party
TRK0003,Golden Colours,Indigo Parade,Indigo Sessions,Hip-Hop,2022,English,0.7486052542345125,0.6415372306320005,-8.324765766933485,0.26927667545211154,0.13734094944450417,0.09804952177496992,0.10341432048979139,0.7085368231531204,99.75654493260583,244937,100,49,U114,4,Motivational
TRK0025,Midnight Colours,Silver Hearts,,Rock,2021,English,0.49382414320586815,0.8918680134852939,-5.709342310606036,0.073852911752066,0.0225085120947765,0.024289709826331794,0.203774326765987,0.7869031498615675,125.92809082448284,256339,84,69,U007,5,Happy
TRK0046,Gravity Stories,,Silver Stories,Pop,2006,French,0.8201745397651508,0.8319388933348619,-7.828930943411419,0.0,,0.1220909041251066,0.24583161657040203,0.911201901844421,117.00534982733737,210068,77,37,U008,3,Party
TRK0097,Wild Signals,Echo Riders,Echo Frequency,Rock,2018,English,0.2585812628956997,0.7957607079060671,-4.845171469936627,0.04311383557072041,0.15952896465391603,0.0,0.18164436605061862,0.4695430181518808,108.88166415124002,267775,61,27,U096,4,Romantic
TRK0385,Distant Hearts,Velvet Parade,Velvet Frequency,Country,2026,Spanish,0.5353837931365302,0.6851761345186357,-10.120806222154814,0.06550077581369888,0.5199260838785208,0.0698154898235358,0.2085184149658093,0.9048688443920023,129.1650544505887,230218,88,24,U004,3,Motivational
TRK0042,Golden Motion,Wild District,Wild Collection,Indie,2013,English,0.6635807896314336,0.652336753438297,-5.18386700046422,0.06890848694262218,0.3804899037136058,0.10135619736050408,0.20717431070405537,0.7531835499398102,126.79885137009602,217610,73,35,U071,3,Happy
TRK0350,Broken Fire,Urban Lines,Urban Frequency,Rock,2004,English,0.5461275108883045,0.676175952802977,-5.270033203154407,0.08445629866514491,0.23209047991837733,0.12156155717517193,0.2357577896167923,0.7218649570506154,132.7904178640542,178318,44,33,U111,5,Happy
TRK0033,Gravity Signals,Crimson District,Crimson Diaries,Latin,2016,Hindi,0.7357464288107817,0.8798907090670594,-6.482544892632279,0.10162029704952127,0.2908849170789433,0.012911443963477216,0.1141214532852529,0.8536657861145653,121.417032241151,185532,97,35,U128,3,Motivational
TRK0239,Silent Colours,Echo Garden,Echo Sessions,Hip-Hop,2026,English,0.7124250880687383,0.5892681888011877,-10.176506032067662,0.22901510766650543,0.0376512750277131,0.0,0.16549626777833598,0.7248747731558538,100.62368889552103,229319,76,44,U039,4,Romantic
TRK0306,Midnight Rhythm,Indigo Pulse,,,2023,Spanish,0.3388462745423815,0.9354104200511719,-5.4318838002915335,0.031134170449702812,0.0,0.0,0.10665993647206827,0.781377934100168,123.517147071917,274993,83,21,U039,3,Happy
TRK0198,,,Urban Sessions,Rock,2024,English,0.5913659706741299,0.7710991123513987,-6.035252544259958,0.06162107841487521,0.15598036240479027,0.08929370384649808,0.13093330150326937,0.5371099833711235,134.24527612496513,243607,100,51,U069,4,Relaxing
TRK0313,Golden Rhythm,Urban Lines,Urban Stories,Rock,2026,English,0.6173174917888647,0.8780376464959104,-5.928221656802176,0.007853098207538795,0.09582843574014743,0.05088823614155877,0.09430202811760367,0.6448675671302997,126.28430390930775,251793,100,68,U063,5,Energetic
TRK0108,Higher Colours,Static Lines,Static Sessions,Indie,2026,English,0.5870419127327289,0.4959024496852733,-9.4454197642421,0.02164628703849488,0.25477621862393973,0.0002888945725526143,0.13990009350358215,0.5358141509840348,121.17555241838016,206810,100,61,U149,5,Relaxing
TRK0203,Falling Memories,Neon Waves,Neon Stories,Pop,2006,Hindi,0.7365515462016762,0.7742325610913118,-5.685180522798339,0.08277577005289631,0.14561684580492817,0.04097536481830818,0.07283038182736075,0.8054210109744,119.26541790949054,236706,42,19,U144,3,Motivational
TRK0367,Neon Promises,Crimson Garden,Crimson Horizons,Pop,2018,English,0.6220621995810708,0.7678494417374881,-8.60991889858262,0.11790117073686304,0.07133815107845776,0.017550365143560065,0.00043386062106723355,0.8095865267230561,123.92642575415333,196164,95,66,U001,5,Motivational
TRK0050,Wild Lights,Royal Riders,Royal Collection,Indie,2026,English,0.5667771343468827,0.48471575448924237,-8.928780652945349,0.05977540376647361,0.3416257849223505,0.056373167684469455,0.1677019370478929,0.603719417221595,109.24620764753564,,85,62,U126,,Relaxing
TRK0374,Hidden Sun,Wild Stories,Wild Diaries,Jazz,2020,,0.4858220853799603,0.4417596189154473,-8.894444052645143,0.013840297005613456,0.5405944591039837,0.35200988969311536,0.15589539124324125,0.2999204226168739,107.08460458870488,278217,100,33,U103,3,Calm
TRK0091,Falling Signals,Indigo Waves,,Pop,2007,English,0.8905852680544564,0.7831443677348033,-6.07459120857588,0.07515629966607452,0.11901702973755005,0.1096626560016086,0.06333595767750635,0.9522497502409132,108.26314138093774,248722,83,37,U007,4,Energetic
TRK0167,Falling Fire,Sapphire Heaven,Sapphire Sessions,Hip-Hop,2026,English,0.6430389997521173,0.5735856386233139,-5.466341140176336,0.21919471325154208,0.06860581733043493,0.0,0.08389039851178358,0.6431682073185628,117.4697334252422,283517,78,43,U008,4,Romantic
TRK0366,Velvet Stories,Silver Skies,,Pop,,English,0.5817238393907174,0.6856914652811356,-7.106937158852667,0.10888196317334037,0.1583903419074364,0.0,0.15816695430999198,0.6953220448569555,106.41154204762744,231592,100,40,U013,3,
TRK0043,Falling City,Crimson Garden,Crimson Horizons,Pop,2014,English,0.75140772238698,0.6857333955955839,-5.900335429445381,0.0,0.015041487836840464,0.0,0.0,0.7315387183384803,110.46475200716635,233339,100,60,U008,4,Motivational
TRK0024,Afterglow Rhythm,Electric Pulse,Electric Diaries,Indie,2003,Japanese,0.5342300569043174,0.5982667542169522,-6.63373891551651,0.0,0.22304326808335176,0.0,0.09441045969822032,0.7244508474654144,120.16750405575644,245495,44,28,U040,3,Romantic
TRK0068,Silent Lights,Aurora Harbor,Aurora Sessions,Hip-Hop,2025,Spanish,0.8198347047074883,0.7817281277780573,-8.23162082612228,0.2715325420586813,0.0,0.0,0.24124955474656612,0.8089771952390661,112.82510823415777,231306,77,36,U098,3,Energetic
TRK0156,Broken Rhythm,Velvet Dream,Velvet Nights,Pop,2026,French,0.7699788104295798,0.5613747641212603,-7.5457557136237865,0.05048676316806156,,0.0589037590433763,0.09339733564654629,0.5976222359819389,,285920,100,35,U061,3,Focus
TRK0242,Distant Paradise,Static Parade,Static Collection,Electronic,2012,English,0.9140254400951829,0.9100355025182985,-6.806034293291505,0.04922380206976544,0.0,0.020522688097135505,0.08689084581840974,0.782700618316879,116.92276461229652,189961,86,,U146,4,Motivational
TRK0251,Golden Dreams, Sapphire Sound,Sapphire Sessions,Rock,2023,English,0.6076470882780929,0.9841005090884356,-5.671897928182727,0.07514469656319914,0.13775945707014403,0.0,0.22829856138075383,0.6213575932506222,125.59145224716391,273995,100,42,U110,4,Happy
TRK0262,Paper Stories,Wild Harbor,Wild Sessions ,Electronic,2013,English,0.8213847385812238,0.8005791642389477,-8.47689322392622,0.021043581860320557,0.13206388593777824,,0.19157610985926754,0.7893026413895854,118.28270589419806,291701,79,20,U109,3,Motivational
TRK0045,Afterglow Shadows,Echo Riders,Echo Diaries,,2025,French,0.3303361310096673,0.6995242529818426,-4.808012600990078,0.06271641423136834,0.19278881368830159,0.0,0.11163248873106316,0.6934291647637784,126.65905844221122,254667,87,26,U038,3,
TRK0332,Distant Signals,Nova Riders,,K-Pop,2020,Korean,0.7594232453817217,0.6801656193257781,-5.886159761650439,0.07761686013516375,0.19455360468237654,0.0,0.017840769085430377,0.859840202708656,130.5701057961608,,88,33,U069,4,Happy
TRK0248,Distant Hearts,Sapphire Garden,Sapphire Frequency,,2024,English,0.8388735622881146,,-6.188490456168153,0.10785790178031868,0.0,0.057159222130313436,0.17270019785652535,0.8799316757830565,117.49506036278039,237607,95,63,U076,5,Energetic
TRK0290,Slow Sky,Paper Sound,Paper Frequency,Indie,2009,English,0.4051481970516476,0.6342628152950959,-7.796823602286155,0.07273703821697468,0.2009386383282416,0.278588676120838,0.10738043642982495,0.684471612891686,123.34901951485341,205402,64,27,U058,3,Happy
TRK0202,Slow Shadows,Indigo Pulse,Indigo Frequency,Rock,2026,English,0.5284643511311702,0.8954774444717413,-7.18432683969068,0.030024426361155977,0.04192577999415767,0.10895397572137194,0.1778077806445161,0.7148139809855554,137.83179862826384,,90,43,U076,4,Motivational
TRK0100,Sunday Signals,Neon Harbor,Neon Sessions,Country,2001,English,0.607506215189234,0.6863824558143748,-9.8447035263667,0.0026153553277598954,0.4122279347167524,0.04951900453792894,0.1898148011606993,0.8478574243291017,99.47397431479283,264978,69,29,U102,3,Happy
TRK0256,Silent Signals,Nova Riders,Nova Diaries,K-Pop,2012,Korean,0.860320586961775,0.8990544948402247,-5.411289485417474,0.0348507174337242,0.17986647979320042,0.0,,0.7184217119348768,107.15894661742323,247487,67,34,U085,4,Motivational
TRK0088,Distant Motion,Solar Circuit,Solar Stories,Rock,2022,English,0.45290718698421917,0.7296177717043025,-7.512978801656027,0.0,0.1361407285500787,0.045269194532348504,0.1592008606829204,0.3413013106465727,116.6657268180112,273824,70,44,U097,4,
TRK0355,Paper Fire,Royal Sound,,R&B,2016,English,0.7241690885958164,0.5941028486711759,-9.672849921492633,0.10658066756344785,0.15828070937872898,0.0,0.16553632382221023,0.8398357510950225,121.83839453173924,225107,77,42,U130,3,Romantic
TRK0333,Velvet Echoes,Velvet Bloom,Velvet Sessions,Lo-Fi,2012,English,0.26439793101132103,0.3883126426371508,-11.046030335027721,0.08046539823149994,0.6892141840785073,0.3028090666622137,0.03557959028912039,0.4300135827240473,75.22279914553619,245218,84,47,U148,4,Melancholic
TRK0372,Midnight Rhythm,Silver Skies,Silver Stories,Pop,2024,English,0.8198467904622999,0.7209940352758732,-7.326534169248798,0.038116983093148676,0.037487136330739995,0.19798009825269736,0.14151875365458164,0.8666893507017368,116.21693566084252,317709,100,37,U088,,Motivational
TRK0039,Slow Rhythm,Golden Heights,Golden Stories,Pop,2019,English,0.7671136293399929,0.663767696090173,-7.602662898388932,0.13131891879115035,0.0,0.0,0.2327655896508326,1.0,114.21436131775793,178021,87,48,U036,5,Romantic
TRK0339,Midnight Sun,Royal Heights,Royal Nights,Pop,2013,English,0.7364147360076424,0.7262687122363578,-6.328726605938629,0.04393622569637953,0.0,0.18247850398997947,0.2942477918316351,0.8902129177768145,107.80209392570448,215257,92,37,U132,4,Motivational
TRK0020,Gravity Dreams,Urban Bloom,Urban Collection,Hip-Hop,2021,English,0.8038993158738299,0.8054937648801928,-7.1994038496010715,0.2429945617136642,0.0,0.12895839345948532,0.0675187463819594,0.8030758320588216,99.75719801316163,277479,100,27,U110,3,Motivational
TRK0017,Broken Shadows,Solar Stories,Solar Stories,Pop,2014,English,0.8212715817819829,0.7393065349356577,-6.459972705113983,0.07239199064100404,0.09129165511686249,0.0,0.14215459831713156,0.8344783850725709,135.33494449547962,288977,91,31,U009,4,Happy
TRK0208,Neon Rhythm,Indigo Lines,Indigo Sessions,R&B,2025,English,0.5652372200856207,0.652678872928814,-5.896617906937662,0.1222044394682663,0.16764429659514107,0.0,0.0,0.7339198590340901,99.62568173736283,202098,94,27,U062,2,Motivational
TRK0148,Sunday Rain,Velvet Parade,Velvet Frequency,Country,2026,English,0.5067914177191088,0.6196590401195754,-11.373542635975644,0.0,0.37756757510057976,0.2027458141229706,0.13949889382832825,0.7236785152210713,121.66519978230573,301756,83,20,U099,2,Romantic
TRK0046,Gravity Stories,Silver Skies,Silver Stories,Pop,2006,French,0.8201745397651508,0.8319388933348619,-7.828930943411419,0.0,0.09007081490053666,0.1220909041251066,0.24583161657040203,0.911201901844421,117.00534982733737,210068,77,55,U072,5,Party
TRK0054,Gravity Dreams,Solar Circuit,Solar Sessions,Rock,2019,French,0.5524282677456228,,-8.399003663714707,0.0,0.09751479709668545,0.027654747931033136,0.18276059204977566,0.6897898661520688,130.16113791737936,268862,66,28,U007,,Energetic
TRK0033,Gravity Signals,Crimson District,Crimson Diaries,Latin,2016,Hindi,0.7357464288107817,0.8798907090670594,-6.482544892632279,0.10162029704952127,0.2908849170789433,0.012911443963477216,0.1141214532852529,0.8536657861145653,121.417032241151,185532,97,36,U075,3,Motivational
TRK0111,Velvet Waves,Echo Signals,Echo Sessions,R&B,2018,Japanese,0.7377035127226458,0.6318751994395951,-7.916742169764141,0.1432330438417509,0.0,0.0,0.14916626917264636,0.7509290874065403,103.53954353712939,225211,98,60,U112,5,Happy
TRK0084,Summer Memories,Solar Stories,Solar Frequency,Pop,2005,Spanish,0.6820313474857439,0.7244331375840194,-8.279086079488978,0.12978839800822461,0.21763151950710496,0.13772220452571787,0.013967165694452235,0.9080798717133887,121.60533776484596,185366,74,29,U020,4,Energetic
TRK0041,Distant Rain,Midnight Motion,Midnight Frequency,Rock,2020,English,0.49773961146369405,0.9335615981807674,-6.247865250601619,0.0,0.08621632557056333,0.0,0.16603613429352823,0.6872129524827117,116.05820624458737,187005,94,45,U013,5,Motivational
TRK0385,Distant Hearts,Velvet Parade,Velvet Frequency,Country,2026,Spanish,0.5353837931365302,0.6851761345186357,-10.120806222154814,0.06550077581369888,0.5199260838785208,0.0698154898235358,0.2085184149658093,0.9048688443920023,129.1650544505887,230218,88,49,U032,5,Motivational
TRK0343,Higher Roads,Royal Garden,Royal Diaries,Jazz,2021,Hindi,0.5189756561162653,0.4943777475673389,-11.830638804726155,0.05817950032495243,0.5835561705635799,0.39858715619201956,0.0,0.6091729121003809,124.31098137054025,167377,100,33,U108,3,
TRK0210,Afterglow Stories,Urban Parade,Urban Nights,Pop,2013,English,0.6915900994639217,0.866148677022207,-4.122841608758671,0.07209309265966336,0.08245992989422063,0.0,0.19742044040519502,0.8068276995096823,117.12153195816751,270078,73,47,U139,,Motivational
TRK0100,Sunday Signals,Neon Harbor,Neon Sessions,,2001,,0.607506215189234,0.6863824558143748,-9.8447035263667,0.0026153553277598954,0.4122279347167524,0.04951900453792894,0.1898148011606993,0.8478574243291017,99.47397431479283,264978,69,51,U114,5,Happy
TRK0161,Distant Hearts,Static Lines,Static Frequency,Indie,2017,Spanish,0.4813759889483402,0.5703323424985856,-8.282615539962201,0.10130942655215311,0.4723026217312898,0.09430932233722819,0.13502327992974317,0.7200862964112761,110.87347754606269,251751,82,52,U123,5,Romantic
TRK0053,Velvet Dreams,Midnight Bloom,Midnight Frequency,Pop,2018,English,0.7213985221865292,0.7306421119411214,-6.398114587253256,0.0,0.15898021342801877,0.0,0.0190390605108412,0.8204883799577991,119.13147970563246,215423,100,50,U096,4,Energetic
TRK0259,Midnight Stories,Indigo Waves,Indigo Collection,Pop,2019,Hindi,0.7840785134252641,0.718821765121364,-7.961764675059078,0.022813375982758365,0.018537762820207096,0.04406700053696589,0.11811309144953548,0.8681763943593139,122.28883154518934,219647,100,42,U001,4,Party
TRK0017,Broken Shadows,Solar Stories,Solar Stories,Pop,2014,English,0.8212715817819829,0.7393065349356577,-6.459972705113983,0.07239199064100404,0.09129165511686249,0.0,0.14215459831713156,0.8344783850725709,135.33494449547962,288977,91,46,U039,,Happy
TRK0221,Distant Echoes,,Indigo Collection,Rock,2024,Spanish,0.4098655850236158,0.8338046676909375,-6.477234566482271,0.06477232829364638,0.03718571575598459,0.0,0.263645242021662,0.6725637153477547,144.38394162219186,240924,74,53,U063,4,Energetic
TRK0204,Ocean Shadows,Echo Heaven,Echo Stories,Pop,2021,,0.5571957786048789,0.6279636634759189,-6.299171722970096,0.14593988677689873,0.18285718429236375,0.0,0.10373429324362601,0.8232610669557565,118.34018388752752,254514,74,53,U023,4,Happy
TRK0314,Gravity Signals,Indigo Parade,Indigo Frequency,Hip-Hop,2014,English,0.591819424337232,0.6880970641217066,-5.293395350612535,0.20577241711452837,0.05764326034816381,0.0,0.26390617991645005,0.6660499875351579,99.89447070417773,282472,91,38,U077,3,Energetic
TRK0390,Paper Memories,Electric Bloom,Electric Frequency,Country,2014,English,0.5629718077985649,0.45229643730422336,,0.03954923971976653,0.6171569683838714,0.04639282657664247,0.2517602369728614,0.5440339788512432,101.86037217639128,253835,96,37,U034,3,Focus
TRK0332,Distant Signals,Nova Riders,Nova Frequency,K-Pop,2020,Korean,0.7594232453817217,0.6801656193257781,-5.886159761650439,0.07761686013516375,0.19455360468237654,0.0,,0.859840202708656,130.5701057961608,242231,88,43,U078,4,Happy
TRK0341,Sunday Shadows,Wild Circuit,Wild Sessions,Classical,2014,English,0.2312600779096016,0.17598706680265336,-14.203112789366847,0.03766524468630546,0.8523497582733146,0.8445490661420738,0.1322802473951885,0.3823940206083471,79.08402583170435,204295,77,43,U080,,Relaxing
TRK0073,Golden Waves,Paper Dream,Paper Sessions,Electronic,2012,English,,0.7058591581675298,-7.251859770994836,0.07644136839286954,0.07659343906735634,0.11356055416229377,0.2672245223420737,0.9187569613804677,120.08465444131492,262854,100,54,U130,4,Energetic
TRK0029,Ocean City,Blue Hearts,,Indie,2017,English,0.49666311940505936,0.4361047054534576,-11.179266006829177,0.0,0.32179990685165183,,0.2856061813700662,0.7691253230156233,105.84484165106885,246299,77,20,U093,3,Romantic
TRK0022,Paper Sky,Blue District,Blue Sessions,Classical,2026,English,0.19088965748088943,0.3084039834216243,,0.0964177071624079,,0.8826411169102876,0.06003394369347438,0.4508749884753946,91.12383219923667,235754,90,41,U040,4,Focus
TRK0282,Velvet Echoes,Velvet Lines,,,2026,English,0.6597261987851413,1.0,-5.090941511810036,0.030230677279735108,0.03580820178252286,0.030326276785038454,0.18922876721339243,1.0,128.1084134502337,,100,39,U142,4,Happy
TRK0104,Falling Stories,Aurora Heights,Aurora Diaries,Jazz,2016,English,0.44681225060572427,0.30428766529040635,-9.884882585313319,0.0590404325813865,,0.19832315400306622,0.2442543225096861,0.37229571320268035,102.16710425629466,233711,36,12,U083,3,Melancholic
TRK0324,Neon Sky,Royal Riders,Royal Diaries,Indie,2015,Spanish,0.6513069281851587,0.5294057587662064,-9.652145522324075,0.07213685906103391,0.33874384279965525,0.11123138880589577,0.22507733552971362,0.7574919857832212,125.58007236884055,173109,87,42,U043,3,Motivational
TRK0323,Broken Hearts,Echo Signals,Echo Collection,R&B,2021,English,0.7238938522462067,0.8469459470519366,-7.196254785981496,0.16578283867271199,0.07433354976989641,0.023224749813350962,0.17336956442878798,,,,100,34,U065,3,Happy
TRK0284,Paper Paradise,Sapphire Riders,Sapphire Frequency,R&B,2019,English,0.59553720668084,0.6856547922432635,-7.290827047244499,0.07983717696359884,0.18227072963433938,0.029844820813237572,0.06926863439157083,0.7332028708476079,98.01672784518995,207028,59,36,U141,4,Party
TRK0007,Paper Stories,Paper Sound,Paper Collection,Indie,2015,Spanish,0.5443736028938574,0.6574698018855021,-9.147931810355345,0.04075530989595665,0.24610141828268156,0.07070683423821192,0.2088215696220177,0.49137845252204015,120.33743617664939,243916,67,40,U076,5,Focus
TRK0219,Wild Dreams,Indigo Parade ,Indigo Diaries,Hip-Hop,2020,English,0.6576352238300109,0.712697429962954,-8.08149661686831,0.2153847875619752,0.0495172776162516,0.16968405192298106,0.2760693420482116,0.7355202235555344,96.87770366525643,319024,81,38,U064,4,Party
TRK0056,Distant Waves,Blue District,Blue Diaries,Classical,2026,Japanese,0.45602981705240786,0.3012186238325731,-15.438763862466555,0.03314638114476714,0.6362292451082144,0.7084473397294714,0.1277923310010844,0.46506113057240284,,262053,100,29,U048,3,Melancholic
TRK0240,Electric Memories,Solar Stories,Solar Horizons,Pop,2008,Hindi,0.6444459281259471,0.5860475952853267,-6.435555082972699,0.0858089354194563,,0.08160795053552103,0.13460547073113582,0.9303411317059618,120.04853264716029,238885,100,55,U062,4,Happy
TRK0005,Golden Waves,Royal Heights,Royal Diaries,Pop,2014,Spanish,0.7008695675118385,0.5804056227775467,-8.718727788471536,0.028624647129927495,0.1600673996720708,0.050249313574263606,0.16833397478474377,0.762341727308391,117.4744018702769,257617,77,35,U105,4,Happy
TRK0173,Broken Paradise,Aurora Skies,Aurora Horizons,Pop,2017,japanese,0.9124496037012573,0.5983203255255962,-4.3123266165496235,0.028814842548100433,0.20626889036967105,0.1376766871233402,0.05030168412107351,0.8870839310894377,115.61453492875543,254644,93,61,U129,4,Romantic
TRK0077,Distant Sun,Electric Pulse,Electric Collection,Indie,2015,English,,0.4553663960670865,-7.473141728787413,0.11825566957126617,0.28566493354228056,0.13876356760615519,0.0992225934594417,0.5910913504856832,120.02645357192927,234481,100,58,U091,4,Relaxing
TRK0057,Wild Colours,Indigo Bloom,Indigo Diaries,Electronic,2026,Japanese,0.7482093451371538,0.74402186321518,-6.614863377001589,0.03428478513614682,0.0,0.30821748802040494,0.14811961425057352,0.8597044626289,120.85217330883381,242422,98,56,U032,4,Happy
TRK0383,Wild Hearts,Echo Heaven,Echo Stories,Pop,2021,Hindi,0.7077323778885279,0.6862118414376621,-6.149036075567393,0.14403997006890829,0.19515136347089404,0.0,0.15943791863639228,1.0,,200125,99,51,U060,5,Party
TRK0103,Hidden Rhythm,Wild Circuit,Wild Diaries,Classical,2006,English,0.2864525037992802,0.21377176715673216,-14.50540523473548,0.0,0.6518063751634017,0.7313995028806262,0.1859894568596106,0.3032615941608924,86.27828578198104,212996,66,23,U117,3,Relaxing
TRK0355,Paper Fire,Royal Sound,Royal Frequency,R&B,2016,English,0.7241690885958164,0.5941028486711759,-9.672849921492633,0.10658066756344785,0.15828070937872898,0.0,0.16553632382221023,0.8398357510950225,121.83839453173924,225107,77,60,U031,5,Romantic
TRK0306,,Indigo Pulse,Indigo Collection,Rock,2023,Spanish,0.3388462745423815,0.9354104200511719,-5.4318838002915335,,0.0,0.0,0.10665993647206827,0.781377934100168,123.517147071917,274993,83,43,U084,4,Happy
TRK0316,Ocean Waves,Indigo Pulse,Indigo Stories,Rock,2016,English,0.6193519509610061,0.6981663089190868,-7.36464394815389,0.019892969412178,0.10823540651913566,0.044792115340538216,0.39973673667787,0.5669849662934751,128.00425411910143,258104,80,43,U069,4,Focus
TRK0023,,Aurora Harbor,Aurora Sessions,Hip-Hop,2016,French,0.8599824246910295,0.6497273587947006,-7.460828759999391,0.3066654996446538,0.0,0.0,0.16416143342818354,0.8010529977957789,99.03731882640578,282526,100,33,U065,3,Romantic
TRK0375,Higher Hearts,Crimson Garden,Crimson Nights,Pop,2024,English,0.6685401160715851,0.6261592084986389,-9.694157111053258,0.12791915169761103,0.040697651066361695,0.0,0.037401982287112695,0.7971053846741541,131.00032661195752,306390,65,33,U092,3,Happy
TRK0264,,Urban Lines,Urban Diaries,,2012,English,0.33043397491246324,0.7930906510827438,-7.40059870757897,0.030088717571749513,0.20933558844718314,0.10813451568252569,0.22978866672023734,0.4573817627988904,142.29152112487327,198719,98,31,U085,3,Romantic
TRK0259,Midnight Stories,Indigo Waves,Indigo Collection,Pop,2019,Hindi,0.7840785134252641,0.718821765121364,-7.961764675059078,0.022813375982758365,0.018537762820207096,0.04406700053696589,0.11811309144953548,0.8681763943593139,122.28883154518934,219647,100,69,U146,4,Party
TRK0142,Sunday Colours,Wild District,Wild Collection,Indie,2015,English,0.8034386246197682,,-7.602070334477045,0.10660005278912493,0.4582424563304658,0.1269958874049831,0.0,0.7497429416359015,,280164,87,46,U113,4,Romantic
TRK0281,Neon Roads,Paper Dream,,Electronic,2026,,0.8542604959235293,0.8525376246807856,-6.4972773372031325,0.08508284507371303,0.0,0.13896404990223882,0.08594866148283876,0.9804413135929296,115.21658655302235,226172,100,33,U113,3,Motivational
TRK0262,Paper Stories,Wild Harbor,Wild Sessions,Electronic,2013,English,0.8213847385812238,0.8005791642389477,-8.47689322392622,0.021043581860320557,0.13206388593777824,0.14068406750732895,0.19157610985926754,0.7893026413895854,118.28270589419806,291701,79,52,U129,4,Motivational
TRK0062,Hidden Paradise,Royal Riders,Royal Frequency,Indie,2012,English,0.6433910377733743,0.6161171556513396,-7.743396560803975,0.08015356589909854,0.3085817950320783,0.18648299586618844,0.17651898224208762,0.5483026569351099,127.78019566426005,219347,48,19,U130,3,Romantic
TRK0195,Velvet Lights,Indigo Waves,Indigo Frequency,Pop,2015,English,0.5777948233859866,0.5904835291698167,-7.2250448090205435,0.016873254711092932,,0.13561144416442608,0.028875418381054285,0.777869768257945,124.55530680755344,225151,73,55,U077,5,
TRK0339,Midnight Sun,Royal Heights,Royal Nights,Pop,2013,English,0.7364147360076424,0.7262687122363578,-6.328726605938629,0.04393622569637953,0.0,0.18247850398997947,0.2942477918316351,0.8902129177768145,107.80209392570448,215257,92,61,U008,4,Motivational
TRK0118,Midnight Rain,Aurora Heights,Aurora Frequency,Jazz,2010,Hindi,0.30784954694513617,0.4835715858228656,-9.90540776138215,0.0263422101300905,0.40365990247098704,0.23864355613693455,0.290635764060097,0.6035733710919362,95.05028471633462,221030,57,39,U071,4,Relaxing
TRK0222,Ocean Motion,Crimson Harbor,Crimson Sessions,Lo-Fi,2013,English,0.4328550168512207,0.19954656589039954,-12.677668482518694,0.10013707560445709,0.6797882224725368,0.18337268946275492,0.001091241183454536,0.6306395672756933,79.47064640631496,209086,72,29,U097,4,Focus
TRK0201,Wild Fire,Static Parade,,Electronic,2025,French,0.677149575905873,0.7847444687995999,-6.302953577936942,0.037736320626342953,0.061226014343580396,0.06782321306795128,0.20342606757519505,0.8534787416652042,122.83378259433051,224957,98,46,U060,5,
TRK0066,Hidden Lights,Crimson Waves,Crimson Sessions,Hip-Hop,2021,English,0.7522643820179146,0.7003463826211268,-8.496501207818131,0.22968183059014613,,0.0,,0.845397815855816,122.17888262915292,221229,100,60,U118,4,Motivational
TRK0222,Ocean Motion,Crimson Harbor,Crimson Sessions,Lo-Fi,2013,English,0.4328550168512207,0.19954656589039954,-12.677668482518694,0.10013707560445709,0.6797882224725368,0.18337268946275492,0.001091241183454536,0.6306395672756933,79.47064640631496,209086,72,41,U006,4,Focus
TRK0058,,Royal Heights,Royal Horizons,Pop,2022,Spanish,0.711212325758438,0.7824291332791324,-5.713550234062019,0.07952243797577727,0.17474789996329937,0.08655146089571183,,0.861438067687144,116.39085047461872,248125,43,29,U012,4,Happy
TRK0104,Falling Stories,Aurora Heights,Aurora Diaries,Jazz,2016,English,0.44681225060572427,0.30428766529040635,-9.884882585313319,0.0590404325813865,0.7209461351677944,0.19832315400306622,0.2442543225096861,0.37229571320268035,102.16710425629466,233711,36,31,U080,4,Melancholic
TRK0157,Wild City,Golden Parade,,Lo-Fi,2026,English,0.3558462397770199,0.31458259673359795,-11.488832836649491,0.0,0.6891861543540457,0.5462177980333435,0.15479553160605541,,83.38205679203361,227319,96,44,U020,3,Calm
TRK0055,Neon Lights,Golden Heights,Golden Collection,Pop,2026,English,0.46983001558403453,0.48409814626107484,-8.64734962857199,0.04490220006271534,0.08106935972319837,0.03196504827041154,0.09817775684242869,0.8937312248781106,109.35333374846518,211189,100,53,U072,4,Motivational
TRK0280,Neon Shadows,Royal Riders,Royal Sessions,Indie,2019,English,0.5504783292879338,0.6347049167130754,-7.488823172418342,0.11757208426840368,0.17317167936100317,0.05147634048078456,0.20939612737719526,0.8557227696126306,118.44114585183277,228035,100,45,U044,3,Romantic
TRK0322,Distant Signals,Lunar Harbor,Lunar Diaries,Pop,2013,English,0.7323309404442458,0.660704085936643,-7.645994554894629,0.15889044030304866,0.0,0.058287113537147106,0.050363493399867384,0.9338588764663796,119.79801117845017,252139,68,44,U135,4,Happy
TRK0265,Velvet Rain,Crimson Signals,Crimson Diaries,,2019,English,0.48290395715052914,0.7982374859699318,-8.711620149977094,0.10048028679430646,0.09610078602867209,0.0011300386526435016,0.15077709370191628,0.7195147139731075,120.5235115831932,166392,92,29,U029,4,Energetic
TRK0376,Silent Echoes,Royal Heights,Royal Sessions,Pop,2013,English,0.6722581378592292,0.833346682958548,-5.9436085331051105,0.10014205394123972,0.0,0.013321132117118918,0.2658247671341324,0.9898798425429977,105.2234835570158,229970,65,40,U034,4,Party
TRK0327,Sunday Waves,Royal Heights,Royal Frequency,Pop,2024,English,0.7142430237594596,0.6599245325905864,-7.280822231534281,0.04742671496326437,0.11457151660985919,0.22381987370325773,0.09732542682500142,0.8546241057817568,133.3568393361317,220680,100,51,U090,4,Motivational
TRK0115,Neon Memories,Indigo Waves,Indigo Stories,Pop,2024,English,0.6583807260009306,0.5771022882350313,-8.646060430646314,0.0,0.1837306043133492,0.21926451463961202,0.2197730260429214,0.6231481738496301,121.95537169597507,282751,,45,U077,4,Romantic
TRK0106,Neon Promises,Silver Riders,Silver Sessions,Latin,2025,English,0.6859469784498784,,,0.09168854545528192,0.1482506385962662,0.03174181245120819,,0.7307211491068307,110.80069761785553,267044,70,,U072,5,Happy
TRK0223,Electric Rhythm,Golden Heights,Golden Diaries,Pop,,English,,0.7588408042780886,-5.799598391722843,0.10235918707397516,0.15126821011182642,0.0699202687294537,0.10370044987190905,1.0,111.62711618340413,237868,100,39,U144,2,Party
TRK0267,Falling Promises,Blue Hearts,Blue Diaries,Indie,2023,Hindi,0.5210118668446194,,-6.425231733863422,0.08940449893339852,0.14177245080036432,0.0,0.14073580286497595,,103.6497279711473,300105,93,26,U041,3,Focus
TRK0298,,Urban Bloom,Urban Diaries,Hip-Hop,2021,English,0.7058685644564351,0.7309472407335957,-7.821142260265308,,0.09642220036496348,0.004764951916366146,0.16582417123714177,0.8652853059410873,98.78933821910796,276292,100,39,U112,4,Happy
TRK0224,Higher Memories,Urban Skies,Urban Sessions,Electronic,2006,Spanish,0.6699434666969848,0.6463911480538451,-6.886578571011203,0.08195475039088049,0.07510286644399623,0.18422735734636903,0.02471876853415725,,137.03403871531705,205362,81,38,U106,4,Motivational
TRK0235,Neon Waves,Crimson Signals,Crimson Collection,Rock,2001,,0.7539504133108306,0.9664605644763612,-6.733685039141223,0.07659979314937505,0.009823389773862642,,0.16561414457361495,0.7464021431793015,115.21966444767826,203079,68,48,U058,4,Happy
TRK0159,Wild Waves,Echo Signals,Echo Diaries,,2026,English,0.4986220265171073,0.6656016002378206,-8.515734564509806,0.16350926436445204,0.16134424011109158,0.056605092613162156,0.21252682050141541,,94.74124954089578,231291,100,38,U015,4,Romantic
TRK0296,Falling Shadows,Golden Heights,Golden Sessions,Pop,2024,French,0.7830612362483332,0.6493851912959683,-7.1223846272273095,0.05553958614832394,0.08195480069500877,0.23190826976548218,0.0,0.8065350336723476,126.93476912700878,191862,84,50,U004,4,Happy
TRK0108,Higher Colours,Static Lines,Static Sessions,Indie,2026,English,0.5870419127327289,0.4959024496852733,-9.4454197642421,0.02164628703849488,0.25477621862393973,0.0002888945725526143,0.13990009350358215,0.5358141509840348,121.17555241838016,206810,100,63,U063,5,Relaxing
TRK0202,Slow Shadows,Indigo Pulse,Indigo Frequency,Rock,2026,English,0.5284643511311702,0.8954774444717413,-7.18432683969068,0.030024426361155977,0.04192577999415767,0.10895397572137194,0.1778077806445161,0.7148139809855554,137.83179862826384,266991,90,30,U008,3,Motivational
TRK0141,Slow Lights,Aurora Skies,Aurora Sessions,Pop,2015,English,0.6309979250236397,0.42910868574527306,-8.334313311231941,0.08662111268649571,0.07918477315997616,0.2214565956689086,0.12093630689011038,0.9343090337948209,116.02799358801884,265257,91,,U147,4,Happy
TRK0084,Summer Memories,Solar Stories,Solar Frequency,Pop,2005,Spanish,0.6820313474857439,0.7244331375840194,-8.279086079488978,0.12978839800822461,0.21763151950710496,0.13772220452571787,0.013967165694452235,0.9080798717133887,121.60533776484596,185366,74,49,U076,4,Energetic
TRK0335,Midnight Rhythm,Static Parade,Static Frequency,Electronic,2013,english,0.7077877729771409,0.7890418484376899,-9.448335191837202,0.05066572934864353,0.0,0.1983759767397799,0.18466935653070282,0.7477620885463989,128.10531448946858,263144,68,28,U133,2,Happy
TRK0307,Falling Rhythm,Aurora District,Aurora Diaries,R&B,2017,,0.7724742746547967,0.470851125145195,-7.0532069915281586,0.13692696827489453,0.31870222135244286,0.04659808453483054,0.2009727783871929,0.5524490039251401,105.46714739881419,210542,54,23,U096,3,Relaxing
TRK0084,Summer Memories,Solar Stories,Solar Frequency,Pop,2005,Spanish,0.6820313474857439,0.7244331375840194,-8.279086079488978,0.12978839800822461,,0.13772220452571787,0.013967165694452235,0.9080798717133887,121.60533776484596,185366,74,55,U102,,Energetic
TRK0370,Golden Waves,Indigo Waves,Indigo Horizons,Pop,2021,English,,0.7668031030271234,-5.936460406614243,0.018114307813031645,0.0,0.0,0.026749797101584788,0.9348259022789268,121.3224472787169,242543,49,15,U149,4,Happy
TRK0175,Midnight Shadows,Urban Parade,Urban Sessions,Pop,2015,English,0.5731360569684708,0.7202421633622736,-7.879354774589124,0.20767890530485705,0.0,0.0,0.15570971009294088,0.9890250258588463,118.82034970597988,258311,55,55,U043,4,Party
TRK0336,Distant Motion,Indigo Motion,Indigo Sessions,Indie,2018,English,0.528654801295089,0.4768839389813383,-8.36401150481846,0.06915715675632084,0.40301046216422165,0.1215371594069481,0.04212489024490239,0.5806912300521931,110.8948057061722,221049,83,35,U029,3,
TRK0071,Distant Hearts,Velvet Dream,Velvet Frequency,Pop,2025,English,0.8162657572486841,0.7486045130210626,-7.527966093076273,0.10140175775500021,0.10122877069534027,0.03025686174498272,0.22310675005327021,0.5751181063769117,107.38759433403938,200495,86,58,U003,4,Romantic
TRK0303,Gravity Hearts,Solar Stories,Solar Frequency,Pop,2013,Japanese,0.7454554125512725,,-7.892224569049965,0.07566262248493748,,0.0,0.09672057729651479,0.8682883358282869,116.01168321580309,193874,100,51,U119,4,Happy
TRK0166,Gravity Shadows,Aurora Skies,Aurora Stories,Pop,2017,,0.7058597329174622,0.7025449267966397,-6.854444525712865,0.07728637152782807,0.19963151327625855,0.0,0.1322990319315395,0.9608794064156653,104.16128192645203,242754,79,49,U138,4,Energetic
TRK0052,Velvet Stories,Indigo Waves,Indigo Collection,Pop,2026,French,0.6864060774959853,,-6.468137411699055,0.14891609620154866,0.06710330239787499,0.03981611284440193,0.14558321308499841,1.0,127.2561386783553,216360,100,64,U082,5,Party
TRK0170,Silent Shadows,Static Motion,Static Diaries,Classical,2021,French,0.4004506718589227,0.2481164493420881,-13.464348132826776,0.07796899333844104,0.7887028804994488,0.8083172872319087,0.10075614593992106,0.37356097445974185,77.05815882871131,213785,100,33,U015,2,Relaxing
TRK0171,Wild Hearts,Indigo Motion,Indigo Frequency,Indie,2025,English,0.5227148970165341,0.6361083502950367,-8.400700387806639,0.07580131115778253,0.2793108854695308,0.08196968541237563,,,108.68634648681913,208433,95,30,U079,3,Motivational
TRK0087,Ocean Roads,Electric Lines,Electric Frequency,Classical,2026,Hindi,0.37609373235629845,0.424635103653962,-14.558685256196826,0.1303173124750188,0.8285928158560564,0.8999731822678968,0.10196155309181137,0.3674124555756131,82.64425593849256,240068,100,27,U042,2,Sad
TRK0288,Gravity Lights,Echo Riders,Echo Collection,Rock,2013,English,0.5668581937733912,0.8094937109131557,-5.886662015688272,0.056965651003572725,0.0,0.0,0.1864407368023503,0.659745091922599,129.81922618234069,,73,22,U082,3,Party
TRK0204,Ocean Shadows,Echo Heaven,Echo Stories,Pop,2021,Korean,0.5571957786048789,0.6279636634759189,-6.299171722970096,0.14593988677689873,0.18285718429236375,,0.10373429324362601,0.8232610669557565,118.34018388752752,254514,74,40,U097,4,Happy
TRK0258,Ocean Dreams,Blue Stories,Blue Sessions,Country,2021,Hindi,0.4507518073217522,0.4881468791308773,-8.47300196876671,0.057875532384054636,0.6164362729217966,0.004806158962226262,0.23334429630857192,0.8014609334729738,116.25938584472834,200001,100,41,U091,4,Romantic
TRK0098,Golden Promises,Electric Pulse,Electric Sessions,Indie,2012,English,0.6252538418979592,0.6401899286437044,,0.12099956922193487,0.23641783165826685,0.09814829654553492,0.2292882874363712,0.829235406386648,105.22873973489898,226458,100,56,U052,5,
TRK0259,Midnight Stories,Indigo Waves,Indigo Collection,Pop,2019,,0.7840785134252641,0.718821765121364,-7.961764675059078,0.022813375982758365,0.018537762820207096,0.04406700053696589,0.11811309144953548,0.8681763943593139,122.28883154518934,219647,100,30,U066,3,Party
TRK0136,Afterglow Roads,Aurora Heights,Aurora Sessions,Jazz,2017,English,0.3514437996768929,0.40120210006183354,-11.008420491271995,0.08386970663364313,0.39245139382269467,0.22927930479783531,0.24640088522638284,0.5374987224103095,112.20228727149497,304060,83,57,U059,4,Relaxing
TRK0013,Falling Motion,Static Pulse,,R&B,2016,English,0.8307481861313717,0.663339688154,-7.097254383605771,0.007742255453603991,0.1655273972285082,0.0,0.044683085770346034,0.6561847990107214,99.97710779670349,266825,61,34,U021,4,Romantic
TRK0209,Paper Shadows,Lunar Circuit,Lunar Sessions,R&B,2026,Spanish,0.6784665005192664,0.712904721892063,-8.895414890373532,0.22665013539697726,0.20197718118962601,0.07828064340272992,0.16675671817808185,0.9430332900428288,109.73363012176179,185608,100,48,U064,4,Motivational
TRK0251,Golden Dreams,Sapphire Sound,Sapphire Sessions,Rock,2023,English,0.6076470882780929,0.9841005090884356,-5.671897928182727,0.07514469656319914,0.13775945707014403,0.0,0.22829856138075383,0.6213575932506222,125.59145224716391,273995,100,57,U126,4,Happy
TRK0080,Falling Lights,Golden Parade,,Lo-Fi,2006,English,0.3342535367766578,0.2041817766613757,-12.283276717829592,0.0,0.7169252306363414,0.3970780300570024,0.09242281883741613,0.16029664753012962,72.29137764190152,268698,12,11,U125,3,Melancholic
TRK0186,Starlight Paradise,Paper Sound,Paper Diaries,Indie,2026,English,0.49101960106515896,0.533452662277405,-8.158621656436669,0.033191870126861894,0.4045160088330255,0.1727359769582056,0.21222882262832538,0.8064978795980711,122.96865972913997,204036,79,36,U081,4,Romantic
TRK0030,Afterglow Lights,Wild Circuit,Wild Sessions,Classical,2025,English,0.25063390623622683,0.5039491119526817,-13.030456972991626,0.09449465279727777,0.7286781243829991,0.8509455219712795,0.0960251763925116,0.373431896064913,79.27337750548686,242839,69,40,U094,4,Melancholic
TRK0172,Broken Lights,Silver Hearts,Silver Stories,Rock,2014,,0.44355715819357583,0.7730435386390737,-6.981424511673829,0.050324317716936656,0.053709218700253324,0.0,0.24459087287659437,0.7590504137374932,134.04104755976746,189890,85,36,U009,3,Happy
TRK0075,Higher Shadows,Velvet Dream,Velvet Sessions,Pop,2008,,0.49502162220483925,0.5361730978643806,-5.901533891148901,0.06800037245330406,0.24471560448839175,0.08556981813892672,0.17477911780006114,0.6743439866084442,119.73420410150707,259648,63,,U118,4,Motivational
TRK0150,Broken Lights,Sapphire Signals,Sapphire Diaries,Indie,2023,Spanish,0.5264912846623288,0.5503381802418778,-7.699628453412719,0.01275870916694024,,0.12024987869379078,0.21971570793755807,0.5966744428383599,100.5159970073828,173975,66,25,U050,4,Energetic
TRK0108,Higher Colours,Static Lines,Static Sessions,Indie,2026,English,0.5870419127327289,0.4959024496852733,-9.4454197642421,0.02164628703849488,0.25477621862393973,0.0002888945725526143,0.13990009350358215,0.5358141509840348,121.17555241838016,206810,100,41,U077,4,Relaxing
TRK0235,,Crimson Signals,Crimson Collection,Rock,2001,English,0.7539504133108306,,-6.733685039141223,0.07659979314937505,0.009823389773862642,0.0,0.16561414457361495,0.7464021431793015,115.21966444767826,203079,68,15,U082,,Happy
TRK0247,Neon Sun,Echo Signals,,R&B,2016,English,0.5456553203063159,0.49727708731884335,-8.547371022529267,0.09256294134899036,0.13370782203573875,0.01566942359593018,0.13427103987899439,0.8023452016234809,99.36546242797424,250765,75,38,U093,3,Happy
TRK0082,Electric Memories,Golden Heights,Golden Collection,Pop,2023,,0.6125233986182286,,-6.519826156897574,0.08853872119570393,0.27570710787970387,0.09442598863859064,0.16605216073032256,1.0,117.06986014560448,210332,100,52,U102,4,Energetic
TRK0060,Gravity Roads,Golden Heights,Golden Nights,,2024,English,0.691720425085243,0.6833737325152788,-6.782132380366764,0.09775663898604009,0.0,0.0,0.1973275450781771,0.7859867683192368,106.4158692469542,254202,100,71,U117,5,Happy
TRK0172,Broken Lights,Silver Hearts,Silver Stories,Rock,2014,French,,0.7730435386390737,-6.981424511673829,0.050324317716936656,0.053709218700253324,0.0,0.24459087287659437,0.7590504137374932,,189890,85,42,U110,4,
TRK0076,,Neon Stories,Neon Diaries,,2009,English,0.22151794645046802,0.27066498538554856,-11.755593201296177,0.004336337629393852,0.6501787358863441,0.37207157720248296,0.15327335002657105,0.6023411664551772,91.47582143836757,198205,,51,U077,4,Relaxing
TRK0182,Velvet Fire,Velvet Lines,Velvet Diaries,K-Pop,2018,Hindi,,,-7.224700019719344,0.18348488313266775,,0.18039623299234298,0.11630643684346181,0.9025260781886811,110.96618052458382,224812,93,52,U129,,Energetic
TRK0221,Distant Echoes,Indigo Pulse,Indigo Collection,Rock,2024,,0.4098655850236158,0.8338046676909375,-6.477234566482271,0.06477232829364638,0.03718571575598459,0.0,0.263645242021662,0.6725637153477547,144.38394162219186,240924,74,66,U075,5,
TRK0227,Broken Sun,Neon Waves,,Pop,2012,English,0.7969147501966808,0.759273473178186,-6.27582145436555,0.0826384456926485,0.09350751080011303,0.09899194016228824,0.18545761327159488,0.9443115970483825,118.0828787701049,282981,88,39,U065,3,Energetic
TRK0078,Hidden Paradise,Midnight Motion,Midnight Collection,Rock,2014,English,0.4684501120701065,0.7418673876814057,,0.0792612052510264,0.170331382968788,0.21072970368864324,0.29145413608654125,0.6255303256956454,129.81242936269453,217489,78,66,U063,5,Motivational
TRK0217,Slow Promises,Royal Heaven,,Electronic,2009,English,0.6095900374352594,0.8708145415807035,-6.680823150345559,,0.03647737697264457,0.1817676188966897,0.10215597762197642,0.8862638854549969,125.51918242791234,199259,75,38,U040,,Energetic
TRK0112,Golden Memories,Nova Heaven,Nova Sessions,Country,2023,,0.6344558411983979,0.516946141836524,-8.080608302089118,0.07872383685826505,0.5738480877595257,0.0,0.1541481790819103,0.7841213937324781,111.51347269905312,,99,36,U023,3,Happy
TRK0273,Velvet Echoes,Silver Sound,Silver Diaries,K-Pop,2015,Korean,0.6782991349257921,0.8063887696586054,-7.281096575314743,0.16035293368795878,0.15191598052088773,0.0,0.165881649540186,0.8982280240557057,117.96283344908116,261982,92,21,U007,3,Happy
TRK0024,Afterglow Rhythm,Electric Pulse,Electric Diaries,Indie,2003,Japanese,0.5342300569043174,0.5982667542169522,-6.63373891551651,0.0,0.22304326808335176,0.0,0.09441045969822032,0.7244508474654144,120.16750405575644,245495,44,10,U039,3,Romantic
TRK0104,Falling Stories,Aurora Heights,Aurora Diaries,Jazz,2016,English,0.44681225060572427,0.30428766529040635,-9.884882585313319,0.0590404325813865,0.7209461351677944,0.19832315400306622,0.2442543225096861,0.37229571320268035,102.16710425629466,233711,36,24,U035,4,Melancholic
TRK0240,Electric Memories,Solar Stories,Solar Horizons,Pop,2008,Hindi,0.6444459281259471,0.5860475952853267,-6.435555082972699,0.0858089354194563,0.21959268794429188,0.08160795053552103,0.13460547073113582,0.9303411317059618,120.04853264716029,238885,100,53,U015,5,Happy
TRK0350,Broken Fire,Urban Lines,Urban Frequency,Rock,2004,English,0.5461275108883045,0.676175952802977,-5.270033203154407,0.08445629866514491,0.23209047991837733,0.12156155717517193,0.2357577896167923,0.7218649570506154,132.7904178640542,178318,44,32,U092,5,Happy
TRK0186,Starlight Paradise,Paper Sound,Paper Diaries,Indie,2026,English,0.49101960106515896,0.533452662277405,-8.158621656436669,0.033191870126861894,0.4045160088330255,0.1727359769582056,,0.8064978795980711,122.96865972913997,204036,79,59,U133,5,Romantic
TRK0179,Paper Paradise,Static Motion,Static Sessions,Classical,,English,0.3300719121669655,0.31493175368151527,-15.485710440621917,0.0159762254722626,0.6675965412639456,0.8737272297958437,0.18247293969720293,0.5038964959904689,76.63222094988656,142320,43,22,U106,3,Relaxing
TRK0300,Gravity Rain,Paper Garden,Paper Frequency,Country,2021,Japanese,0.4611692206945307,0.6605058089922838,-8.335710172452515,0.0,0.395605017086429,0.07768114730093338,0.23809546530050185,0.67262008167173,119.83109327446192,240054,64,29,U104,3,Romantic
TRK0242,Distant Paradise,Static Parade,Static Collection,Electronic,2012,,0.9140254400951829,0.9100355025182985,-6.806034293291505,0.04922380206976544,0.0,0.020522688097135505,0.08689084581840974,0.782700618316879,116.92276461229652,189961,86,66,U052,5,Motivational
TRK0327,Sunday Waves,Royal Heights,,Pop,2024,English,0.7142430237594596,0.6599245325905864,-7.280822231534281,0.04742671496326437,0.11457151660985919,0.22381987370325773,0.09732542682500142,0.8546241057817568,133.3568393361317,220680,100,30,U007,3,Motivational
TRK0159,Wild Waves,Echo Signals,Echo Diaries,R&B,2026,English,0.4986220265171073,0.6656016002378206,-8.515734564509806,0.16350926436445204,0.16134424011109158,0.056605092613162156,0.21252682050141541,0.6147630372029348,94.74124954089578,231291,100,48,U076,5,Romantic
TRK0153,,Aurora Circuit,,Indie,2002,English,0.7031875134289303,0.6805737891895045,-7.65958231402145,0.09539007601796776,0.3867764892221016,0.2404501676673238,0.214359657365289,0.8588848111937194,120.0789755090926,263166,66,62,U113,5,Party
TRK0071,Distant Hearts,Velvet Dream,Velvet Frequency,Pop,2025,,0.8162657572486841,0.7486045130210626,-7.527966093076273,0.10140175775500021,0.10122877069534027,0.03025686174498272,0.22310675005327021,0.5751181063769117,107.38759433403938,200495,86,45,U143,5,Romantic
TRK0368,Afterglow Colours,Crimson District,Crimson Diaries,Latin,2020,Spanish,0.9239943139100661,0.8310811833259836,-7.148773381379065,0.06138888495535661,0.10997767861031776,0.0853784926528224,0.12349293361784086,1.0,134.13150189391635,236370,72,45,U024,4,Energetic
TRK0081,Velvet Shadows,Static Motion,Static Sessions,Classical,2013,English,0.3065460419169093,0.4493968360549291,-13.705339824245657,0.04692199663301751,0.5775668317606649,0.8967980395054409,0.046764380635004474,0.3438369040450168,84.51297018203024,181324,74,18,U004,3,Calm
TRK0017,,Solar Stories,Solar Stories,Pop,2014,English,0.8212715817819829,0.7393065349356577,-6.459972705113983,0.07239199064100404,,0.0,0.14215459831713156,0.8344783850725709,135.33494449547962,288977,91,55,U059,4,Happy
TRK0171,Wild Hearts,Indigo Motion,Indigo Frequency,Indie,2025,,0.5227148970165341,0.6361083502950367,-8.400700387806639,0.07580131115778253,0.2793108854695308,0.08196968541237563,0.21788631411742218,0.7701622965150224,108.68634648681913,208433,95,66,U137,4,Motivational
TRK0073,Golden Waves,Paper Dream,Paper Sessions,Electronic,2012,English,0.7789361323381807,0.7058591581675298,-7.251859770994836,0.07644136839286954,0.07659343906735634,0.11356055416229377,0.2672245223420737,0.9187569613804677,120.08465444131492,262854,100,33,U110,4,Energetic
TRK0188,Falling Sun,Wild Stories,Wild Sessions,Jazz,2023,Japanese,0.414282359622257,0.40776654179528693,-12.137125489023383,0.023353709314204864,0.5758709727462908,0.31094544667388563,0.15238379175433725,0.5396614996049235,103.48719867548111,216295,98,44,U085,4,Melancholic
TRK0077,Distant Sun,Electric Pulse,Electric Collection,Indie,2015,English,0.5628435489783652,0.4553663960670865,-7.473141728787413,0.11825566957126617,0.28566493354228056,0.13876356760615519,0.0992225934594417,0.5910913504856832,120.02645357192927,234481,100,59,U120,5,Relaxing
TRK0169,Broken City,Midnight Dream,Midnight Frequency,Lo-Fi,2006,English,0.5389127317527007,0.2934478316208378,-12.912508493766657,0.0,0.8200510156605935,0.4145764657085903,0.16389271868923352,0.5648600222653026,86.21538436665978,219880,66,49,U065,5,Focus
TRK0101,Paper Stories,Blue Stories,Blue Sessions,Country,2001,English,0.42078941645270074,0.5475085662487479,-8.94047690604726,0.09262921662822476,0.39643345514876116,0.0,0.1345378112820158,,115.80300424717836,221713,63,30,U017,,Romantic
TRK0028,Starlight Echoes,Urban Parade,Urban Collection,Pop,2026,,0.5723142183154268,0.7591285720703351,-7.2204000903057,0.12015666000598196,0.12724228266980683,0.01961047524664619,0.14441431258324067,1.0,135.50277281348505,240311,100,32,U080,3,Energetic
TRK0026,Midnight Roads,Electric Lines,Electric Sessions,Classical,2007,Korean,,0.32049243997161725,-14.190383559744237,0.03890055368738334,0.8504626568744852,0.9378148789142177,0.09516034456917023,0.5047675060179745,83.49439986704714,200446,56,21,U040,3,Melancholic
TRK0340,Sunday Lights,Wild Harbor,Wild Stories,Electronic,2024,English,0.6236185308678075,0.8468124130677129,-5.099807602591376,0.05628338422146777,0.03890651956251758,0.07644152901354467,0.1007959043691874,0.9193097683061009,127.3521529785314,255108,100,54,U060,3,Motivational
TRK0336,Distant Motion,Indigo Motion,Indigo Sessions,Indie,2018,,,0.4768839389813383,-8.36401150481846,0.06915715675632084,0.40301046216422165,0.1215371594069481,0.04212489024490239,0.5806912300521931,110.8948057061722,221049,83,39,U067,4,Relaxing
TRK0390,Paper Memories,Electric Bloom,Electric Frequency,Country,2014,English,0.5629718077985649,0.45229643730422336,,0.03954923971976653,0.6171569683838714,,0.2517602369728614,0.5440339788512432,101.86037217639128,253835,96,51,U137,5,Focus
TRK0340,Sunday Lights,Wild Harbor,Wild Stories,Electronic,2024,English,0.6236185308678075,0.8468124130677129,,0.05628338422146777,0.03890651956251758,0.07644152901354467,0.1007959043691874,0.9193097683061009,127.3521529785314,255108,100,32,U064,3,Motivational
TRK0341,Sunday Shadows,Wild Circuit,Wild Sessions,Classical,2014,English,0.2312600779096016,0.17598706680265336,-14.203112789366847,0.03766524468630546,0.8523497582733146,0.8445490661420738,0.1322802473951885,0.3823940206083471,79.08402583170435,204295,77,33,U037,3,Relaxing
TRK0333,Velvet Echoes,Velvet Bloom,Velvet Sessions,Lo-Fi,2012,English,0.26439793101132103,0.3883126426371508,-11.046030335027721,0.08046539823149994,0.6892141840785073,0.3028090666622137,0.03557959028912039,0.4300135827240473,75.22279914553619,245218,84,39,U097,4,Melancholic
TRK0087,Ocean Roads,Electric Lines,Electric Frequency,Classical,2026,Hindi,0.37609373235629845,0.424635103653962,-14.558685256196826,0.1303173124750188,0.8285928158560564,0.8999731822678968,0.10196155309181137,0.3674124555756131,82.64425593849256,240068,100,39,U072,3,Sad
TRK0159,Wild Waves,Echo Signals,Echo Diaries,R&B,2026,English,0.4986220265171073,0.6656016002378206,-8.515734564509806,0.16350926436445204,0.16134424011109158,0.056605092613162156,0.21252682050141541,0.6147630372029348,94.74124954089578,231291,100,35,U055,2,Romantic
TRK0102,Paper Waves,Electric Parade,Electric Sessions,Jazz,2018,French,0.38998644462756943,0.3932570229632354,-7.952283690002619,0.13361253381311364,0.4031879520864218,0.36271553804598694,0.23013995494905612,0.5548841848980754,101.85941185656989,231093,53,15,U010,3,Energetic
TRK0242,Distant Paradise,Static Parade,Static Collection,Electronic,2012,English,0.9140254400951829,0.9100355025182985,-6.806034293291505,0.04922380206976544,0.0,0.020522688097135505,0.08689084581840974,0.782700618316879,116.92276461229652,189961,86,41,U037,4,Motivational
TRK0337,Ocean Paradise,Aurora Harbor,Aurora Sessions,Hip-Hop,2022,Spanish,0.6793932527048435,0.7762462462134004,-7.123713224494114,0.17655209294934998,0.09237072291810616,0.06093325465326305,0.13406256595699206,0.6876423177643098,95.0910098620933,258138,89,30,U146,3,Energetic
TRK0290,Slow Sky,,Paper Frequency,Indie,2009,English,0.4051481970516476,0.6342628152950959,-7.796823602286155,0.07273703821697468,,0.278588676120838,0.10738043642982495,0.684471612891686,123.34901951485341,205402,64,28,U085,3,Happy
TRK0151,Ocean Memories,Indigo Pulse,Indigo Diaries,Rock,2013,English,0.43594921391520064,0.9280126933158811,-5.081624812735736,0.05072582368742018,0.04253584874401047,0.0009303192120989276,0.21294225289663646,0.7559709051706432,122.35925035093342,240529,44,37,U053,4,Party
TRK0356,Gravity Hearts,Midnight Bloom,Midnight Collection,Pop,2016,English,0.8126376747833246,0.6537982853253361,-7.180192765719566,0.0057987960415999545,0.043308845814802314,0.0,0.11920964071274189,0.8922022185488249,128.8195749477698,262797,100,64,U146,4,Motivational
TRK0337,Ocean Paradise,Aurora Harbor,Aurora Sessions, Hip-Hop ,2022,Spanish,0.6793932527048435,0.7762462462134004,-7.123713224494114,0.17655209294934998,0.09237072291810616,0.06093325465326305,0.13406256595699206,0.6876423177643098,95.0910098620933,258138,89,41,U008,4,Energetic
TRK0273,Velvet Echoes,Silver Sound,Silver Diaries,K-Pop,2015,Korean,0.6782991349257921,0.8063887696586054,-7.281096575314743,0.16035293368795878,0.15191598052088773,0.0,0.165881649540186,0.8982280240557057,117.96283344908116,261982,92,41,U074,4,Happy
TRK0158,Broken Signals,Electric Bloom,Electric Frequency,Country,2011,English,0.5613040024393978,0.6084087723139882,-8.062511315735959,0.08474577106559433,0.41526276750864033,0.19254247628105764,0.19165889878319475,0.7836366060950839,105.76003085241184,302848,86,24,U116,,
TRK0127,Electric Fire,Urban Parade,Urban Diaries,Pop,2021,English,0.6857847109267953,0.5648239028275313,-9.77882716635796,0.05822971445201193,0.11787080086001953,0.0,0.1175867594475757,0.8152596734541223,98.72429449393793,208947,98,64,U146,4,
TRK0173,Broken Paradise,Aurora Skies,Aurora Horizons,Pop,2017,Japanese,0.9124496037012573,0.5983203255255962,-4.3123266165496235,0.028814842548100433,0.20626889036967105,0.1376766871233402,0.05030168412107351,0.8870839310894377,115.61453492875543,254644,93,44,U067,4,
TRK0237,Electric Hearts,Indigo Lines,Indigo Collection,R&B,2020,,0.7196383020116754,0.5834281442962522,-6.42177692673047,0.11456735030105793,,0.0,0.1339300338170917,0.6124944703195264,98.14258022248843,227059,74,30,U043,3,Focus
TRK0161,Distant Hearts,Static Lines,Static Frequency,Indie,2017,Spanish,0.4813759889483402,0.5703323424985856,-8.282615539962201,0.10130942655215311,0.4723026217312898,0.09430932233722819,,0.7200862964112761,110.87347754606269,251751,82,55,U002,5,Romantic
TRK0164,Neon Promises,Urban Parade,Urban Collection,Pop,2021,Korean,0.6978403830001897,0.7840672283006523,-7.575936964480379,0.00315073782149769,0.10002883448718573,0.0,0.10321602909744856,0.9756979109221184,103.98290517853954,197555,76,49,U035,,Happy
TRK0374,,Wild Stories,,Jazz,2020,French,0.4858220853799603,0.4417596189154473,-8.894444052645143,0.013840297005613456,0.5405944591039837,0.35200988969311536,0.15589539124324125,0.2999204226168739,107.08460458870488,278217,100,48,U025,3,Calm
TRK0246,Falling Memories,Indigo Parade,Indigo Frequency,Hip-Hop,2011,English,0.8234710642090004,0.7206641419830236,-6.8623340480387025,0.18490634654809823,0.007356082669942657,0.08946137444147831,0.19164667207237612,0.6305913341891172,101.30326122078179,310252,77,42,U094,4,Motivational
TRK0080,Falling Lights,Golden Parade,Golden Frequency,Lo-Fi,2006,English,,0.2041817766613757,-12.283276717829592,0.0,0.7169252306363414,,0.09242281883741613,0.16029664753012962,72.29137764190152,268698,12,21,U106,4,Melancholic
TRK0275,Velvet Fire,Blue Hearts,Blue Collection,Indie,2007,English,0.449233310161506,0.6390332596429159,-8.924149209856617,0.12207071200529417,0.4182710627354647,0.021022319186143668,0.08580422134527854,0.7209574107395091,114.4864738489624,228306,93,50,U062,4,Romantic
TRK0265,Velvet Rain,Crimson Signals,Crimson Diaries,Rock,2019,English,0.48290395715052914,0.7982374859699318,-8.711620149977094,,0.09610078602867209,0.0011300386526435016,0.15077709370191628,0.7195147139731075,120.5235115831932,166392,92,43,U126,4,Energetic
TRK0110,Broken City,Static Pulse,Static Diaries,R&B,2020,English,0.5241664434417754,0.5778302044768526,-7.797898508599294,0.08646559368189694,0.0,0.0,0.10708861988214832,0.7043950291604453,96.85968166375224,225823,86,32,U143,3,Happy
TRK0006,Broken Shadows,Velvet Dream,Velvet Stories,Pop,2009,Japanese,0.6730597659797276,0.6893894121804237,-6.454935772771638,0.09009390292134749,0.16381178143562777,0.026532629692620418,0.09036911815690923,0.8078321674210557,104.34216571104211,191235,55,42,U062,4,Energetic
TRK0275,Velvet Fire,Blue Hearts,Blue Collection,Indie,2007,English,0.449233310161506,0.6390332596429159,-8.924149209856617,0.12207071200529417,0.4182710627354647,0.021022319186143668,0.08580422134527854,0.7209574107395091,114.4864738489624,228306,93,46,U075,4,Romantic
TRK0360,Broken Hearts,Crimson Signals,Crimson Frequency,Rock,2021,English,0.4851397854317092,0.7917747507211181,-6.479237155809347,0.056094169336048855,0.2767970295374481,0.043708325100664636,0.19368284531379665,0.5700589443162052,133.30966979260202,279581,100,58,U014,4,Romantic
TRK0027,Starlight Rhythm,Echo Riders,Echo Stories,Rock,2023,Hindi,0.341781848462296,0.8207999342589667,-7.446252924212141,0.0713613689808441,0.08839534282015135,0.0,0.2549807894097939,0.5994721094067997,123.74079710689605,204441,75,28,U077,5,Romantic
TRK0010,Wild Colours,Golden Pulse,Golden Sessions,K-Pop,2016,Korean,0.5925317055295642,0.7143652145657913,-6.721443417284611,0.15955684611109472,0.08730362639939365,0.12700431374224513,0.09504930810225937,0.7252122217023026,112.99454412062789,215483,100,44,U121,4,Party
TRK0117,Gravity Memories,Velvet Lines,Velvet Frequency,K-Pop,2017,Korean,0.6439088043613261,0.7738905101557643,-6.301541672948942,0.058857357117557296,0.11067897237705007,0.0,0.16568744954432826,0.9265082546172136,98.27107860675994,276429,36,44,U023,4,Party
TRK0290,Slow Sky,Paper Sound,Paper Frequency,Indie,2009,English,0.4051481970516476,0.6342628152950959,-7.796823602286155,0.07273703821697468,0.2009386383282416,0.278588676120838,0.10738043642982495,0.684471612891686,123.34901951485341,205402,64,47,U029,4,Happy
TRK0324,Neon Sky,Royal Riders,Royal Diaries,Indie,2015,Spanish,0.6513069281851587,0.5294057587662064,-9.652145522324075,0.07213685906103391,0.33874384279965525,0.11123138880589577,0.22507733552971362,0.7574919857832212,125.58007236884055,173109,87,74,U143,5,Motivational
TRK0032,Electric Colours,Solar Pulse,Solar Diaries,Latin,2021,Spanish,0.8265080209500306,0.6311407534680078,-7.743365774833139,0.09447648628570823,,0.11464591660918148,0.20412516583652365,0.9733586563005454,108.56013304417405,266395,100,34,U092,2,Happy
TRK0326,Paper Hearts,Static Motion,Static Diaries,Classical,2019,Japanese,0.2621240544677043,0.09138904589495592,-14.632310935002181,0.0,0.6503885166733496,0.9284406801412872,0.13529452629741207,0.3552812908878518,74.80240887960493,239721,94,66,U045,5,Calm
TRK0017,Broken Shadows,Solar Stories,,Pop,2014,English,0.8212715817819829,0.7393065349356577,-6.459972705113983,0.07239199064100404,0.09129165511686249,0.0,0.14215459831713156,0.8344783850725709,135.33494449547962,288977,91,28,U089,3,Happy
TRK0206,Summer Hearts,Paper Heaven,Paper Frequency,Jazz,2016,Spanish,0.35227920365389687,0.3405199763951745,-10.27837593152998,,0.5416587958905256,0.3262437876678842,0.16244910926543427,0.47240220617807305,108.46467833646003,242271,100,31,U068,3,Energetic
TRK0196,Electric Stories,Crimson Garden,Crimson Collection,Pop,2015,English,0.7520449513846037,0.7998906917363736,-7.358342570228901,0.07185427300517289,0.07786154903117141,0.09820096906709562,0.048237456388907696,0.9558730147234602,123.22899055340895,196690,100,40,U134,4,Happy
TRK0354,Higher Hearts,,Royal Sessions,Indie,2008,English,0.6917834400549722,0.5999642595272116,-8.652790030333891,0.006729557399517673,0.33301072880997795,0.05706423458867871,0.0792277119307721,0.8945081517984762,119.73140642690423,253321,93,43,U067,4,
TRK0311,Electric Sun,Solar Heights,Solar Diaries,Hip-Hop,2008,English,0.8109247984413085,0.7099830074622289,-5.839204227821639,0.3440324006539273,0.0,0.0,0.08855707541299962,0.884991184160994,108.18858764817091,235663,79,36,U107,4,Happy
TRK0384,Afterglow Motion,Blue District,Blue Sessions,Classical,2011,,0.3986150645860495,0.3164649109869452,-14.531648235510028,0.0,0.554854062041623,0.6503573428518936,0.10783714690110646,0.5129176884451836,78.21416172542656,281934,60,39,U132,,Relaxing
TRK0253,Higher Fire,Electric Lines,Electric Sessions,Classical,2010,English,0.2353885968405455,0.5772113254121127,-12.736217414152936,0.012871881882013596,0.852737432729257,0.6211701265436411,0.10660241094667683,0.6071359039586541,85.67857560630367,,65,29,U040,4,Relaxing
TRK0020,Gravity Dreams,Urban Bloom,Urban Collection,Hip-Hop,2021,English,0.8038993158738299,0.8054937648801928,-7.1994038496010715,0.2429945617136642,0.0,0.12895839345948532,0.0675187463819594,0.8030758320588216,99.75719801316163,277479,100,47,U046,,Motivational
TRK0111,Velvet Waves,Echo Signals,Echo Sessions,R&B,2018,Japanese,0.7377035127226458,0.6318751994395951,-7.916742169764141,0.1432330438417509,,0.0,0.14916626917264636,0.7509290874065403,103.53954353712939,225211,98,43,U003,,Happy
TRK0220,Distant Rhythm, Silver Skies,,Pop,2026,English,0.865817080747911,0.7427664668399292,,0.0,0.2376762062457382,0.12241929575775687,0.11727629756496477,0.9101229955168066,112.51753459426095,217892,92,45,U031,2,Motivational
TRK0350,Broken Fire,Urban Lines,Urban Frequency,Rock,2004,English,0.5461275108883045,0.676175952802977,-5.270033203154407,0.08445629866514491,0.23209047991837733,0.12156155717517193,0.2357577896167923,0.7218649570506154,132.7904178640542,178318,44,18,U129,3,Happy
TRK0094,Golden Waves,Solar Stories,Solar Stories,,2016,Korean,0.7817281580492258,0.7654144600780781,-6.432486735577432,0.11416658871886522,0.0,0.2208755386185139,0.05284005728006923,0.932763346965809,105.48243534586436,210231,100,54,U029,4,Energetic
TRK0192,Silent City,Blue District,Blue Frequency,Classical,2026,English,0.5531762415110635,0.3253164129950761,-13.527818738907552,0.012099993872690631,0.7781945864466214,0.8813809514332865,0.09202585248628413,0.6020964065480437,84.74294047199383,236982,76,32,U037,2,Calm
TRK0316,Ocean Waves,Indigo Pulse,Indigo Stories,Rock,2016,English,0.6193519509610061,0.6981663089190868,-7.36464394815389,0.019892969412178,0.10823540651913566,0.044792115340538216,0.39973673667787,0.5669849662934751,128.00425411910143,258104,80,33,U041,1,
TRK0390,Paper Memories,Electric Bloom,Electric Frequency,Country,2014,English,0.5629718077985649,0.45229643730422336,-8.62073154631914,0.03954923971976653,0.6171569683838714,0.04639282657664247,0.2517602369728614,0.5440339788512432,,253835,96,31,U019,4,Focus
TRK0281,Neon Roads,Paper Dream,Paper Diaries,Electronic,2026,English,,0.8525376246807856,-6.4972773372031325,0.08508284507371303,0.0,,0.08594866148283876,0.9804413135929296,115.21658655302235,226172,100,46,U079,4,Motivational
TRK0314,Gravity Signals,Indigo Parade,Indigo Frequency,Hip-Hop,2014,,,0.6880970641217066,-5.293395350612535,0.20577241711452837,0.05764326034816381,0.0,0.26390617991645005,0.6660499875351579,99.89447070417773,282472,91,33,U123,,Energetic
TRK0345,Gravity City,Blue District,Blue Frequency,Classical,2023,French,0.19518408751562968,0.24076904314034886,-16.427454281362593,0.015048202967081665,0.7518462122361907,0.812059380746438,0.12652138384141218,0.38421788959237807,,237880,98,59,U088,4,Focus
TRK0030,Afterglow Lights,Wild Circuit,Wild Sessions,Classical,2025,English,0.25063390623622683,0.5039491119526817,-13.030456972991626,0.09449465279727777,0.7286781243829991,0.8509455219712795,0.0960251763925116,0.373431896064913,79.27337750548686,242839,69,36,U149,4,Melancholic
TRK0231,Wild Fire,Indigo Motion,Indigo Diaries,Indie,2020,Hindi,0.48547434481266233,0.6980199097605752,-5.716085449349736,0.0,0.3032984570874615,0.11459209801661675,0.2746858849307098,0.6195794515258959,113.6552264621424,285009,,44,U008,4,Energetic
TRK0254,Summer Echoes,Crimson Garden,Crimson Collection,Pop,2014,English,0.8538196132938654,0.8281729744753916,-6.068266458042872,,0.0,0.07332520212137635,0.025817023144697387,0.8404632787252565,122.35579818662029,203596,67,20,U088,3,Party
TRK0157,Wild City,,Golden Frequency,Lo-Fi,2026,English,0.3558462397770199,0.31458259673359795,-11.488832836649491,0.0,0.6891861543540457,0.5462177980333435,0.15479553160605541,0.6111003550568717,83.38205679203361,227319,96,58,U094,4,Calm
TRK0222,Ocean Motion,Crimson Harbor,Crimson Sessions,Lo-Fi,2013,,0.4328550168512207,0.19954656589039954,-12.677668482518694,0.10013707560445709,0.6797882224725368,0.18337268946275492,0.001091241183454536,0.6306395672756933,79.47064640631496,,72,35,U096,3,Focus
TRK0255,Slow Shadows,Static Motion,Static Frequency,Classical,2022,English,0.17538052464429504,0.15496350153506705,-14.958162001389777,0.048447101324125524,0.7950667504785263,0.5895164764753403,0.045002608021274794,0.47543250374921714,80.90817290545911,182729,100,33,U062,3,Calm
TRK0033,Gravity Signals,Crimson District,Crimson Diaries,Latin,2016,Hindi,0.7357464288107817,0.8798907090670594,-6.482544892632279,0.10162029704952127,0.2908849170789433,0.012911443963477216,0.1141214532852529,0.8536657861145653,121.417032241151,185532,97,41,U136,4,Motivational
TRK0312,Afterglow Memories,Golden Pulse,Golden Sessions,K-Pop,2022,Korean,0.7365034006502154,0.7950776186601707,,0.1540921883967725,0.12313930898538773,0.11264535326096548,0.1160102156529213,0.800179260276653,127.15805413778348,,,38,U087,4,Energetic
TRK0140,Distant Colours,Blue Stories,Blue Frequency,Country,2019,Spanish,0.6063009247714516,0.6518491792657528,,0.08369528511816346,0.24374416670355614,0.07904056819824595,0.24990365376722526,0.870738584281841,109.66489782451349,273622,100,37,U013,3,Romantic
TRK0351,Falling Promises,Royal Heights,Royal Sessions,Pop,2020,English,0.8348495298580351,0.6501977227180674,-6.863115499785232,0.031847580352517287,0.08315156943847524,0.060494293848697,0.0,1.0,121.78423525995082,219690,100,67,U097,,Motivational
TRK0235,Neon Waves,Crimson Signals,Crimson Collection,,2001,English,,0.9664605644763612,-6.733685039141223,0.07659979314937505,0.009823389773862642,0.0,0.16561414457361495,0.7464021431793015,115.21966444767826,203079,68,36,U131,2,Happy
TRK0022,Paper Sky,Blue District,Blue Sessions,Classical,2026,English,0.19088965748088943,0.3084039834216243,,0.0964177071624079,0.779827183259471,0.8826411169102876,0.06003394369347438,0.4508749884753946,91.12383219923667,235754,90,39,U071,4,Focus
TRK0274,Broken Paradise,Blue Hearts,Blue Collection,Indie,2018,Japanese,0.7493766240762492,,-7.843417453991226,0.035589166596435524,0.5302179636108069,0.04267354263869662,0.09853157167677674,0.5656084069532538,117.80481582437027,188109,75,51,U070,4,
TRK0223,Electric Rhythm,Golden Heights,Golden Diaries,Pop,2026,English,0.862953197456844,0.7588408042780886,-5.799598391722843,0.10235918707397516,0.15126821011182642,0.0699202687294537,0.10370044987190905,1.0,111.62711618340413,237868,100,37,U052,3,Party
TRK0170,Silent Shadows,Static Motion,Static Diaries,Classical,2021,French,0.4004506718589227,0.2481164493420881,-13.464348132826776,0.07796899333844104,0.7887028804994488,0.8083172872319087,0.10075614593992106,0.37356097445974185,77.05815882871131,213785,100,44,U063,4,Relaxing
TRK0140,Distant Colours,Blue Stories,Blue Frequency,Country,2019,Spanish,0.6063009247714516,0.6518491792657528,-5.751535923935423,0.08369528511816346,0.24374416670355614,0.07904056819824595,0.24990365376722526,0.870738584281841,109.66489782451349,273622,100,29,U108,4,Romantic
TRK0100,Sunday Signals,Neon Harbor,Neon Sessions,Country,2001,English,0.607506215189234,0.6863824558143748,-9.8447035263667,0.0026153553277598954,0.4122279347167524,0.04951900453792894,0.1898148011606993,0.8478574243291017,99.47397431479283,264978,69,41,U128,4,Happy
TRK0091,Falling Signals,Indigo Waves,Indigo Diaries,Pop,2007,English,0.8905852680544564,0.7831443677348033,-6.07459120857588,0.07515629966607452,0.11901702973755005,0.1096626560016086,0.06333595767750635,0.9522497502409132,108.26314138093774,248722,83,60,U042,5,Energetic
TRK0241,Hidden Roads,Lunar Harbor,,Pop,2019,,0.8437050541842469,0.726373397417053,-5.351381059213035,0.0,0.08728985482916216,0.024719494272472595,0.0691103939314857,1.0,117.86605989974571,225643,94,51,U050,4,Energetic
TRK0271,Ocean Waves,Aurora Skies,Aurora Sessions,Pop,2026,English,0.6777085744177497,0.7630534519991411,-8.488036301136791,0.026688732834351164,0.12174783896761407,0.0,0.11739874505462819,0.7156615848796087,119.75625822121323,203686,100,26,U101,3,Energetic
TRK0091,Falling Signals,Indigo Waves,Indigo Diaries,Pop,2007,English,0.8905852680544564,0.7831443677348033,-6.07459120857588,0.07515629966607452,0.11901702973755005,0.1096626560016086,0.06333595767750635,0.9522497502409132,108.26314138093774,248722,83,47,U099,,Energetic
TRK0310,Paper Shadows,Static Bloom,Static Frequency,Jazz,2020,Japanese,0.5847851626300125,,-11.302362891120836,0.05126407143303402,0.48323122417232167,0.3262412438621992,0.2797192413529824,0.6839860531122558,99.58576998463086,209265,62,58,U071,4,Happy
TRK0023,,Aurora Harbor,Aurora Sessions,Hip-Hop,2016,French,0.8599824246910295,0.6497273587947006,-7.460828759999391,0.3066654996446538,0.0,0.0,0.16416143342818354,0.8010529977957789,,282526,100,26,U045,3,Romantic
TRK0334,Midnight Colours,Blue Circuit,Blue Diaries,K-Pop,2014,Korean,0.7213527127283091,0.8145648991765665,-7.6297359296728064,0.040326754288566455,0.12579314220064106,0.12124832176067372,0.061004068172332365,0.9517229382247088,117.9565881033663,238641,100,28,U057,4,Party
TRK0274,Broken Paradise,Blue Hearts,Blue Collection,Indie,2018,Japanese,0.7493766240762492,0.547806361117693,-7.843417453991226,0.035589166596435524,0.5302179636108069,,0.09853157167677674,0.5656084069532538,117.80481582437027,188109,75,24,U142,3,Focus
TRK0195,Velvet Lights,Indigo Waves,Indigo Frequency,Pop,2015,English,0.5777948233859866,0.5904835291698167,-7.2250448090205435,0.016873254711092932,0.09756162550244538,0.13561144416442608,0.028875418381054285,0.777869768257945,124.55530680755344,225151,73,43,U136,4,Romantic
TRK0001,Electric Dreams,Paper Riders,Paper Frequency,Classical,2010,English,0.3440564716391214,0.1179209509309351,-16.018852555441978,0.03575281814252784,0.7342252266539296,0.791742406914964,,0.46107463079238487,85.94114974739561,,89,26,U102,3,Relaxing
TRK0132,Hidden Dreams,Echo Riders,Echo Diaries,Rock,2023,French,0.3724427713856984,0.813297450492768,-5.498956506881819,0.06496395408939384,0.021458933031135094,0.1098943775122529,0.13792973510330558,0.6169369120465678,120.34783355961551,281315,98,50,U070,4,Focus
TRK0258,,Blue Stories,Blue Sessions,Country,2021,Hindi,0.4507518073217522,0.4881468791308773,-8.47300196876671,0.057875532384054636,0.6164362729217966,0.004806158962226262,0.23334429630857192,0.8014609334729738,116.25938584472834,200001,100,40,U010,3,Romantic
TRK0235,,Crimson Signals,Crimson Collection,Rock,,English,0.7539504133108306,0.9664605644763612,-6.733685039141223,0.07659979314937505,0.009823389773862642,0.0,0.16561414457361495,0.7464021431793015,115.21966444767826,203079,,53,U066,5,Happy
TRK0361,Midnight Echoes,Golden Heights,Golden Nights,Pop,2021,French,0.7258264387251487,0.7138544419862287,-6.416129933968936,0.05676314043194962,0.07008778775384922,0.1977449801425403,0.3097382738192468,0.7003972294865881,108.13204699478496,208319,87,61,U095,5,Happy
TRK0240,Electric Memories,Solar Stories,Solar Horizons,Pop,2008,Hindi,0.6444459281259471,0.5860475952853267,-6.435555082972699,0.0858089354194563,0.21959268794429188,0.08160795053552103,0.13460547073113582,0.9303411317059618,120.04853264716029,,,54,U072,4,Happy
TRK0198,Gravity Rain,Urban Lines,Urban Sessions,Rock,2024,English,0.5913659706741299,0.7710991123513987,-6.035252544259958,0.06162107841487521,0.15598036240479027,0.08929370384649808,,0.5371099833711235,134.24527612496513,243607,100,51,U011,4,Relaxing
TRK0091,Falling Signals,Indigo Waves,Indigo Diaries,Pop,2007,English,0.8905852680544564,0.7831443677348033,-6.07459120857588,0.07515629966607452,0.11901702973755005,0.1096626560016086,0.06333595767750635,0.9522497502409132,108.26314138093774,248722,83,44,U059,4,Energetic
TRK0114,Summer Memories,Golden Heights,Golden Horizons,Pop,2021,French,0.7031348246599547,0.7897206119598331,-6.258785919815584,0.007136707401199094,0.1507953326819583,0.0,0.21887591489727043,0.943935485923134,121.6648929867447,242769,90,34,U145,4,Party
TRK0055,Neon Lights,Golden Heights,Golden Collection,Pop,2026,English,0.46983001558403453,0.48409814626107484,-8.64734962857199,0.04490220006271534,0.08106935972319837,0.03196504827041154,0.09817775684242869,0.8937312248781106,109.35333374846518,211189,100,58,U057,5,Motivational
TRK0010,Wild Colours,Golden Pulse,Golden Sessions,K-Pop,2016,Korean,0.5925317055295642,0.7143652145657913,-6.721443417284611,0.15955684611109472,0.08730362639939365,0.12700431374224513,0.09504930810225937,0.7252122217023026,112.99454412062789,215483,100,74,U031,5,Party
TRK0140,Distant Colours,Blue Stories,Blue Frequency,Country,2019,,0.6063009247714516,0.6518491792657528,-5.751535923935423,0.08369528511816346,0.24374416670355614,0.07904056819824595,0.24990365376722526,0.870738584281841,109.66489782451349,273622,,38,U023,4,Romantic
TRK0002,Neon Waves,Echo Heaven,Echo Diaries,Pop,2024,Japanese,0.7015137636454739,0.6340947819150138,,0.06304617330690392,0.06107584395388762,0.0,0.1572616429887344,,120.31328262149312,252870,100,38,U059,3,Romantic
TRK0245,Gravity Sky,,Static Diaries,Indie,2012,English,0.6161600521843583,0.6321213150233576,-7.279291653604948,0.12752734475160765,0.3612409774159476,0.10482006065445633,0.2556103736325805,0.7846826053302078,113.91398100228058,234747,83,32,U081,3,
TRK0059,Sunday Fire,Royal Sound,Royal Collection,R&B,2021,English,0.5737571219860069,0.5268500967273972,-6.634800523480849,0.07821864407922957,,0.060915016645666474,0.1585625323816887,,101.65096838045831,201758,89,50,U072,4,Romantic
TRK0240,Electric Memories,Solar Stories,Solar Horizons,Pop,2008,Hindi,0.6444459281259471,0.5860475952853267,-6.435555082972699,0.0858089354194563,0.21959268794429188,0.08160795053552103,,0.9303411317059618,120.04853264716029,238885,100,55,U076,4,Happy
TRK0084,Summer Memories,Solar Stories,Solar Frequency,Pop,2005,Spanish,0.6820313474857439,0.7244331375840194,-8.279086079488978,0.12978839800822461,0.21763151950710496,0.13772220452571787,0.013967165694452235,0.9080798717133887,121.60533776484596,185366,74,44,U005,4,
TRK0128,Hidden Sun,,Midnight Sessions,Latin,2023,English,0.7332023686675708,0.6916595885767873,-6.64363749477805,0.09877967879142996,0.21994124998100556,0.055181506310215754,0.23731347652432094,0.8999601217246539,121.2524035577053,264567,81,,U130,4,Party
TRK0278,Slow Fire,Crimson Hearts,Crimson Frequency,K-Pop,2012,English,0.6922459987093101,0.7211008090929482,-6.206674391504312,0.16014673066590326,0.23582662070613486,0.07955381196102415,0.16236699611952238,0.943378353627252,110.76064273343943,,71,46,U086,,Party
TRK0143,Silent Sky,Echo Riders,Echo Sessions,Rock,2019,Japanese,0.4308459173842834,0.8153309946120195,-2.89308394572523,0.0875536496316076,0.20711014123288957,0.14510470327862451,0.29356235006965353,0.6457579142296029,111.49187445777794,230858,97,32,U076,4,Motivational
TRK0356,Gravity Hearts,Midnight Bloom,Midnight Collection,Pop,2016,English,,0.6537982853253361,-7.180192765719566,0.0057987960415999545,0.043308845814802314,,0.11920964071274189,0.8922022185488249,128.8195749477698,262797,100,53,U069,4,Motivational
TRK0195,Velvet Lights,Indigo Waves,Indigo Frequency,Pop,2015,English,0.5777948233859866,0.5904835291698167,-7.2250448090205435,0.016873254711092932,0.09756162550244538,0.13561144416442608,0.028875418381054285,0.777869768257945,,225151,73,21,U109,3,Romantic
TRK0360,Broken Hearts,Crimson Signals,Crimson Frequency,Rock,2021,English,0.4851397854317092,0.7917747507211181,-6.479237155809347,0.056094169336048855,0.2767970295374481,0.043708325100664636,0.19368284531379665,0.5700589443162052,133.30966979260202,279581,100,39,U129,4,Romantic
TRK0008,Neon Waves,Aurora District,Aurora Sessions,R&B,2018,English,0.6660644372526975,0.5219013349772066,-8.0791652331208,0.10989985077872944,0.3232905973267789,0.13584018432413575,0.15498097414046566,0.8672179362160537,91.01841559007528,214678,72,48,U001,5,Romantic
TRK0296,Falling Shadows,Golden Heights,Golden Sessions,Pop,2024,French,0.7830612362483332,0.6493851912959683,-7.1223846272273095,0.05553958614832394,0.08195480069500877,0.23190826976548218,0.0,0.8065350336723476,126.93476912700878,191862,84,31,U087,3,Happy
TRK0165,Paper Rain,Nova Heaven,Nova Frequency,Country,2024,English,0.5845630314343885,0.6190314377872316,-9.617284513014354,0.07857446591004755,0.2945118020296121,0.1229888795931843,0.2530299751483182,0.7516848696181704,111.17576709511268,248392,43,47,U131,5,Happy
TRK0039,Slow Rhythm,Golden Heights,Golden Stories,Pop,2019,English,0.7671136293399929,0.663767696090173,-7.602662898388932,0.13131891879115035,0.0,0.0,0.2327655896508326,1.0,114.21436131775793,178021,87,51,U023,4,Romantic
TRK0306,Midnight Rhythm,Indigo Pulse,Indigo Collection,Rock,2023,Spanish,,0.9354104200511719,-5.4318838002915335,0.031134170449702812,0.0,0.0,0.10665993647206827,0.781377934100168,123.517147071917,274993,83,29,U120,4,Happy
TRK0351,Falling Promises,Royal Heights,Royal Sessions,Pop,2020,,0.8348495298580351,0.6501977227180674,-6.863115499785232,0.031847580352517287,0.08315156943847524,0.060494293848697,0.0,1.0,121.78423525995082,219690,100,58,U139,5,Motivational
TRK0354,,Royal Riders,Royal Sessions,Indie,2008,English,0.6917834400549722,0.5999642595272116,-8.652790030333891,0.006729557399517673,0.33301072880997795,0.05706423458867871,0.0792277119307721,0.8945081517984762,119.73140642690423,253321,93,30,U039,3,Motivational
TRK0265,Velvet Rain,Crimson Signals,Crimson Diaries,Rock,2019,English,0.48290395715052914,0.7982374859699318,-8.711620149977094,0.10048028679430646,0.09610078602867209,0.0011300386526435016,0.15077709370191628,0.7195147139731075,120.5235115831932,166392,92,35,U087,3,Energetic
TRK0310,Paper Shadows,Static Bloom,Static Frequency,Jazz,2020,Japanese,0.5847851626300125,0.3894984455007285,-11.302362891120836,0.05126407143303402,0.48323122417232167,0.3262412438621992,0.2797192413529824,0.6839860531122558,99.58576998463086,209265,62,39,U095,4,Happy
TRK0233,Velvet Sky,Wild Circuit,Wild Diaries,Classical,2014,,0.3648742349822743,0.23283784478405428,-14.186854533420584,0.03825039962992895,0.9080945516133593,0.7807786293377045,0.1671164659207673,0.499938862906362,80.93253355183563,219635,69,37,U073,3,Melancholic
TRK0189,Broken Paradise,Neon Waves,Neon Stories,Pop,2024,Korean,0.6534938279638377,0.7677373840137277,-7.737758600123308,,0.0,0.15284788107917308,0.07404597252268932,1.0,123.74662659102579,,88,31,U145,2,Party
TRK0203,Falling Memories,Neon Waves,Neon Stories,Pop,2006,Hindi,0.7365515462016762,0.7742325610913118,-5.685180522798339,0.08277577005289631,0.14561684580492817,0.04097536481830818,0.07283038182736075,0.8054210109744,119.26541790949054,236706,42,47,U027,5,Motivational
TRK0062,Hidden Paradise,Royal Riders,Royal Frequency,Indie,2012,English,0.6433910377733743,0.6161171556513396,-7.743396560803975,0.08015356589909854,0.3085817950320783,0.18648299586618844,0.17651898224208762,0.5483026569351099,127.78019566426005,219347,48,14,U119,3,Romantic
TRK0006,Broken Shadows,Velvet Dream,Velvet Stories,Pop,2009,Japanese,0.6730597659797276,0.6893894121804237,-6.454935772771638,0.09009390292134749,0.16381178143562777,0.026532629692620418,0.09036911815690923,0.8078321674210557,104.34216571104211,191235,55,40,U027,5,Energetic
TRK0232,Neon Lights,Royal Heights,Royal Sessions,Pop,2006,English,0.8039201355152263,0.7164885486810024,-7.3334612426205625,0.03630626692085871,0.07195576683415142,0.057306893393484507,0.18880413445232333,0.5535966745325471,111.59323883611256,244011,69,,U013,3,Energetic
TRK0356,Gravity Hearts,Midnight Bloom,Midnight Collection,Pop,2016,English,0.8126376747833246,0.6537982853253361,-7.180192765719566,0.0057987960415999545,0.043308845814802314,0.0,0.11920964071274189,0.8922022185488249,128.8195749477698,262797,100,54,U102,4,Motivational
TRK0165,Paper Rain,Nova Heaven,Nova Frequency,Country,2024,English,0.5845630314343885,0.6190314377872316,-9.617284513014354,0.07857446591004755,0.2945118020296121,0.1229888795931843,0.2530299751483182,0.7516848696181704,111.17576709511268,248392,43,26,U108,4,Happy
TRK0333,Velvet Echoes,Velvet Bloom,,,2012,English,0.26439793101132103,0.3883126426371508,-11.046030335027721,0.08046539823149994,0.6892141840785073,0.3028090666622137,0.03557959028912039,0.4300135827240473,75.22279914553619,245218,,63,U051,5,Melancholic
TRK0069,Higher Motion,Velvet Lines,Velvet Sessions,K-Pop,2025,Korean,0.7952034471802925,0.7198244183459586,-6.100146011309549,0.08013988475835365,0.0,0.0,0.1171076977439345,0.8576897912691505,134.96809621333085,236849,93,45,U005,4,Energetic
TRK0045,Afterglow Shadows,Echo Riders,Echo Diaries,Rock,2025,French,0.3303361310096673,0.6995242529818426,-4.808012600990078,0.06271641423136834,0.19278881368830159,0.0,0.11163248873106316,0.6934291647637784,126.65905844221122,254667,87,42,U119,4,Happy
TRK0312,Afterglow Memories,Golden Pulse,Golden Sessions,K-Pop,2022,Korean,,0.7950776186601707,-5.460340647467796,0.1540921883967725,0.12313930898538773,0.11264535326096548,0.1160102156529213,0.800179260276653,127.15805413778348,243632,68,41,U064,4,Energetic
TRK0070,Summer Roads,Electric Lines,Electric Diaries,Classical,,English,0.37884442493182524,0.30776452329748943,-13.84203302640164,0.026004159852937456,0.7434478823664472,0.9662242885416306,0.0,0.16659192084399754,78.22110120101343,229313,94,31,U072,3,Relaxing
TRK0163,Distant Dreams,Urban Motion,Urban Frequency,R&B,2015,English,0.6477439017201253,0.6201276640212925,-8.479075737842237,0.0877880578180724,0.17359451322678637,0.0,0.17837437961068142,0.8838120672785967,98.2868718227558,252922,81,59,U099,5,Happy
TRK0211,Falling Rain,Crimson Garden,Crimson Nights,Pop,2026,Japanese,0.8661799167547305,0.6603957869327228,-6.835223500767991,0.027557803403377476,0.07797595100993898,0.10501874283624439,0.1271274429172309,0.6883525801369106,106.88570395968881,194633,100,40,U103,3,Happy
TRK0269,Midnight Memories,Indigo Parade,Indigo Sessions,Hip-Hop,2013,English,0.7517674321807266,0.8322457220986049,-7.403165452923421,0.25101493277093956,0.03458291172253394,0.0,0.24998368143847388,0.6958031343601793,107.65503158854276,215416,78,26,U041,3,Party
TRK0282,Velvet Echoes,Velvet Lines,Velvet Diaries,K-Pop,2026,English,0.6597261987851413,1.0,-5.090941511810036,0.030230677279735108,0.03580820178252286,0.030326276785038454,0.18922876721339243,1.0,128.1084134502337,222189,100,28,U085,3,Happy
TRK0140,Distant Colours,Blue Stories,Blue Frequency,Country,2019,Spanish,0.6063009247714516,0.6518491792657528,-5.751535923935423,0.08369528511816346,,0.07904056819824595,0.24990365376722526,0.870738584281841,,273622,100,28,U058,3,Romantic
TRK0037,Gravity Memories,Sapphire Signals,Sapphire Collection,Indie,2026,English,0.6049036122306941,0.7701427996308533,-9.67168257892256,0.0,0.28522220339821375,0.056463379054280276,0.20688209014275513,0.7233675063392037,104.35244551732578,252214,84,,U035,3,Happy
TRK0008,Neon Waves,Aurora District,Aurora Sessions,R&B,2018,English,0.6660644372526975,0.5219013349772066,-8.0791652331208,0.10989985077872944,0.3232905973267789,0.13584018432413575,0.15498097414046566,0.8672179362160537,91.01841559007528,214678,72,19,U044,3,Romantic
TRK0275,Velvet Fire,Blue Hearts,Blue Collection,Indie,2007,English,0.449233310161506,0.6390332596429159,-8.924149209856617,0.12207071200529417,0.4182710627354647,0.021022319186143668,0.08580422134527854,0.7209574107395091,114.4864738489624,228306,93,56,U027,5,Romantic
TRK0020,Gravity Dreams,Urban Bloom,Urban Collection,Hip-Hop,2021,English,,0.8054937648801928,-7.1994038496010715,0.2429945617136642,0.0,0.12895839345948532,0.0675187463819594,0.8030758320588216,99.75719801316163,277479,100,35,U002,3,Motivational
TRK0291,Electric Sun,Sapphire Dream,Sapphire Stories,Pop,2026,English,0.7568010036494518,0.6201726314656019,-5.967777772621313,0.0025850346258378953,0.265666796591837,0.06656721048100923,0.0,0.7741243694036452,122.03417203936756,228430,100,64,U062,5,Happy
TRK0240,Electric Memories,Solar Stories,Solar Horizons,Pop,2008,Hindi,0.6444459281259471,0.5860475952853267,-6.435555082972699,0.0858089354194563,0.21959268794429188,0.08160795053552103,0.13460547073113582,0.9303411317059618,120.04853264716029,,100,34,U004,3,Happy
TRK0189,Broken Paradise,Neon Waves,Neon Stories,Pop,2024,Korean,0.6534938279638377,0.7677373840137277,-7.737758600123308,0.152179420610806,0.0,0.15284788107917308,0.07404597252268932,1.0,123.74662659102579,207487,88,66,U078,5,Party
TRK0400,Starlight Sun,Urban Bloom,Urban Diaries,Hip-Hop,2017,,0.7664468926102672,0.7781451581507699,-7.209084259584893,0.21960623697140688,0.03004608935652041,0.0322609742710931,0.028177630426590453,0.7581553867555282,97.2641675366872,279918,96,43,U072,4,Energetic
TRK0226,Afterglow Fire,Sapphire Garden,Sapphire Sessions,Electronic,2010,English,0.7749525927218578,0.7485004972599811,-7.633720803954731,0.02484640382338473,0.06241596171224914,0.10302902712168918,0.14749996224743026,0.8785151326196182,121.6411905930362,230159,89,37,U136,4,Motivational
TRK0215,Broken Sky,Royal Heights,,Pop,2018,Hindi,0.6472632259340868,0.6854460829834439,-7.418383584577652,0.0,0.005700894417056748,,0.14693063202096637,0.6801654107029175,105.45885623796437,236325,100,38,U036,4,Energetic
TRK0356,Gravity Hearts,,Midnight Collection,Pop,2016,English,0.8126376747833246,0.6537982853253361,-7.180192765719566,0.0057987960415999545,0.043308845814802314,0.0,0.11920964071274189,0.8922022185488249,128.8195749477698,262797,100,29,U080,3,Motivational
TRK0383,Wild Hearts,Echo Heaven,Echo Stories,Pop,2021,Hindi,0.7077323778885279,0.6862118414376621,-6.149036075567393,0.14403997006890829,0.19515136347089404,0.0,0.15943791863639228,1.0,122.77270599564066,200125,99,56,U048,5,
TRK0281,Neon Roads,Paper Dream,Paper Diaries,Electronic,2026,English,0.8542604959235293,0.8525376246807856,-6.4972773372031325,,0.0,0.13896404990223882,0.08594866148283876,0.9804413135929296,,226172,100,40,U067,3,Motivational
TRK0307,Falling Rhythm,Aurora District,Aurora Diaries,R&B,2017,Korean,0.7724742746547967,,-7.0532069915281586,0.13692696827489453,0.31870222135244286,0.04659808453483054,0.2009727783871929,0.5524490039251401,105.46714739881419,210542,54,20,U094,3,Relaxing
TRK0210,Afterglow Stories,Urban Parade,Urban Nights,Pop,2013,English,0.6915900994639217,0.866148677022207,-4.122841608758671,0.07209309265966336,0.08245992989422063,0.0,0.19742044040519502,0.8068276995096823,117.12153195816751,270078,,36,U107,4,Motivational
TRK0023,Falling Fire,Aurora Harbor,Aurora Sessions,Hip-Hop,2016,French,0.8599824246910295,0.6497273587947006,-7.460828759999391,0.3066654996446538,0.0,0.0,0.16416143342818354,0.8010529977957789,99.03731882640578,282526,100,55,U022,5,Romantic
TRK0101,Paper Stories,Blue Stories,Blue Sessions,Country,2001,English,0.42078941645270074,0.5475085662487479,-8.94047690604726,0.09262921662822476,0.39643345514876116,0.0,0.1345378112820158,0.833548014750311,115.80300424717836,221713,63,35,U100,4,Romantic
TRK0015,Electric Fire,Electric Lines,Electric Frequency,,2007,English,0.28156050035903407,0.3864169509696995,-14.525649752383233,0.0005634101969491552,,,0.025630991169830586,0.3426785330970043,76.7313680392048,229200,34,19,U069,4,Melancholic
TRK0248,Distant Hearts,Sapphire Garden,Sapphire Frequency,Electronic,2024,English,0.8388735622881146,0.8358608237928283,-6.188490456168153,0.10785790178031868,0.0,0.057159222130313436,0.17270019785652535,0.8799316757830565,117.49506036278039,237607,95,41,U042,3,Energetic
TRK0249,Ocean Waves,Lunar Stories,Lunar Diaries,,2016,English,0.6384201701491125,,-10.548467924596611,0.21835875002216365,0.026588963251936375,0.0,0.22753741376386322,0.7706901319276909,99.05368896107139,227741,100,27,U013,3,Motivational
TRK0041,Distant Rain,Midnight Motion,Midnight Frequency,Rock,2020,English,,0.9335615981807674,-6.247865250601619,0.0,0.08621632557056333,0.0,0.16603613429352823,0.6872129524827117,116.05820624458737,187005,94,29,U083,,Motivational
TRK0382,,Echo Signals,Echo Sessions,R&B,2009,English,,0.5036180139503191,-9.024866051125407,0.12147037920457618,0.15736357546214824,0.0,0.13360881943274716,0.5810341394121441,103.68469595192606,273843,71,18,U075,3,Energetic
TRK0038,Electric Rhythm,Golden Pulse,Golden Sessions,K-Pop,2023,Korean,0.5914402682615192,0.8062831666589225,-7.622320162032512,0.09058742502147185,0.0,0.06463221475430637,0.07353807669848392,0.7305113373286172,127.80480859174303,247732,80,36,U118,3,Happy
TRK0119,Paper Lights,Electric Bloom,Electric Frequency,Country,2017,English,0.5022725815990722,0.49092244973060745,-10.496774733226783,0.044267208687866905,0.29829775096314276,0.0,0.1434226470406279,0.5071869530819308,104.64654980141896,206434,65,21,U056,2,Energetic
TRK0312,Afterglow Memories,Golden Pulse,,,2022,Korean,0.7365034006502154,0.7950776186601707,-5.460340647467796,,0.12313930898538773,,0.1160102156529213,0.800179260276653,127.15805413778348,243632,68,33,U062,4,Energetic
TRK0252,Wild Signals,Lunar Harbor,Lunar Diaries,,2011,English,0.7946846810634294,0.7107290797394782,-5.755736324543652,0.056306042372959345,0.07332695033187117,0.0,0.19120241433341437,0.756251664507334,120.95911073781265,236617,62,34,U050,4,Party
TRK0262,Paper Stories,Wild Harbor,Wild Sessions,Electronic,2013,English,0.8213847385812238,0.8005791642389477,,0.021043581860320557,0.13206388593777824,0.14068406750732895,0.19157610985926754,0.7893026413895854,118.28270589419806,291701,79,42,U145,4,Motivational
TRK0183,Hidden Paradise,Lunar Heights,Lunar Diaries,Electronic,2022,Korean,0.7740957782694945,1.0,-6.5724754434969475,0.02550921746110489,0.0,0.35310246715580706,0.21736133008325284,0.8061382127205055,136.54218157498795,262006,100,45,U002,4,Happy
TRK0229,,Solar Theory,,R&B,2024,English,0.8199346930553539,0.6271010589627435,-8.736875650011106,0.09199190999144412,0.25052554901808954,0.02231049182624331,0.09522927080444062,0.7191887488137937,91.93167440843408,248947,63,14,U012,3,Romantic
TRK0022,Paper Sky,Blue District,Blue Sessions,Classical,,English,0.19088965748088943,0.3084039834216243,-15.782701329079858,0.0964177071624079,,0.8826411169102876,0.06003394369347438,0.4508749884753946,91.12383219923667,235754,90,33,U115,3,Focus
TRK0050,Wild Lights,,Royal Collection,Indie,2026,English,0.5667771343468827,,-8.928780652945349,0.05977540376647361,0.3416257849223505,0.056373167684469455,0.1677019370478929,0.603719417221595,109.24620764753564,244842,85,62,U150,5,Relaxing
TRK0134,Summer Sky,Velvet Bloom,Velvet Diaries,Lo-Fi,2005,Hindi,0.43781947759466666,0.2747965565877155,-9.722498995356236,0.06470422933346098,0.7196342493541077,0.2288560761412004,0.04005985760682913,0.4564958579224679,82.70600546603355,169803,62,48,U080,4,Melancholic
TRK0349,Golden City,Indigo Waves,Indigo Stories,Pop,2025,English,0.7352300372547319,0.7755620398189181,-6.753213029657155,0.21309390199705813,0.10206724858740393,0.04973493470771083,0.0002672365298707069,0.7778388925620907,128.31245205168224,195734,58,56,U086,4,Happy
TRK0092,Golden Waves,Wild Stories,Wild Diaries,Jazz,2015,Hindi,0.5322797464093248,0.33456224212861846,-9.431940846024883,0.0268334419432031,0.42322303938646516,0.2798619631171286,0.3227602710212387,0.5698038446488887,104.87456321157413,249610,43,18,U150,3,Romantic
TRK0118,Midnight Rain,Aurora Heights,Aurora Frequency,Jazz,2010,Hindi,0.30784954694513617,0.4835715858228656,-9.90540776138215,0.0263422101300905,0.40365990247098704,,0.290635764060097,0.6035733710919362,95.05028471633462,221030,57,23,U017,3,Relaxing
TRK0194,Golden Paradise,Lunar Stories,Lunar Frequency,Hip-Hop,2024,English,0.8376807698865146,0.5809041460537996,-6.481582540184175,0.24797039235022636,0.13300246248846065,0.08130257615370738,0.08090613918241793,0.5231875346996698,92.2171288613433,256082,100,31,U101,3,Energetic
TRK0281,Neon Roads,Paper Dream,Paper Diaries,Electronic,2026,English,0.8542604959235293,0.8525376246807856,-6.4972773372031325,0.08508284507371303,0.0,0.13896404990223882,0.08594866148283876,0.9804413135929296,115.21658655302235,226172,100,49,U086,,Motivational
TRK0233,Velvet Sky,Wild Circuit,Wild Diaries,Classical,2014,English,0.3648742349822743,0.23283784478405428,-14.186854533420584,0.03825039962992895,0.9080945516133593,0.7807786293377045,0.1671164659207673,0.499938862906362,80.93253355183563,219635,69,35,U149,4,Melancholic
TRK0019,Hidden Rhythm,Aurora District,Aurora Frequency,R&B,2016,Korean,,0.5939275374232614,-10.186283526704516,0.11475979676713494,0.3514637169256271,0.0,0.1904679609588732,0.6814898097210028,101.11831829471814,201035,77,25,U146,3,Motivational
TRK0108,Higher Colours,Static Lines,Static Sessions,Indie,2026,English,0.5870419127327289,0.4959024496852733,-9.4454197642421,0.02164628703849488,0.25477621862393973,0.0002888945725526143,0.13990009350358215,0.5358141509840348,121.17555241838016,206810,100,38,U054,3,Relaxing
TRK0198,Gravity Rain,Urban Lines,Urban Sessions,Rock,2024,English,0.5913659706741299,0.7710991123513987,-6.035252544259958,0.06162107841487521,0.15598036240479027,0.08929370384649808,0.13093330150326937,0.5371099833711235,134.24527612496513,243607,100,44,U016,4,Relaxing
TRK0032,Electric Colours,Solar Pulse,Solar Diaries,Latin,2021,Spanish,0.8265080209500306,0.6311407534680078,-7.743365774833139,0.09447648628570823,0.1556530444017342,0.11464591660918148,0.20412516583652365,0.9733586563005454,108.56013304417405,266395,100,36,U026,3,Happy
TRK0290,Slow Sky,Paper Sound,Paper Frequency,Indie,2009,English,0.4051481970516476,0.6342628152950959,-7.796823602286155,0.07273703821697468,0.2009386383282416,0.278588676120838,0.10738043642982495,0.684471612891686,123.34901951485341,205402,64,41,U043,,Happy
TRK0209,Paper Shadows,Lunar Circuit,Lunar Sessions,R&B,2026,Spanish,0.6784665005192664,0.712904721892063,-8.895414890373532,0.22665013539697726,0.20197718118962601,0.07828064340272992,0.16675671817808185,0.9430332900428288,109.73363012176179,185608,100,47,U105,3,Motivational
TRK0152,Electric Stories,Velvet Bloom,,Lo-Fi,2011,English,0.44641752533340445,0.31007759126344436,-12.166953827815364,0.04481972635042623,0.7275865633947567,0.4605322799669501,0.10984248288470898,0.5460557050336521,76.23702829881739,253596,60,35,U128,,Melancholic
TRK0129,Neon Hearts,Wild Circuit,Wild Diaries,Classical,2005,English,0.32718742923698285,,-14.632095875661097,0.0930396837140835,,0.7045422814505911,,0.42713903450423396,85.88263341233512,259505,,46,U126,4,Melancholic
TRK0129,Neon Hearts,Wild Circuit,Wild Diaries,Classical,2005,English,0.32718742923698285,0.2641259425072853,-14.632095875661097,0.0930396837140835,0.6435761722607447,0.7045422814505911,0.11479705325337873,,85.88263341233512,259505,67,42,U045,4,Melancholic
TRK0118,Midnight Rain,Aurora Heights,Aurora Frequency,Jazz,2010,Hindi,0.30784954694513617,0.4835715858228656,-9.90540776138215,0.0263422101300905,0.40365990247098704,0.23864355613693455,,0.6035733710919362,95.05028471633462,221030,57,49,U094,5,Relaxing
TRK0266,Hidden Fire,Crimson Garden,Crimson Frequency,Pop,2007,French,0.6449302063495839,0.757187067967636,-7.263571936621392,0.04984601147005928,0.2846068033850083,0.08370693005737223,0.1437296157332378,0.7696747053149479,114.08683267842032,165765,91,47,U041,4,
TRK0382,Gravity Echoes,Echo Signals,Echo Sessions,R&B,2009,English,0.5785610346949284,0.5036180139503191,-9.024866051125407,0.12147037920457618,0.15736357546214824,0.0,0.13360881943274716,0.5810341394121441,103.68469595192606,273843,71,37,U013,5,Energetic
TRK0128,Hidden Sun,Midnight Sound,Midnight Sessions,Latin,2023,English,0.7332023686675708,0.6916595885767873,,0.09877967879142996,0.21994124998100556,0.055181506310215754,0.23731347652432094,0.8999601217246539,121.2524035577053,264567,81,38,U111,3,Party
TRK0121,Velvet Rain,Sapphire Riders,Sapphire Frequency,R&B,2023,English,0.6593302712174063,0.621754670494283,-5.958831968952131,0.03968397063904583,0.2523751288462215,0.0,0.14520912107600367,0.8943642003247797,105.9356682531527,241674,85,43,U107,4,Motivational
TRK0389,Slow Sky,Royal Heights,Royal Stories,Pop,2026,English,0.7326281137237569,0.6436961034914768,-6.9969502871483344,0.0,0.1712519232465236,0.06947260067388616,0.11597117362738567,0.7756447544303136,109.99740965342735,260718,76,54,U002,4,Happy
TRK0344,Sunday Colours,Sapphire Sound,Sapphire Diaries,Rock,2021,Spanish,0.5163887003821573,0.8817316624309044,-6.508816347514161,0.0,0.1633786027419979,0.23131325221882937,,0.46840318081344146,116.80681967877611,210478,56,48,U095,5,Focus
TRK0220,Distant Rhythm,Silver Skies,Silver Frequency,Pop,2026,English,0.865817080747911,0.7427664668399292,-5.904380339320048,0.0,0.2376762062457382,0.12241929575775687,0.11727629756496477,0.9101229955168066,112.51753459426095,217892,92,37,U024,2,Motivational
TRK0073,Golden Waves,Paper Dream,Paper Sessions,,2012,,0.7789361323381807,0.7058591581675298,-7.251859770994836,0.07644136839286954,0.07659343906735634,0.11356055416229377,0.2672245223420737,0.9187569613804677,120.08465444131492,262854,100,54,U048,4,Energetic
TRK0127,Electric Fire,Urban Parade,Urban Diaries,Pop,2021,,0.6857847109267953,0.5648239028275313,,0.05822971445201193,0.11787080086001953,0.0,0.1175867594475757,0.8152596734541223,98.72429449393793,208947,98,37,U059,3,
TRK0319,Hidden Stories,Static Lines,Static Collection,Indie,2025,English,0.5848924824680156,0.576445291504419,-7.8300908732232966,0.03597134409929516,0.43761417502598093,0.0,0.11208968967440056,0.8877530503769564,110.63803566398714,225797,81,26,U125,3,
TRK0207,Hidden Fire,Silver Hearts,Silver Collection,Rock,2017,Korean,0.3250742823655756,0.7352934602766225,-7.742562514431493,0.0,0.03219690059974667,0.0,0.23086505817050637,0.7260826099791239,119.49836758750234,231189,50,19,U089,3,Happy
TRK0259,Midnight Stories,Indigo Waves,Indigo Collection,Pop,2019,Hindi,0.7840785134252641,0.718821765121364,-7.961764675059078,0.022813375982758365,0.018537762820207096,0.04406700053696589,0.11811309144953548,0.8681763943593139,122.28883154518934,219647,100,33,U128,2,Party
TRK0398,Wild Sun,Crimson Hearts,Crimson Diaries,K-Pop,2025,Korean,0.8671902956182658,0.8815532311358876,-5.90372513568255,0.1294708284029445,0.14615489143770344,0.07222502589916946,0.21897503096020998,0.6424890605973907,120.89959307391472,228022,100,44,U083,4,Energetic
TRK0040,Midnight Dreams,Silver Skies,Silver Collection,Pop,2021,English,0.7899196731694887,0.9022215666675023,-6.186982901073021,0.054820367706917235,0.057533090559147584,0.08727898575277089,0.0,,117.90961190431005,298267,90,32,U143,3,Party
TRK0079,Wild Rain,Indigo Bloom,Indigo Collection,Electronic,2016,Spanish,0.5629384590204589,0.5944653812172387,-6.251597470084556,0.06272108016528156,0.05370878428000743,0.0,0.15837364024047437,0.9930884856059259,127.06057767662548,244624,80,39,U025,3,
TRK0133,Ocean Echoes,Lunar Harbor,Lunar Horizons,Pop,2006,English,0.6583824915825476,0.6080218568811946,-8.569034326480871,0.05651561211750855,0.0,0.053504236753741316,0.12361888250000302,0.8727212378020274,120.68215546632393,259296,69,31,U071,4,Romantic
TRK0031,,Indigo Waves,Indigo Sessions,Pop,2025,English,0.6913751266444308,0.7337006837988904,-7.269305615259024,0.11209962064593172,,0.0,0.0,0.6718783922522282,129.41640809549463,268645,80,54,U125,5,Party
TRK0100,Sunday Signals,,Neon Sessions,Country,2001,English,0.607506215189234,0.6863824558143748,-9.8447035263667,0.0026153553277598954,0.4122279347167524,0.04951900453792894,0.1898148011606993,0.8478574243291017,99.47397431479283,264978,69,,U020,5,Happy
TRK0362,Slow Waves,Velvet Dream,Velvet Sessions,Pop,2013,English,0.7179905451624203,0.5569181657921383,-8.822817748290701,0.019529527242505354,0.18958064247332085,0.06349355910457373,0.16277428400517602,0.6043221817225677,103.98523899846926,258379,31,24,U003,4,Relaxing
TRK0373,Electric Paradise,Solar Stories,Solar Stories,Pop,2019,Hindi,0.7638816523361697,0.8416583449675807,-8.151378695902254,0.019233396830856994,0.030685143074159607,0.0,0.2598926112322152,0.963564835532798,127.67945399145984,231080,87,48,U135,3,Party
TRK0123,Velvet Hearts,Sapphire Riders,Sapphire Sessions,R&B,,English,0.5495208452389672,0.6859212542204782,-7.915269727759565,0.05000810071529258,0.28656786092893005,0.1112243432525084,0.041482060563646006,0.9070993104047592,108.25919776023672,235375,100,58,U038,4,
TRK0113,Ocean Rhythm,Paper Sound,Paper Frequency,Indie,2016,English,0.48993078162873227,0.5246238267584429,-8.41294590349164,0.08955293124654017,0.2073078237795332,,0.00735900445856974,0.6682659253467892,105.9229108637243,224584,92,40,U149,3,Happy
TRK0036,Starlight Motion,Silver Hearts,,Rock,2011,English,0.334517751474221,0.9038861868696506,-4.45080145731973,0.03863671995636659,0.12787909135954925,0.0,0.1090556637814267,0.6379847403383734,120.68122863162988,260942,100,41,U020,3,Party
TRK0307,Falling Rhythm,Aurora District,Aurora Diaries,R&B,2017,Korean,0.7724742746547967,,-7.0532069915281586,0.13692696827489453,,0.04659808453483054,0.2009727783871929,0.5524490039251401,105.46714739881419,210542,54,47,U004,5,Relaxing
TRK0396,Slow Colours,Royal Heaven,Royal Sessions,Electronic,2017,English,0.7030869782256146,0.9017189063858078,-6.788584533862755,0.01073866258361078,0.0,0.13180097531291235,0.021910704306431522,0.8200602286657633,132.0196230705732,254439,100,32,U066,3,Party
TRK0184,Falling Stories,Royal Riders,Royal Collection,Indie,2025,Japanese,0.6539631204986562,0.8308702542143291,-7.931281667550142,0.031048115780428022,0.3321619864666801,0.21194093394500899,0.11033008822828949,0.6355838652794028,127.92056797514587,,57,42,U092,4,Energetic
TRK0299,Afterglow Lights,Indigo Waves,Indigo Collection,Pop,2012,English,0.7814644048081822,0.8283303587054707,-6.245198817413489,0.04994441997760557,0.0,0.027058957541733795,0.12180391355864939,0.8767309273368145,136.77487776220872,279699,96,30,U041,2,Party
TRK0126,Neon City,Solar Theory,Solar Collection,R&B,2026,English,,0.6816410108734856,-8.406508690054213,0.01854040055109328,0.10793114239215948,0.0,0.028709679650948894,0.9361866170743558,105.10751530730847,250531,,39,U129,3,Happy
TRK0059,Sunday Fire,Royal Sound,Royal Collection,R&B,2021,English,0.5737571219860069,0.5268500967273972,-6.634800523480849,0.07821864407922957,,,0.1585625323816887,0.8665064465752664,101.65096838045831,201758,,30,U150,4,Romantic
TRK0100,Sunday Signals,Neon Harbor,Neon Sessions,Country,2001,English,0.607506215189234,0.6863824558143748,-9.8447035263667,,0.4122279347167524,0.04951900453792894,0.1898148011606993,0.8478574243291017,99.47397431479283,264978,69,19,U062,3,Happy
TRK0038,Electric Rhythm,Golden Pulse,Golden Sessions,K-Pop,2023,Korean,0.5914402682615192,0.8062831666589225,-7.622320162032512,0.09058742502147185,0.0,0.06463221475430637,,0.7305113373286172,,247732,80,35,U140,,Happy
TRK0350,Broken Fire,Urban Lines,Urban Frequency,Rock,2004,English,0.5461275108883045,0.676175952802977,,0.08445629866514491,0.23209047991837733,0.12156155717517193,0.2357577896167923,0.7218649570506154,132.7904178640542,178318,44,18,U058,2,Happy
TRK0050,Wild Lights,Royal Riders,Royal Collection,Indie,2026,English,0.5667771343468827,0.48471575448924237,-8.928780652945349,0.05977540376647361,0.3416257849223505,0.056373167684469455,0.1677019370478929,0.603719417221595,109.24620764753564,244842,85,43,U130,4,
TRK0059,Sunday Fire,Royal Sound,Royal Collection,R&B,2021,English,0.5737571219860069,0.5268500967273972,-6.634800523480849,0.07821864407922957,,0.060915016645666474,0.1585625323816887,0.8665064465752664,101.65096838045831,201758,89,37,U109,4,Romantic
TRK0089,Summer Echoes,Urban Lines,Urban Sessions,Rock,2016,English,0.7125779791881685,1.0,-6.027878745544469,0.02330509168083384,0.04744549884804684,0.09573437473245824,0.182634310602439,0.6882368616443547,142.43745000567233,235633,100,52,U102,4,Energetic
TRK0241,Hidden Roads,Lunar Harbor,Lunar Frequency,Pop,2019,Hindi,0.8437050541842469,0.726373397417053,-5.351381059213035,0.0,0.08728985482916216,0.024719494272472595,0.0691103939314857,1.0,117.86605989974571,225643,94,39,U127,4,Energetic
TRK0204,Ocean Shadows,Echo Heaven,Echo Stories,Pop,2021,Korean,0.5571957786048789,0.6279636634759189,-6.299171722970096,0.14593988677689873,0.18285718429236375,0.0,,0.8232610669557565,118.34018388752752,254514,74,47,U117,4,Happy
TRK0275,Velvet Fire,Blue Hearts,Blue Collection,,2007,English,0.449233310161506,0.6390332596429159,-8.924149209856617,0.12207071200529417,0.4182710627354647,0.021022319186143668,0.08580422134527854,0.7209574107395091,114.4864738489624,228306,93,30,U138,3,Romantic
TRK0345,Gravity City,Blue District,Blue Frequency,Classical,2023,French,0.19518408751562968,0.24076904314034886,-16.427454281362593,0.015048202967081665,0.7518462122361907,0.812059380746438,0.12652138384141218,0.38421788959237807,79.44678606897986,237880,98,65,U071,,Focus
TRK0370,Golden Waves,Indigo Waves,Indigo Horizons,Pop,2021,English,0.7553750478372494,0.7668031030271234,-5.936460406614243,0.018114307813031645,0.0,0.0,0.026749797101584788,0.9348259022789268,121.3224472787169,242543,49,16,U014,3,Happy
TRK0341,Sunday Shadows,Wild Circuit,Wild Sessions,Classical,2014,English,0.2312600779096016,0.17598706680265336,-14.203112789366847,0.03766524468630546,0.8523497582733146,0.8445490661420738,0.1322802473951885,0.3823940206083471,79.08402583170435,204295,77,42,U083,4,Relaxing
TRK0317,,Crimson Waves,,Hip-Hop,2021,English,0.8170200903912092,0.8613897336550631,-5.551470948737601,0.24320825760738465,0.0,,0.1346258193657809,0.7519394256600107,98.29418391283079,210056,70,34,U105,4,Party
TRK0110,Broken City,Static Pulse,Static Diaries,R&B,2020,English,0.5241664434417754,0.5778302044768526,,0.08646559368189694,0.0,,0.10708861988214832,0.7043950291604453,96.85968166375224,225823,86,61,U072,5,Happy
TRK0115,Neon Memories,,Indigo Stories,Pop,2024,English,0.6583807260009306,0.5771022882350313,-8.646060430646314,0.0,0.1837306043133492,0.21926451463961202,0.2197730260429214,0.6231481738496301,121.95537169597507,282751,83,53,U129,5,Romantic
TRK0164,Neon Promises,Urban Parade,Urban Collection,Pop,2021,Korean,0.6978403830001897,0.7840672283006523,-7.575936964480379,,0.10002883448718573,0.0,0.10321602909744856,0.9756979109221184,103.98290517853954,197555,76,52,U076,4,Happy
TRK0353,Electric Motion,Echo Signals,Echo Frequency,R&B,2017,English,0.7435992804925224,0.5513127542060491,-9.079638319818791,0.16186369074537946,0.29650350435819334,0.05246534145823964,0.09902314741228174,0.8443855206585628,93.02307429929324,248097,100,34,U079,3,Happy
TRK0121,Velvet Rain,Sapphire Riders,Sapphire Frequency,R&B,2023,,0.6593302712174063,0.621754670494283,-5.958831968952131,0.03968397063904583,0.2523751288462215,0.0,0.14520912107600367,0.8943642003247797,105.9356682531527,241674,85,42,U013,4,Motivational
TRK0392,Broken Roads,,Golden Nights,Pop,2022,English,0.7404939323653574,0.7007146991658537,-5.214609230284262,0.11341057273736278,0.0,0.14421386186275806,0.10163798320933033,0.7394408869078635,119.58754649445743,233511,100,47,U140,4,Motivational
TRK0252,Wild Signals,Lunar Harbor,Lunar Diaries,Pop,2011,English,0.7946846810634294,0.7107290797394782,-5.755736324543652,0.056306042372959345,0.07332695033187117,0.0,0.19120241433341437,0.756251664507334,120.95911073781265,236617,62,39,U044,4,Party
TRK0233,Velvet Sky,Wild Circuit,Wild Diaries,Classical,2014,English,0.3648742349822743,0.23283784478405428,-14.186854533420584,0.03825039962992895,0.9080945516133593,0.7807786293377045,0.1671164659207673,0.499938862906362,80.93253355183563,219635,69,36,U100,3,Melancholic
TRK0188,Falling Sun,Wild Stories,Wild Sessions,Jazz,2023,Japanese,0.414282359622257,0.40776654179528693,-12.137125489023383,0.023353709314204864,0.5758709727462908,0.31094544667388563,0.15238379175433725,0.5396614996049235,103.48719867548111,216295,,34,U112,3,Melancholic
TRK0061,Hidden Waves,,Wild Sessions,Indie,2020,English,0.43957309019092505,0.5946868864973889,-8.579083051872368,0.02827444285739099,0.435693134562286,0.27149676452365157,0.2756059038220251,0.7919908745733164,115.04242984441936,244751,100,43,U128,3,Motivational
TRK0107,Silent Waves,Lunar District,Lunar Diaries,Rock,2015,English,0.5306583154190254,0.7146022939348073,-5.710719504259139,0.015140666468207171,0.05654808759006977,0.07703671076971916,0.15557768061889057,0.7788295200320834,120.22295391691496,219345,71,33,U009,,Happy
TRK0351,Falling Promises,Royal Heights,Royal Sessions,Pop,2020,,0.8348495298580351,0.6501977227180674,-6.863115499785232,0.031847580352517287,0.08315156943847524,0.060494293848697,0.0,1.0,121.78423525995082,219690,100,31,U052,3,Motivational
TRK0197,Velvet Promises,Midnight Dream,Midnight Diaries,Lo-Fi,2018,Japanese,0.2655879548832475,0.2968543726689101,-12.779811451269245,0.0,0.6381028068828634,0.37536880947441514,0.008306971726649681,0.3911312290714093,93.73178105499618,196019,91,30,U135,3,Focus
TRK0322,Distant Signals,Lunar Harbor,,Pop,2013,English,0.7323309404442458,0.660704085936643,-7.645994554894629,0.15889044030304866,0.0,0.058287113537147106,,0.9338588764663796,119.79801117845017,252139,68,38,U101,4,Happy
TRK0341,,Wild Circuit,,Classical,2014,English,0.2312600779096016,0.17598706680265336,-14.203112789366847,0.03766524468630546,0.8523497582733146,0.8445490661420738,0.1322802473951885,0.3823940206083471,79.08402583170435,204295,77,37,U006,4,Relaxing
TRK0384,Afterglow Motion,Blue District,Blue Sessions,Classical,2011,,0.3986150645860495,0.3164649109869452,-14.531648235510028,0.0,0.554854062041623,0.6503573428518936,0.10783714690110646,0.5129176884451836,,281934,60,38,U013,4,Relaxing
TRK0011,Summer Hearts,Lunar Stories,Lunar Diaries,Hip-Hop,2024,English,0.7443362102341909,0.7124154252063586,-7.9084989588961925,0.2600732490666936,0.009011800941158978,0.0,0.06054436979762663,0.7188256146228792,112.51896142937885,244984,91,26,U036,3,Energetic
TRK0284,Paper Paradise,Sapphire Riders,Sapphire Frequency,R&B,2019,English,0.59553720668084,0.6856547922432635,-7.290827047244499,0.07983717696359884,,0.029844820813237572,0.06926863439157083,0.7332028708476079,98.01672784518995,207028,59,35,U148,3,Party
TRK0393,Silent Motion,Wild Stories,Wild Frequency,Jazz,2025,English,0.6419463472814954,0.5202680039826147,-9.528014230380114,0.13576274279396133,0.44847822551387234,0.3481724741858534,,0.7415937581060065,109.28861360435265,218759,100,64,U019,5,Happy
TRK0018,Sunday Rhythm,Echo Heaven,Echo Sessions,Pop,2026,English,0.768014340339161,0.5549908462571129,-6.322101283358844,0.09044891521964633,0.0023580300076986443,0.0,0.13846020430495637,0.8332435108849815,113.48749320742824,236653,93,38,U144,4,Happy
TRK0254,Summer Echoes,Crimson Garden,Crimson Collection,Pop,2014,English,0.8538196132938654,0.8281729744753916,-6.068266458042872,0.010075985797413263,0.0,0.07332520212137635,0.025817023144697387,0.8404632787252565,122.35579818662029,203596,67,25,U099,3,Party
TRK0275,Velvet Fire,Blue Hearts,,Indie,2007,English,0.449233310161506,0.6390332596429159,-8.924149209856617,0.12207071200529417,0.4182710627354647,0.021022319186143668,0.08580422134527854,0.7209574107395091,114.4864738489624,228306,,60,U134,5,Romantic
TRK0156,Broken Rhythm,Velvet Dream,,Pop,2026,French,0.7699788104295798,0.5613747641212603,-7.5457557136237865,0.05048676316806156,0.0,0.0589037590433763,0.09339733564654629,0.5976222359819389,122.63716618801293,285920,,51,U001,4,Focus
TRK0086,Paper Rain,Golden Theory,Golden Stories,Rock,2026,English,0.4617500157349738,0.8672366898337339,-7.7500732452361705,0.10321388337886958,0.06353311967030892,0.025946360462187422,0.1555841069524161,0.6231793669959312,134.26591524053327,247236,100,54,U089,4,Happy
TRK0340,Sunday Lights,Wild Harbor,Wild Stories,Electronic,,English,0.6236185308678075,0.8468124130677129,-5.099807602591376,0.05628338422146777,0.03890651956251758,0.07644152901354467,0.1007959043691874,0.9193097683061009,127.3521529785314,255108,100,44,U136,4,Motivational
TRK0272,Velvet Waves,Royal Garden,Royal Diaries,Jazz,2016,English,,0.49323995353601047,-6.847244895360587,0.05201738042280179,0.4340317482081605,0.2858273223769945,0.2448479590791857,0.5914610613461709,108.52160054761207,268251,70,41,U094,4,Relaxing
TRK0371,Paper Lights,Sapphire Riders,Sapphire Collection,,2007,,0.469715061749037,0.597520013272102,-9.388948145157173,0.05171499306557407,0.04104617668990804,0.10184012394277711,0.1798024556097283,0.9121578426205682,96.17714723049774,246386,,28,U039,4,Happy
TRK0047,Distant Colours,Urban Skies,Urban Diaries,Electronic,2026,English,0.6879149602190873,0.8839304792415269,-5.5706568708779365,0.07991455308918238,0.11889486919539449,0.19542660120566718,0.2118009965413035,0.8814909447857547,127.53528845263975,181141,99,59,U022,4,Party
TRK0398,Wild Sun,Crimson Hearts,Crimson Diaries,K-Pop,2025,Korean,0.8671902956182658,0.8815532311358876,-5.90372513568255,0.1294708284029445,0.14615489143770344,0.07222502589916946,0.21897503096020998,0.6424890605973907,120.89959307391472,228022,100,39,U119,3,Energetic
TRK0053,Velvet Dreams,Midnight Bloom,Midnight Frequency,Pop,2018,English,0.7213985221865292,0.7306421119411214,-6.398114587253256,0.0,0.15898021342801877,0.0,0.0190390605108412,0.8204883799577991,119.13147970563246,215423,100,62,U077,5,Energetic
TRK0292,Hidden Shadows,Neon District,,K-Pop,2015,Korean,0.6749792624860942,0.806929720281435,-6.297646873759345,0.009947782153876247,0.0,0.02119110162486314,0.2686839999080875,0.9454101628353441,108.29886720306446,140464,,32,U145,2,Energetic
TRK0215,Broken Sky,Royal Heights,Royal Diaries,Pop,2018,Hindi,0.6472632259340868,0.6854460829834439,,,0.005700894417056748,0.17739073414808892,0.14693063202096637,0.6801654107029175,105.45885623796437,236325,100,,U077,4,Energetic
TRK0244,Neon Fire,Neon District,Neon Sessions,K-Pop,2015,Korean,0.8201895648606442,0.7539564555693651,-5.324138136843929,0.06894256518520105,0.004564854372193117,0.0,0.1477243157206745,0.9919272292353181,123.49591688583547,311574,,36,U144,3,Party
TRK0317,Paper Fire,Crimson Waves,Crimson Collection,Hip-Hop,2021,,0.8170200903912092,0.8613897336550631,-5.551470948737601,0.24320825760738465,0.0,0.0,0.1346258193657809,0.7519394256600107,98.29418391283079,210056,70,,U055,4,Party
TRK0236,Ocean Roads,Midnight Dream,Midnight Sessions,Lo-Fi,2009,English,0.27842417156216837,0.17877615855603496,-11.9228265606937,0.1148904963173937,0.6900511645848929,0.3752909084767284,0.1112275831171141,0.313180593323601,75.9605355924255,190868,44,16,U029,3,Calm
TRK0147,Electric Hearts,Sapphire Heaven,Sapphire Frequency,,2013,English,,0.797065443988993,-6.531395869260845,0.20860992570316614,0.0,0.0,0.17035132245067758,0.6665490816597439,82.17841743532678,222857,64,31,U130,3,Happy
TRK0135,Gravity Hearts,Aurora Harbor,Aurora Collection,Hip-Hop,2014,English,0.7690800023610048,0.7767012430198023,-5.632868824999548,0.22675435244127376,0.0011802312260879577,0.07388359047603942,0.1927591441487598,0.6621032584287365,107.17366646102641,271329,100,66,U023,4,Energetic
TRK0044,Wild Colours,Midnight Bloom,,Pop,2011,Spanish,0.7758548959274223,0.6940254735660835,-6.24094195045038,,0.16688330798102669,0.0,0.11915407444482128,0.8059785686494697,108.18325471065822,187465,92,53,U119,5,Happy
TRK0028,Starlight Echoes,Urban Parade,Urban Collection,Pop,2026,English,0.5723142183154268,0.7591285720703351,-7.2204000903057,0.12015666000598196,0.12724228266980683,0.01961047524664619,,1.0,135.50277281348505,240311,100,46,U013,4,Energetic
TRK0346,Velvet Paradise,Wild Stories,Wild Frequency,Jazz,2021,English,0.538614690099219,0.44219665596070884,-10.328131643942045,0.06523357255340027,0.41612430204314627,0.17703231299541325,0.25680265666131846,0.5710336350251407,114.98031185899859,216751,100,53,U041,4,Energetic
TRK0076,Neon Echoes,Neon Stories,Neon Diaries,,2009,English,0.22151794645046802,0.27066498538554856,-11.755593201296177,0.004336337629393852,0.6501787358863441,0.37207157720248296,0.15327335002657105,0.6023411664551772,91.47582143836757,198205,99,25,U058,2,
TRK0262,Paper Stories,Wild Harbor,Wild Sessions,Electronic,2013,English,0.8213847385812238,0.8005791642389477,,0.021043581860320557,0.13206388593777824,0.14068406750732895,0.19157610985926754,0.7893026413895854,118.28270589419806,291701,79,42,U145,4,Motivational
TRK0304,Paper Promises,Paper Sound,Paper Collection,Indie,2021,English,0.5087595126647839,0.6349822885262093,-7.860071068963618,0.0,0.5338561509202658,0.0,0.17936480906168004,0.6947364721605259,118.72982858652576,216165,100,54,U143,4,Motivational
TRK0156,Broken Rhythm,Velvet Dream,Velvet Nights,Pop,2026,French,0.7699788104295798,0.5613747641212603,-7.5457557136237865,0.05048676316806156,0.0,0.0589037590433763,0.09339733564654629,0.5976222359819389,122.63716618801293,285920,100,46,U048,4,Focus
TRK0093,Paper Sky,Silver Hearts,Silver Frequency,Rock,2018,Korean,0.5695605243314346,0.6626181287227711,-8.690937391980919,0.059463108098876595,0.0489981683635165,0.1761023430583431,0.16793779270803433,0.4678908413945251,115.49516059608959,151275,76,37,U080,5,Relaxing
TRK0077,Distant Sun,Electric Pulse,Electric Collection,Indie,2015,English,0.5628435489783652,0.4553663960670865,-7.473141728787413,0.11825566957126617,0.28566493354228056,0.13876356760615519,0.0992225934594417,0.5910913504856832,120.02645357192927,234481,100,55,U042,4,Relaxing
TRK0254,Summer Echoes,Crimson Garden,Crimson Collection,Pop,2014,English,0.8538196132938654,0.8281729744753916,-6.068266458042872,0.010075985797413263,0.0,0.07332520212137635,0.025817023144697387,0.8404632787252565,122.35579818662029,203596,67,,U138,5,Party
TRK0163,Distant Dreams,Urban Motion,Urban Frequency,R&B,2015,English,0.6477439017201253,0.6201276640212925,-8.479075737842237,0.0877880578180724,,0.0,0.17837437961068142,0.8838120672785967,98.2868718227558,252922,81,49,U103,4,Happy
TRK0060,Gravity Roads,Golden Heights,Golden Nights,,2024,English,0.691720425085243,0.6833737325152788,-6.782132380366764,0.09775663898604009,0.0,0.0,0.1973275450781771,0.7859867683192368,106.4158692469542,254202,100,30,U013,3,Happy
TRK0044,Wild Colours,Midnight Bloom,Midnight Collection,Pop,2011,Spanish,0.7758548959274223,0.6940254735660835,-6.24094195045038,0.06938589436921165,0.16688330798102669,0.0,0.11915407444482128,0.8059785686494697,108.18325471065822,187465,92,44,U146,3,Happy
TRK0083,Broken Promises,Midnight Sound,Midnight Sessions,Latin,2026,Spanish,0.7067714618597924,0.824126592670112,-6.938594403863266,0.07862033491569759,0.19733209607103586,0.0,0.20468390427420208,1.0,120.69132018763017,225001,,32,U036,3,Party
TRK0287,,Echo Signals,Echo Sessions,R&B,2017,Hindi,0.6907989308907942,0.6915559733892898,-8.373154730139111,0.01843352350441113,0.1938491819951375,0.11191732451417631,0.17027431322652986,0.7829840672443317,100.28464387319944,211276,95,31,U083,3,Motivational
TRK0275,Velvet Fire,Blue Hearts,Blue Collection,Indie,2007,English,0.449233310161506,0.6390332596429159,-8.924149209856617,0.12207071200529417,0.4182710627354647,0.021022319186143668,0.08580422134527854,0.7209574107395091,114.4864738489624,228306,93,38,U143,4,Romantic
TRK0316,Ocean Waves,Indigo Pulse,Indigo Stories,Rock,2016,English,0.6193519509610061,0.6981663089190868,-7.36464394815389,0.019892969412178,0.10823540651913566,0.044792115340538216,0.39973673667787,0.5669849662934751,128.00425411910143,258104,80,34,U059,4,Focus
TRK0164,Neon Promises,Urban Parade,Urban Collection,Pop,2021,Korean,0.6978403830001897,,-7.575936964480379,0.00315073782149769,0.10002883448718573,0.0,0.10321602909744856,0.9756979109221184,103.98290517853954,197555,76,38,U123,4,Happy
TRK0264,Summer Fire,Urban Lines,Urban Diaries,Rock,2012,English,0.33043397491246324,0.7930906510827438,-7.40059870757897,,0.20933558844718314,0.10813451568252569,0.22978866672023734,0.4573817627988904,142.29152112487327,198719,98,,U040,5,Romantic
TRK0094,Golden Waves,Solar Stories,Solar Stories,Pop,2016,Korean,,0.7654144600780781,-6.432486735577432,0.11416658871886522,0.0,0.2208755386185139,0.05284005728006923,0.932763346965809,105.48243534586436,210231,100,50,U121,4,Energetic
TRK0011,Summer Hearts,Lunar Stories,Lunar Diaries,Hip-Hop,2024,English,,0.7124154252063586,-7.9084989588961925,0.2600732490666936,0.009011800941158978,0.0,0.06054436979762663,0.7188256146228792,112.51896142937885,244984,91,43,U017,4,Energetic
TRK0180,Falling Motion,Urban Parade,Urban Nights,Pop,2026,English,0.6906596908936026,0.6807758135702193,-6.785077201224383,0.14200212765938236,0.14055364479529636,0.10665826778344378,0.201848907634912,0.6910480925679444,123.75053234334564,228465,51,18,U102,3,Motivational
TRK0019,Hidden Rhythm,Aurora District,,R&B,2016,Korean,0.71959939896871,,-10.186283526704516,0.11475979676713494,0.3514637169256271,0.0,0.1904679609588732,0.6814898097210028,101.11831829471814,201035,77,38,U109,5,Motivational
TRK0065,Golden Sky,Midnight Dream,Midnight Frequency,Lo-Fi,2009,French,0.4609647754574009,0.5428029069196527,-12.984370065865484,0.106240655492056,0.6298478925683697,0.35410198105843327,0.11828435393717432,0.5381281823428593,84.11256276889866,277081,63,23,U054,,Relaxing
TRK0211,Falling Rain,Crimson Garden,Crimson Nights,Pop,2026,Japanese,0.8661799167547305,0.6603957869327228,-6.835223500767991,0.027557803403377476,0.07797595100993898,0.10501874283624439,0.1271274429172309,0.6883525801369106,106.88570395968881,194633,100,33,U013,3,Happy
TRK0260,Slow Lights,Blue Hearts,,Indie,2012,English,0.4062578070937889,0.6571461294974312,-6.215197731876743,0.03337450979793133,0.37032374120293926,0.22894108260539658,0.11732475683695362,0.7502949577626425,111.4880015814161,219161,64,53,U066,5,Happy
TRK0124,Golden Hearts,Solar Theory,Solar Frequency,R&B,2021,English,0.6110013646132396,0.6119440280282565,-8.107926458829796,0.03999365565696096,0.029385481504190653,0.07945388603139601,0.0,0.7547588860018177,98.05449595839325,281423,81,42,U086,3,Romantic
TRK0129,Neon Hearts,Wild Circuit,Wild Diaries,Classical,2005,English,0.32718742923698285,0.2641259425072853,-14.632095875661097,,0.6435761722607447,0.7045422814505911,0.11479705325337873,0.42713903450423396,85.88263341233512,259505,67,28,U018,4,Melancholic
TRK0093,Paper Sky,Silver Hearts,Silver Frequency,Rock,2018,Korean,0.5695605243314346,0.6626181287227711,-8.690937391980919,0.059463108098876595,0.0489981683635165,0.1761023430583431,0.16793779270803433,0.4678908413945251,115.49516059608959,151275,76,36,U077,3,Relaxing
TRK0220,Distant Rhythm,Silver Skies,Silver Frequency,Pop,2026,English,0.865817080747911,0.7427664668399292,-5.904380339320048,0.0,0.2376762062457382,0.12241929575775687,0.11727629756496477,0.9101229955168066,112.51753459426095,217892,92,37,U024,2,Motivational
TRK0391,Wild Signals,Aurora Circuit,Aurora Frequency,Indie,,English,0.5365041500863855,0.566712913986654,-9.6556157359953,0.020823871386878346,0.5278055419430353,0.14007304336601684,0.07983845633445812,0.6142024315626098,102.72127274046731,199629,100,61,U025,4,Romantic
TRK0067,Distant Lights,Paper Riders,Paper Frequency,Classical,2018,English,0.20916668371733307,0.13396180154743675,-16.260464838384188,0.05939601974765521,0.7362545748057363,0.7340165675149569,0.10059539387062076,0.4370383640370838,81.40233856742273,207962,98,50,U138,4,Focus
TRK0235,Neon Waves,Crimson Signals,Crimson Collection,Rock,2001,English,0.7539504133108306,0.9664605644763612,-6.733685039141223,0.07659979314937505,0.009823389773862642,0.0,0.16561414457361495,0.7464021431793015,115.21966444767826,,68,56,U035,5,Happy
TRK0254,Summer Echoes,Crimson Garden,Crimson Collection,Pop,2014,English,0.8538196132938654,0.8281729744753916,-6.068266458042872,0.010075985797413263,0.0,0.07332520212137635,0.025817023144697387,0.8404632787252565,122.35579818662029,203596,67,34,U011,4,Party
TRK0082,Electric Memories,Golden Heights,Golden Collection,Pop,2023,English,0.6125233986182286,0.7520197740218939,-6.519826156897574,0.08853872119570393,0.27570710787970387,0.09442598863859064,0.16605216073032256,1.0,117.06986014560448,210332,100,49,U108,4,Energetic
TRK0236,Ocean Roads,Midnight Dream,,Lo-Fi,2009,English,0.27842417156216837,0.17877615855603496,-11.9228265606937,0.1148904963173937,0.6900511645848929,0.3752909084767284,0.1112275831171141,0.313180593323601,75.9605355924255,190868,44,25,U018,3,Calm
TRK0337,Ocean Paradise,Aurora Harbor,Aurora Sessions,Hip-Hop,2022,Spanish,0.6793932527048435,0.7762462462134004,-7.123713224494114,0.17655209294934998,0.09237072291810616,0.06093325465326305,0.13406256595699206,,95.0910098620933,258138,89,48,U130,4,Energetic
TRK0036,,Silver Hearts,Silver Frequency,Rock,2011,English,,0.9038861868696506,-4.45080145731973,0.03863671995636659,0.12787909135954925,0.0,0.1090556637814267,0.6379847403383734,120.68122863162988,260942,100,50,U073,4,Party
TRK0357,Gravity Motion,Aurora Harbor ,Aurora Diaries,Hip-Hop,2025,English,0.8248565837966035,0.6052976622159016,-8.45385919706587,0.22763156531862822,0.14532638260768177,0.042397996353712206,0.22958080434153944,0.832562474830439,107.87282868265618,276397,79,31,U022,4,Romantic
TRK0073,Golden Waves,Paper Dream,Paper Sessions,Electronic,2012,English,0.7789361323381807,0.7058591581675298,-7.251859770994836,0.07644136839286954,0.07659343906735634,0.11356055416229377,0.2672245223420737,0.9187569613804677,120.08465444131492,262854,100,62,U129,5,Energetic
TRK0266,Hidden Fire,Crimson Garden,Crimson Frequency,Pop,2007,French,0.6449302063495839,0.757187067967636,-7.263571936621392,0.04984601147005928,0.2846068033850083,0.08370693005737223,0.1437296157332378,0.7696747053149479,114.08683267842032,165765,,49,U145,4,Happy
TRK0125,Summer Signals,Sapphire Heaven,Sapphire Frequency,Hip-Hop,2023,Spanish,0.8596554884498404,0.6554810631728766,-6.940045399411315,0.28151878752545334,0.12734602159828834,0.23437908983336986,0.09655924778825375,,91.07753507963218,259223,98,36,U143,4,Romantic
TRK0331,Golden Signals,Solar Heights,Solar Frequency,Hip-Hop,2009,English,0.7559875942196671,0.7833953232082768,-7.661771901790208,0.20919373400274652,0.0558841090913179,0.13622745867110672,,0.538764382924217,103.47366599041678,204392,90,32,U102,3,Energetic
TRK0354,Higher Hearts,Royal Riders,Royal Sessions,Indie,2008,,0.6917834400549722,0.5999642595272116,-8.652790030333891,0.006729557399517673,0.33301072880997795,0.05706423458867871,0.0792277119307721,0.8945081517984762,119.73140642690423,253321,93,42,U129,4,Motivational
TRK0143,Silent Sky,Echo Riders,Echo Sessions,Rock,2019,Japanese,0.4308459173842834,,-2.89308394572523,0.0875536496316076,0.20711014123288957,0.14510470327862451,0.29356235006965353,0.6457579142296029,111.49187445777794,230858,97,47,U034,4,Motivational
TRK0355,Paper Fire,Royal Sound,Royal Frequency,R&B,2016,English,0.7241690885958164,0.5941028486711759,-9.672849921492633,0.10658066756344785,0.15828070937872898,0.0,0.16553632382221023,0.8398357510950225,121.83839453173924,225107,77,22,U141,3,Romantic
TRK0126,Neon City,Solar Theory,Solar Collection,R&B,2026,English,0.726645114657155,0.6816410108734856,-8.406508690054213,0.01854040055109328,0.10793114239215948,0.0,0.028709679650948894,0.9361866170743558,105.10751530730847,250531,94,25,U075,3,Happy
TRK0057,Wild Colours,Indigo Bloom,Indigo Diaries,Electronic,2026,Japanese,0.7482093451371538,0.74402186321518,-6.614863377001589,0.03428478513614682,0.0,0.30821748802040494,0.14811961425057352,0.8597044626289,120.85217330883381,242422,98,50,U020,5,Happy
TRK0087,Ocean Roads,Electric Lines,Electric Frequency,Classical,2026,Hindi,,0.424635103653962,-14.558685256196826,0.1303173124750188,0.8285928158560564,0.8999731822678968,0.10196155309181137,0.3674124555756131,82.64425593849256,240068,100,40,U058,3,Sad
TRK0143,Silent Sky,Echo Riders,Echo Sessions,Rock,2019,Japanese,0.4308459173842834,0.8153309946120195,-2.89308394572523,0.0875536496316076,0.20711014123288957,0.14510470327862451,0.29356235006965353,0.6457579142296029,111.49187445777794,230858,97,35,U001,4,Motivational
TRK0141,Slow Lights,,Aurora Sessions,Pop,2015,English,0.6309979250236397,0.42910868574527306,-8.334313311231941,0.08662111268649571,0.07918477315997616,0.2214565956689086,0.12093630689011038,0.9343090337948209,116.02799358801884,265257,91,27,U010,4,Happy
TRK0116,Neon Rain,Wild District,Wild Frequency,Indie,2019,French,0.6342858224477596,0.7057775964003419,-8.822483044857174,0.0,0.11970438417696086,0.06532908501017838,0.10928842460028763,0.5365035722413224,121.21081399650251,223805,65,45,U063,4,Energetic
TRK0296,Falling Shadows,Golden Heights,Golden Sessions,Pop,2024,French,0.7830612362483332,0.6493851912959683,-7.1223846272273095,0.05553958614832394,0.08195480069500877,0.23190826976548218,0.0,0.8065350336723476,126.93476912700878,191862,84,52,U146,4,Happy
TRK0078,,Midnight Motion,Midnight Collection,Rock,2014,English,0.4684501120701065,0.7418673876814057,-5.63989999545768,0.0792612052510264,0.170331382968788,,0.29145413608654125,0.6255303256956454,129.81242936269453,217489,78,22,U082,2,Motivational
TRK0237,Electric Hearts,Indigo Lines,Indigo Collection,R&B,2020,English,0.7196383020116754,0.5834281442962522,-6.42177692673047,0.11456735030105793,0.3035669119838639,0.0,0.1339300338170917,0.6124944703195264,98.14258022248843,227059,74,32,U134,3,Focus
TRK0382,Gravity Echoes,Echo Signals,Echo Sessions,R&B,2009,English,,0.5036180139503191,-9.024866051125407,0.12147037920457618,0.15736357546214824,0.0,0.13360881943274716,0.5810341394121441,103.68469595192606,273843,71,32,U127,4,Energetic
TRK0073,Golden Waves,Paper Dream,Paper Sessions,Electronic,2012,English,0.7789361323381807,0.7058591581675298,-7.251859770994836,0.07644136839286954,0.07659343906735634,0.11356055416229377,0.2672245223420737,0.9187569613804677,120.08465444131492,262854,100,,U127,3,Energetic
TRK0379,Slow Sky,Nova Heaven,Nova Diaries,Country,2026,English,0.6726071970153532,0.5497279045295622,-9.541421868686225,0.09459054627094601,0.513421111804245,0.0822087010768228,0.22328053848644241,0.682871159322255,111.47897754619231,211126,100,36,U116,2,Happy
TRK0130,,Sapphire Sound,Sapphire Stories ,Rock,2019,Japanese,,0.8378581723096372,-7.117376665000337,0.05304520661282193,0.09665524083326915,0.06898368206464675,0.3444567714998282,0.6327001405081042,131.64618473764742,272740,86,40,U137,3,Energetic
TRK0348,Sunday Fire,Sapphire Riders,Sapphire Diaries,R&B,2022,English,0.5905065556183671,0.6155452105257381,-6.797987922188337,0.11938236654114931,0.19280809170024735,0.0,0.1907027269878409,0.3724811303288982,,319358,57,29,U039,3,Melancholic
TRK0304,Paper Promises,Paper Sound,Paper Collection,Indie,2021,English,0.5087595126647839,0.6349822885262093,-7.860071068963618,0.0,0.5338561509202658,0.0,0.17936480906168004,0.6947364721605259,118.72982858652576,216165,100,32,U100,2,Motivational
TRK0141,Slow Lights,Aurora Skies,Aurora Sessions,Pop,2015,English,0.6309979250236397,0.42910868574527306,-8.334313311231941,0.08662111268649571,0.07918477315997616,0.2214565956689086,0.12093630689011038,0.9343090337948209,116.02799358801884,265257,91,47,U112,4,Happy
TRK0189,Broken Paradise,Neon Waves,Neon Stories,Pop,2024,Korean,0.6534938279638377,0.7677373840137277,-7.737758600123308,0.152179420610806,0.0,0.15284788107917308,0.07404597252268932,1.0,123.74662659102579,207487,88,37,U126,4,Party
TRK0394,Wild Lights,Sapphire Sound,Sapphire Sessions,Rock,2017,English,0.4929042328587235,0.8471142223222455,-6.569131413337541,0.0906721559874283,0.22722953255242945,,0.17066261303502037,0.758821933031798,129.030404514514,197047,95,21,U060,3,Energetic
TRK0355,Paper Fire,Royal Sound,Royal Frequency,R&B,2016,English,0.7241690885958164,0.5941028486711759,-9.672849921492633,0.10658066756344785,0.15828070937872898,0.0,,0.8398357510950225,121.83839453173924,225107,,44,U140,4,Romantic
TRK0273,Velvet Echoes,Silver Sound,Silver Diaries,K-Pop,2015,Korean,0.6782991349257921,0.8063887696586054,-7.281096575314743,0.16035293368795878,0.15191598052088773,0.0,0.165881649540186,0.8982280240557057,117.96283344908116,261982,92,31,U112,5,Happy
TRK0156,Broken Rhythm,Velvet Dream,Velvet Nights,Pop,2026,French,0.7699788104295798,0.5613747641212603,-7.5457557136237865,0.05048676316806156,0.0,0.0589037590433763,0.09339733564654629,0.5976222359819389,122.63716618801293,285920,100,44,U135,4,Focus
TRK0129,Neon Hearts,Wild Circuit,Wild Diaries,Classical,,English,0.32718742923698285,0.2641259425072853,-14.632095875661097,0.0930396837140835,0.6435761722607447,,0.11479705325337873,0.42713903450423396,85.88263341233512,259505,67,40,U027,4,Melancholic
TRK0248,Distant Hearts,Sapphire Garden,,Electronic,2024,English,0.8388735622881146,0.8358608237928283,-6.188490456168153,0.10785790178031868,0.0,0.057159222130313436,0.17270019785652535,0.8799316757830565,117.49506036278039,237607,95,54,U058,4,Energetic
TRK0039,Slow Rhythm,Golden Heights,Golden Stories,Pop,2019,English,0.7671136293399929,0.663767696090173,-7.602662898388932,0.13131891879115035,0.0,0.0,0.2327655896508326,,114.21436131775793,178021,87,46,U129,4,Romantic
TRK0322,Distant Signals,Lunar Harbor,Lunar Diaries,Pop,,English,0.7323309404442458,0.660704085936643,-7.645994554894629,0.15889044030304866,0.0,0.058287113537147106,0.050363493399867384,0.9338588764663796,119.79801117845017,252139,68,22,U132,3,Happy
TRK0016,,Royal Garden,Royal Frequency,Jazz,2026,English,0.3828433371174658,0.3675684281684437,-9.777428054366059,0.15779139399825165,0.377206080776963,0.3131928234834853,0.2844136303243221,0.5703458250001111,104.05427785268586,230059,66,37,U063,4,Focus
TRK0296,Falling Shadows,Golden Heights,Golden Sessions,Pop,2024,French,0.7830612362483332,0.6493851912959683,-7.1223846272273095,0.05553958614832394,0.08195480069500877,0.23190826976548218,0.0,0.8065350336723476,126.93476912700878,191862,84,52,U125,5,Happy
TRK0058,Higher Signals,Royal Heights,Royal Horizons,Pop,2022,Spanish,0.711212325758438,,-5.713550234062019,0.07952243797577727,0.17474789996329937,,0.2040214380781525,0.861438067687144,116.39085047461872,248125,43,25,U115,3,Happy
TRK0358,Distant Shadows,Silver Skies,Silver Stories,Pop,2006,Spanish,0.8524736965627251,0.7745852050513429,-4.354873138918901,0.07797535653706503,0.3318300507531296,0.07093512762701808,0.12157362073076154,0.6924760503610465,128.00327999811228,218954,62,54,U085,5,Party
TRK0346,,Wild Stories,Wild Frequency,Jazz,2021,English,0.538614690099219,0.44219665596070884,-10.328131643942045,0.06523357255340027,0.41612430204314627,0.17703231299541325,0.25680265666131846,0.5710336350251407,114.98031185899859,216751,100,40,U056,4,
TRK0003,Golden Colours,Indigo Parade,Indigo Sessions,Hip-Hop,2022,English,0.7486052542345125,0.6415372306320005,-8.324765766933485,0.26927667545211154,0.13734094944450417,0.09804952177496992,0.10341432048979139,0.7085368231531204,99.75654493260583,244937,100,56,U057,4,Motivational
TRK0372,Midnight Rhythm,Silver Skies,Silver Stories,Pop,2024,English,0.8198467904622999,0.7209940352758732,-7.326534169248798,0.038116983093148676,0.037487136330739995,0.19798009825269736,0.14151875365458164,0.8666893507017368,116.21693566084252,317709,100,71,U118,5,Motivational
TRK0137,Afterglow Rhythm,Solar Heights,Solar Sessions,Hip-Hop,2026,English,0.6556055928531358,0.6903824953037941,-7.297083410141483,0.19938720721005188,0.02665677869223472,0.15560324963423391,0.09358044738177415,0.5322744050970981,107.09648639675525,255353,80,46,U126,4,Relaxing
TRK0132,Hidden Dreams,Echo Riders,Echo Diaries,Rock,2023,French,0.3724427713856984,0.813297450492768,-5.498956506881819,0.06496395408939384,,0.1098943775122529,0.13792973510330558,0.6169369120465678,120.34783355961551,281315,98,22,U127,3,Focus
TRK0220,Distant Rhythm,Silver Skies,Silver Frequency,Pop,2026,English,0.865817080747911,0.7427664668399292,-5.904380339320048,0.0,0.2376762062457382,0.12241929575775687,0.11727629756496477,0.9101229955168066,112.51753459426095,217892,92,50,U112,4,Motivational
TRK0209,Paper Shadows,Lunar Circuit,Lunar Sessions,R&B,2026,Spanish,0.6784665005192664,0.712904721892063,-8.895414890373532,0.22665013539697726,0.20197718118962601,0.07828064340272992,0.16675671817808185,0.9430332900428288,109.73363012176179,185608,100,33,U149,,Motivational
TRK0131,Midnight Memories,Velvet Bloom,Velvet Sessions,Lo-Fi,2012,Korean,0.4748933910396658,0.4023907133676121,-11.369914059068874,0.09666016822006313,0.6222165833366194,0.2790048053497614,0.2992789575095571,0.5208150930332149,77.4800083326858,208450,58,54,U112,5,Calm
TRK0224,Higher Memories,Urban Skies,Urban Sessions,Electronic,2006,Spanish,0.6699434666969848,0.6463911480538451,-6.886578571011203,0.08195475039088049,0.07510286644399623,0.18422735734636903,0.02471876853415725,0.6393122394236813,137.03403871531705,205362,81,58,U134,5,Motivational
TRK0026,Midnight Roads,Electric Lines,Electric Sessions,Classical,2007,Korean,0.18217355598448232,0.32049243997161725,-14.190383559744237,0.03890055368738334,0.8504626568744852,0.9378148789142177,0.09516034456917023,0.5047675060179745,83.49439986704714,200446,56,,U123,3,Melancholic
TRK0068,Silent Lights,Aurora Harbor,Aurora Sessions,Hip-Hop,2025,Spanish,0.8198347047074883,0.7817281277780573,-8.23162082612228,0.2715325420586813,0.0,0.0,0.24124955474656612,0.8089771952390661,112.82510823415777,231306,77,39,U122,4,Energetic
TRK0336,Distant Motion,Indigo Motion,Indigo Sessions,Indie,2018,English,,0.4768839389813383,-8.36401150481846,0.06915715675632084,,0.1215371594069481,0.04212489024490239,0.5806912300521931,110.8948057061722,221049,83,32,U146,4,Relaxing
TRK0078,Hidden Paradise,Midnight Motion,Midnight Collection,Rock,2014,English,0.4684501120701065,0.7418673876814057,-5.63989999545768,0.0792612052510264,0.170331382968788,0.21072970368864324,0.29145413608654125,0.6255303256956454,129.81242936269453,217489,78,52,U141,5,Motivational
TRK0291,Electric Sun,Sapphire Dream,Sapphire Stories,Pop,2026,English,0.7568010036494518,0.6201726314656019,-5.967777772621313,0.0025850346258378953,0.265666796591837,0.06656721048100923,0.0,0.7741243694036452,122.03417203936756,228430,100,31,U070,4,Happy
TRK0105,Falling Sky,Urban Motion,Urban Sessions,R&B,2019,English,0.6736046499973003,0.5636147455314916,-10.900039447871627,0.1288445823727738,0.1710493895633313,0.0,0.13886176971943856,0.6593052421390788,,256835,63,22,U058,3,Happy
TRK0209,Paper Shadows,Lunar Circuit,Lunar Sessions,R&B,2026,Spanish,0.6784665005192664,0.712904721892063,-8.895414890373532,0.22665013539697726,0.20197718118962601,0.07828064340272992,0.16675671817808185,0.9430332900428288,109.73363012176179,185608,100,45,U088,4,Motivational
TRK0049,Gravity Memories,Nova Riders,Nova Diaries,K-Pop,2016,Korean,0.7448948122393071,0.7290748599611006,-8.113154066824475,0.10300498165463906,0.11163748279799143,0.0,0.1214120753753411,0.9828910172899792,129.40991281058706,271152,89,15,U049,3,Happy
TRK0330,Sunday Dreams,Lunar District,Lunar Frequency,Rock,2026,English,0.4830752548534904,0.7230976375105796,-5.884111834418331,0.08497474414052568,0.24194530774953923,0.010691585344116489,0.2549058539982153,0.8106223443359897,113.40048880381497,255965,100,51,U061,4,Energetic
TRK0143,Silent Sky,Echo Riders,Echo Sessions,Rock,2019,Japanese,0.4308459173842834,0.8153309946120195,-2.89308394572523,0.0875536496316076,0.20711014123288957,0.14510470327862451,0.29356235006965353,0.6457579142296029,111.49187445777794,230858,97,49,U051,4,Motivational
TRK0212,Summer Colours,Neon Harbor,Neon Sessions,Country,2024,French,0.5396798383289502,0.6710169766168603,-7.766428857027675,0.0,0.46055217838559614,0.0,0.1544024476969952,0.8401943486243177,113.51240837382346,217125,100,41,U098,4,Romantic
TRK0332,Distant Signals,Nova Riders,,K-Pop,2020,Korean,0.7594232453817217,0.6801656193257781,-5.886159761650439,0.07761686013516375,,0.0,0.017840769085430377,0.859840202708656,130.5701057961608,242231,88,44,U113,5,Happy
TRK0040,Midnight Dreams,Silver Skies,Silver Collection,Pop,2021,English,0.7899196731694887,,-6.186982901073021,0.054820367706917235,0.057533090559147584,0.08727898575277089,0.0,0.8784928475298603,117.90961190431005,298267,90,40,U105,4,Party
TRK0030,Afterglow Lights,Wild Circuit,Wild Sessions,Classical,2025,English,0.25063390623622683,0.5039491119526817,-13.030456972991626,0.09449465279727777,0.7286781243829991,0.8509455219712795,0.0960251763925116,0.373431896064913,79.27337750548686,242839,69,31,U046,4,Melancholic
TRK0130,Afterglow Promises,Sapphire Sound,Sapphire Stories,Rock,2019,Japanese,0.5355145681944831,0.8378581723096372,-7.117376665000337,,0.09665524083326915,0.06898368206464675,0.3444567714998282,0.6327001405081042,131.64618473764742,272740,86,46,U094,3,Energetic
TRK0003,Golden Colours,Indigo Parade,Indigo Sessions,,2022,English,0.7486052542345125,0.6415372306320005,-8.324765766933485,0.26927667545211154,0.13734094944450417,0.09804952177496992,0.10341432048979139,0.7085368231531204,99.75654493260583,244937,100,78,U048,5,Motivational
TRK0280,Neon Shadows,Royal Riders,,Indie,2019,English,0.5504783292879338,0.6347049167130754,,0.11757208426840368,0.17317167936100317,0.05147634048078456,0.20939612737719526,0.8557227696126306,118.44114585183277,228035,100,38,U106,3,Romantic
TRK0116,Neon Rain,Wild District,Wild Frequency,Indie,2019,French,0.6342858224477596,0.7057775964003419,-8.822483044857174,0.0,0.11970438417696086,0.06532908501017838,0.10928842460028763,0.5365035722413224,121.21081399650251,223805,65,47,U066,5,Energetic
TRK0110,Broken City,Static Pulse,Static Diaries,R&B,2020,English,0.5241664434417754,0.5778302044768526,-7.797898508599294,0.08646559368189694,0.0,0.0,0.10708861988214832,0.7043950291604453,96.85968166375224,225823,86,41,U141,4,Happy
TRK0234,Starlight Stories,,Indigo Collection,R&B,2010,English,0.904344682477698,0.6575818553434425,-8.816980828663704,0.16439946245151837,,0.09774259490916637,0.12033670473029265,0.723283824890048,101.20703685017331,192763,77,30,U129,3,Motivational
TRK0258,Ocean Dreams,Blue Stories,Blue Sessions,Country,2021,Hindi,0.4507518073217522,0.4881468791308773,-8.47300196876671,0.057875532384054636,0.6164362729217966,0.004806158962226262,0.23334429630857192,0.8014609334729738,116.25938584472834,200001,100,53,U041,,Romantic
TRK0002,Neon Waves,Echo Heaven,Echo Diaries,Pop,2024,Japanese,,0.6340947819150138,-5.730666047846122,,0.06107584395388762,0.0,0.1572616429887344,0.8629039093926958,120.31328262149312,252870,100,42,U008,4,Romantic
TRK0110,Broken City,Static Pulse,Static Diaries,R&B,2020,English,0.5241664434417754,0.5778302044768526,-7.797898508599294,0.08646559368189694,0.0,0.0,0.10708861988214832,0.7043950291604453,,225823,86,46,U090,4,Happy
TRK0347,Slow Rhythm,Paper Garden,Paper Sessions,Country,2005,English,0.7071067390768662,0.6683437494288447,-9.5102753210444,0.12150704567016038,0.364626833916373,0.019560100268972067,0.2706081356305253,0.8149972012116945,130.9339813514694,242489,67,34,U050,4,Motivational
TRK0350,Broken Fire,Urban Lines,Urban Frequency,Rock,2004,English,0.5461275108883045,0.676175952802977,-5.270033203154407,0.08445629866514491,0.23209047991837733,0.12156155717517193,0.2357577896167923,0.7218649570506154,132.7904178640542,178318,44,,U113,5,Happy
TRK0274,Broken Paradise,Blue Hearts,Blue Collection,,2018,Japanese,0.7493766240762492,0.547806361117693,-7.843417453991226,0.035589166596435524,0.5302179636108069,0.04267354263869662,0.09853157167677674,0.5656084069532538,,188109,75,30,U066,,Focus
TRK0170,Silent Shadows,Static Motion,Static Diaries,,2021,French,0.4004506718589227,0.2481164493420881,-13.464348132826776,0.07796899333844104,0.7887028804994488,0.8083172872319087,0.10075614593992106,0.37356097445974185,77.05815882871131,213785,100,27,U076,3,Relaxing
TRK0273,Velvet Echoes,Silver Sound,Silver Diaries,K-Pop,2015,Korean,0.6782991349257921,0.8063887696586054,-7.281096575314743,0.16035293368795878,,0.0,0.165881649540186,0.8982280240557057,117.96283344908116,261982,92,46,U133,4,Happy
TRK0227,Broken Sun,Neon Waves,Neon Frequency,Pop,2012,English,0.7969147501966808,0.759273473178186,-6.27582145436555,0.0826384456926485,0.09350751080011303,0.09899194016228824,0.18545761327159488,0.9443115970483825,118.0828787701049,282981,88,52,U077,5,Energetic
TRK0094,Golden Waves,Solar Stories,Solar Stories,Pop,2016,Korean,0.7817281580492258,0.7654144600780781,-6.432486735577432,0.11416658871886522,0.0,0.2208755386185139,0.05284005728006923,0.932763346965809,105.48243534586436,210231,100,32,U092,3,Energetic
TRK0039,Slow Rhythm,Golden Heights,Golden Stories,Pop,2019,English,0.7671136293399929,0.663767696090173,-7.602662898388932,0.13131891879115035,0.0,0.0,0.2327655896508326,1.0,114.21436131775793,178021,87,39,U018,4,Romantic
TRK0096,Distant Colours,Sapphire Sound,,Rock,2015,English,0.3983424892544425,0.696370734918541,-7.699153245955237,0.021433407621284453,,0.056214769089342274,0.2410800971648596,0.49285030856813683,126.34659071350639,232960,82,40,U034,4,Focus
TRK0049,Gravity Memories,Nova Riders,Nova Diaries,,2016,Korean,0.7448948122393071,0.7290748599611006,-8.113154066824475,0.10300498165463906,0.11163748279799143,0.0,0.1214120753753411,0.9828910172899792,129.40991281058706,271152,89,42,U070,4,Happy
TRK0349,Golden City,Indigo Waves,Indigo Stories,Pop,2025,English,0.7352300372547319,,-6.753213029657155,0.21309390199705813,,0.04973493470771083,0.0002672365298707069,0.7778388925620907,128.31245205168224,195734,58,45,U076,4,Happy
TRK0397,Broken Hearts,Lunar Stories,Lunar Frequency,Hip-Hop,2023,English,0.8573740293431332,0.6940122283302338,-7.048739731615335,0.21085225606147587,0.09651698835666013,0.0,0.10191500500967976,0.7500468095272721,98.50849189870897,176871,68,37,U035,4,Energetic
TRK0313,Golden Rhythm,Urban Lines,Urban Stories,Rock,2026,English,0.6173174917888647,0.8780376464959104,-5.928221656802176,0.007853098207538795,0.09582843574014743,0.05088823614155877,0.09430202811760367,0.6448675671302997,126.28430390930775,251793,100,39,U068,3,Energetic
TRK0301,Summer Echoes,Nova Heaven,Nova Frequency,Country,2020,English,0.6756609849041606,,-9.529748290842761,0.11791429379645546,0.4534771233953215,0.016763834878369986,0.12322109962862915,0.7598415474713193,99.95065479948059,255587,72,52,U140,5,Motivational
TRK0043,Falling City,Crimson Garden,Crimson Horizons,Pop,2014,English,0.75140772238698,0.6857333955955839,-5.900335429445381,0.0,,0.0,0.0,0.7315387183384803,110.46475200716635,233339,100,58,U111,4,Motivational
TRK0183,Hidden Paradise,Lunar Heights,Lunar Diaries,Electronic,2022,,0.7740957782694945,1.0,-6.5724754434969475,0.02550921746110489,0.0,0.35310246715580706,0.21736133008325284,0.8061382127205055,136.54218157498795,262006,100,43,U091,4,Happy
TRK0275,Velvet Fire,Blue Hearts,Blue Collection,Indie,,,0.449233310161506,0.6390332596429159,-8.924149209856617,0.12207071200529417,0.4182710627354647,0.021022319186143668,0.08580422134527854,0.7209574107395091,114.4864738489624,228306,93,48,U058,4,Romantic
TRK0028,Starlight Echoes,Urban Parade,Urban Collection,Pop,2026,English,0.5723142183154268,0.7591285720703351,,0.12015666000598196,0.12724228266980683,0.01961047524664619,0.14441431258324067,1.0,135.50277281348505,,100,34,U144,3,Energetic
TRK0084,Summer Memories,Solar Stories,Solar Frequency,Pop,2005,Spanish,0.6820313474857439,0.7244331375840194,-8.279086079488978,0.12978839800822461,0.21763151950710496,0.13772220452571787,0.013967165694452235,0.9080798717133887,121.60533776484596,185366,74,48,U054,4,Energetic
TRK0073,Golden Waves,Paper Dream,Paper Sessions,Electronic,2012,English,0.7789361323381807,0.7058591581675298,-7.251859770994836,0.07644136839286954,0.07659343906735634,,0.2672245223420737,0.9187569613804677,120.08465444131492,262854,100,40,U083,,Energetic
TRK0065,Golden Sky,Midnight Dream,Midnight Frequency,Lo-Fi,2009,French,0.4609647754574009,0.5428029069196527,-12.984370065865484,0.106240655492056,0.6298478925683697,0.35410198105843327,0.11828435393717432,0.5381281823428593,84.11256276889866,277081,63,43,U064,4,Relaxing
TRK0095,Golden Rain,Indigo Parade,Indigo Frequency,Hip-Hop,2017,English,0.7363341175348099,0.5538170997029901,-8.562436811233075,0.26480362779157623,0.11309285867189203,0.0,0.09929602364142592,0.6107050269684777,94.58349974263105,194274,72,30,U062,4,Relaxing
TRK0152,Electric Stories,Velvet Bloom,Velvet Sessions,,2011,English,0.44641752533340445,0.31007759126344436,-12.166953827815364,0.04481972635042623,0.7275865633947567,0.4605322799669501,0.10984248288470898,0.5460557050336521,76.23702829881739,253596,60,49,U008,5,Melancholic
TRK0205,Summer Hearts,Electric Bloom,Electric Diaries,Country,2012,Spanish,0.2996182319926659,0.4564729809161667,-9.69987892881675,0.0,0.44178445731332516,0.048583902526805695,0.011855028569567189,0.6899646059688638,102.72050166743028,248915,54,27,U071,4,Happy
TRK0324,Neon Sky,Royal Riders,Royal Diaries,Indie,2015,Spanish,0.6513069281851587,0.5294057587662064,-9.652145522324075,0.07213685906103391,0.33874384279965525,0.11123138880589577,0.22507733552971362,0.7574919857832212,125.58007236884055,173109,87,63,U036,5,Motivational
TRK0071,Distant Hearts,Velvet Dream,Velvet Frequency,Pop,2025,English,0.8162657572486841,0.7486045130210626,-7.527966093076273,0.10140175775500021,0.10122877069534027,0.03025686174498272,0.22310675005327021,0.5751181063769117,107.38759433403938,200495,86,76,U043,5,
TRK0258,Ocean Dreams,Blue Stories,,Country,2021,Hindi,0.4507518073217522,0.4881468791308773,-8.47300196876671,0.057875532384054636,0.6164362729217966,0.004806158962226262,,0.8014609334729738,116.25938584472834,200001,100,44,U095,4,Romantic
TRK0229,Neon Memories,Solar Theory,Solar Diaries,R&B,2024,English,0.8199346930553539,0.6271010589627435,-8.736875650011106,0.09199190999144412,0.25052554901808954,0.02231049182624331,0.09522927080444062,0.7191887488137937,91.93167440843408,248947,63,33,U093,4,Romantic
TRK0305,Hidden Memories,Velvet Bloom,Velvet Frequency,,2013,English,0.5577478542719683,0.31604394500267413,-11.075050857081044,0.04223832994500693,0.5528015056758783,0.27948494124348144,0.08903598764458695,0.40767742618323416,85.36852260428678,239216,,36,U080,,Melancholic
TRK0115,Neon Memories,Indigo Waves,Indigo Stories,Pop,2024,,0.6583807260009306,0.5771022882350313,-8.646060430646314,0.0,0.1837306043133492,0.21926451463961202,0.2197730260429214,0.6231481738496301,121.95537169597507,282751,83,25,U069,3,Romantic
TRK0135,Gravity Hearts,Aurora Harbor,Aurora Collection,Hip-Hop,2014,English,0.7690800023610048,0.7767012430198023,-5.632868824999548,0.22675435244127376,0.0011802312260879577,0.07388359047603942,0.1927591441487598,0.6621032584287365,107.17366646102641,271329,100,45,U018,4,Energetic
TRK0324,Neon Sky,Royal Riders,Royal Diaries,Indie,2015,Spanish,0.6513069281851587,0.5294057587662064,-9.652145522324075,0.07213685906103391,0.33874384279965525,0.11123138880589577,0.22507733552971362,0.7574919857832212,125.58007236884055,173109,87,30,U012,3,Motivational
TRK0127,Electric Fire,Urban Parade,Urban Diaries,Pop,2021,English,0.6857847109267953,0.5648239028275313,-9.77882716635796,0.05822971445201193,0.11787080086001953,0.0,0.1175867594475757,0.8152596734541223,,208947,98,64,U093,4,Happy
TRK0241,Hidden Roads,Lunar Harbor,Lunar Frequency,Pop,2019,Hindi,0.8437050541842469,0.726373397417053,-5.351381059213035,0.0,,0.024719494272472595,0.0691103939314857,1.0,117.86605989974571,225643,94,48,U004,4,Energetic
TRK0276,Golden Roads,Neon Stories,Neon Frequency,Lo-Fi,2016,Hindi,0.27611845374790683,0.18146756409710907,-12.033566235818993,0.03379530149759937,0.6657166001649696,0.420497020979903,0.026887382365640783,0.40204380960067065,81.43170116874637,207481,99,25,U089,4,Melancholic
TRK0329,Higher Sky,Solar Stories,Solar Diaries,Pop,2011,English,0.8804409996035354,0.6120761915104123,-9.206409777404991,0.0327150630954879,0.1352819172763498,0.09560367379171067,0.1506213904403073,0.9653633800767693,102.57645811878474,275997,79,31,U020,2,Romantic
TRK0371,,Sapphire Riders,Sapphire Collection,R&B,2007,,0.469715061749037,0.597520013272102,-9.388948145157173,0.05171499306557407,0.04104617668990804,0.10184012394277711,0.1798024556097283,0.9121578426205682,96.17714723049774,246386,53,43,U135,5,Happy
TRK0150,Broken Lights,Sapphire Signals,Sapphire Diaries,Indie,2023,Spanish,0.5264912846623288,0.5503381802418778,-7.699628453412719,0.01275870916694024,0.31290601956947317,0.12024987869379078,0.21971570793755807,0.5966744428383599,100.5159970073828,173975,66,49,U033,5,Energetic
TRK0380,Afterglow Motion,Wild Stories,Wild Sessions,Jazz,2023,English,0.470209168571469,0.41985018184010486,,0.05017165000384825,0.45699427745186094,0.3467281004789336,0.290520963686936,0.5208675850905798,122.31414548355136,228135,,46,U025,4,Energetic
TRK0384,Afterglow Motion,Blue District,,Classical,2011,English,0.3986150645860495,0.3164649109869452,-14.531648235510028,0.0,0.554854062041623,0.6503573428518936,0.10783714690110646,0.5129176884451836,78.21416172542656,281934,60,52,U037,5,Relaxing
TRK0350,Broken Fire,Urban Lines,Urban Frequency,Rock,2004,English,,0.676175952802977,-5.270033203154407,0.08445629866514491,0.23209047991837733,0.12156155717517193,0.2357577896167923,0.7218649570506154,132.7904178640542,178318,44,26,U034,4,Happy
TRK0352,Electric Fire,Royal Sound,Royal Frequency,R&B,2017,Spanish,0.8103782153025446,0.7027571049971331,-7.816946363169487,0.14996759375608584,0.41951747034313924,0.09369279191425606,0.13817320615107964,0.7527286779066664,113.72479258160914,214532,82,26,U052,3,Party
TRK0330,Sunday Dreams,Lunar District,Lunar Frequency,Rock,2026,English,0.4830752548534904,0.7230976375105796,-5.884111834418331,0.08497474414052568,0.24194530774953923,0.010691585344116489,0.2549058539982153,0.8106223443359897,113.40048880381497,255965,100,46,U136,4,Energetic
TRK0346,Velvet Paradise,Wild Stories,Wild Frequency,Jazz,2021,English,0.538614690099219,0.44219665596070884,-10.328131643942045,0.06523357255340027,0.41612430204314627,0.17703231299541325,0.25680265666131846,0.5710336350251407,114.98031185899859,216751,100,46,U103,2,Energetic
TRK0262,Paper Stories,Wild Harbor,Wild Sessions,Electronic,2013,English,0.8213847385812238,0.8005791642389477,-8.47689322392622,0.021043581860320557,0.13206388593777824,0.14068406750732895,0.19157610985926754,0.7893026413895854,118.28270589419806,291701,79,,U096,,Motivational
TRK0123,Velvet Hearts,Sapphire Riders,Sapphire Sessions,R&B,2021,English,0.5495208452389672,0.6859212542204782,-7.915269727759565,0.05000810071529258,0.28656786092893005,0.1112243432525084,0.041482060563646006,0.9070993104047592,108.25919776023672,235375,100,,U134,3,Motivational
TRK0344,Sunday Colours,Sapphire Sound,Sapphire Diaries,Rock,2021,Spanish,0.5163887003821573,0.8817316624309044,-6.508816347514161,0.0,0.1633786027419979,0.23131325221882937,0.26907065979592215,0.46840318081344146,116.80681967877611,210478,56,32,U058,3,Focus
TRK0200,Silent Motion,Wild Harbor,Wild Diaries,Electronic,2015,English,0.742280712521093,0.6480567496714164,-8.404213479078104,0.10324920687540973,0.0,0.043368465038429435,0.13201959605971653,0.995677765871745,127.4196813690422,222170,100,41,U102,4,Romantic
TRK0120,Wild Lights,Solar Heights,Solar Frequency,Hip-Hop,2013,English,0.6575471087086994,0.7761124330937934,-8.374898603799856,0.2271135238860671,0.0,0.0464320659381916,0.10516569497012018,0.6667185973766202,98.95264576218302,216499,87,23,U123,3,Party
TRK0093,Paper Sky,Silver Hearts,Silver Frequency,Rock,2018,Korean,0.5695605243314346,0.6626181287227711,-8.690937391980919,0.059463108098876595,0.0489981683635165,0.1761023430583431,0.16793779270803433,0.4678908413945251,115.49516059608959,151275,76,30,U046,3,Relaxing
TRK0379,Slow Sky,Nova Heaven,Nova Diaries,,2026,English,0.6726071970153532,0.5497279045295622,-9.541421868686225,0.09459054627094601,0.513421111804245,0.0822087010768228,0.22328053848644241,,111.47897754619231,211126,100,65,U007,5,Happy
TRK0065,Golden Sky,Midnight Dream,Midnight Frequency,Lo-Fi,2009,French,0.4609647754574009,0.5428029069196527,-12.984370065865484,0.106240655492056,0.6298478925683697,0.35410198105843327,0.11828435393717432,0.5381281823428593,84.11256276889866,277081,63,44,U002,4,Relaxing
TRK0367,Neon Promises,Crimson Garden,Crimson Horizons,Pop,2018,English,0.6220621995810708,0.7678494417374881,-8.60991889858262,0.11790117073686304,0.07133815107845776,0.017550365143560065,0.00043386062106723355,0.8095865267230561,123.92642575415333,196164,95,56,U104,4,Motivational
TRK0061,Hidden Waves,Wild District,Wild Sessions,Indie,2020,English,0.43957309019092505,0.5946868864973889,-8.579083051872368,0.02827444285739099,0.435693134562286,0.27149676452365157,0.2756059038220251,0.7919908745733164,115.04242984441936,244751,100,35,U094,,Motivational
TRK0270,Neon Rhythm,Paper Riders,Paper Diaries,Classical,2026,,0.32653425361362853,0.16117810217003548,-15.161280636909915,0.0,0.8334119971021757,0.8204063938852227,0.002664129645858368,0.33786709745122984,68.4147728468003,225797,57,24,U042,2,Focus
TRK0283,Hidden Colours,Blue Hearts,Blue Sessions,Indie,2007,English,0.4622210232299129,0.5987465432712028,-9.643042561175234,0.0,0.2437592373485091,0.057189958962708974,0.10761853584896242,0.8329881528508393,111.07285767475483,264533,74,40,U033,4,Romantic
TRK0103,Hidden Rhythm,Wild Circuit,Wild Diaries,Classical,2006,English,0.2864525037992802,0.21377176715673216,-14.50540523473548,0.0,0.6518063751634017,0.7313995028806262,0.1859894568596106,0.3032615941608924,86.27828578198104,212996,66,27,U017,3,Relaxing
TRK0400,Starlight Sun,Urban Bloom,Urban Diaries,Hip-Hop,2017,English,0.7664468926102672,0.7781451581507699,-7.209084259584893,0.21960623697140688,0.03004608935652041,0.0322609742710931,0.028177630426590453,0.7581553867555282,97.2641675366872,279918,96,32,U068,3,Energetic
TRK0169,Broken City,Midnight Dream,Midnight Frequency,Lo-Fi,2006,English,0.5389127317527007,0.2934478316208378,-12.912508493766657,0.0,0.8200510156605935,0.4145764657085903,0.16389271868923352,0.5648600222653026,86.21538436665978,219880,66,55,U019,4,Focus
TRK0032,Electric Colours,Solar Pulse,Solar Diaries,Latin,2021,Spanish,,0.6311407534680078,-7.743365774833139,0.09447648628570823,0.1556530444017342,0.11464591660918148,0.20412516583652365,0.9733586563005454,108.56013304417405,266395,100,52,U070,3,Happy
TRK0164,Neon Promises,Urban Parade,Urban Collection,Pop,2021,,0.6978403830001897,0.7840672283006523,-7.575936964480379,0.00315073782149769,0.10002883448718573,0.0,0.10321602909744856,0.9756979109221184,103.98290517853954,197555,76,50,U095,5,Happy
TRK0201,Wild Fire,Static Parade,Static Diaries,Electronic,2025,French,0.677149575905873,0.7847444687995999,-6.302953577936942,0.037736320626342953,0.061226014343580396,0.06782321306795128,0.20342606757519505,0.8534787416652042,122.83378259433051,224957,98,69,U077,4,Party
TRK0320,Higher Paradise,Midnight Dream,Midnight Diaries,Lo-Fi,2013,English,,0.43550178141374535,-11.484845461857114,0.18585665846395535,0.7331931558845588,0.3558070780291385,0.048685291014278535,0.46808497361117857,95.14314253640646,283707,,40,U029,4,Energetic
TRK0309,Neon Fire,Solar Heights,Solar Frequency,Hip-Hop,2018,French,0.8401795909900448,0.6521702290485479,-7.565369446310965,0.22671237872759767,0.09754993378009585,0.0,0.2123636870450621,0.6237656408839145,108.74225979394465,223235,84,,U063,4,Relaxing
TRK0194,Golden Paradise,Lunar Stories,Lunar Frequency,Hip-Hop,2024,English,,0.5809041460537996,-6.481582540184175,0.24797039235022636,0.13300246248846065,0.08130257615370738,0.08090613918241793,0.5231875346996698,92.2171288613433,256082,100,21,U026,3,Energetic
TRK0247,Neon Sun,Echo Signals,Echo Frequency,R&B,2016,English,0.5456553203063159,0.49727708731884335,-8.547371022529267,0.09256294134899036,0.13370782203573875,0.01566942359593018,0.13427103987899439,0.8023452016234809,,250765,75,38,U089,5,Happy
TRK0144,Golden Memories,Silver Skies,Silver Stories,Pop,2023,English,0.7821601313120972,0.7121876000983328,-6.726369660671997,0.01666669387604572,0.0,0.03500811303450241,0.14267931793905012,0.9780970782940765,130.75350053013395,290239,80,34,U114,3,Party
TRK0094,Golden Waves,Solar Stories,Solar Stories,,2016,Korean,0.7817281580492258,0.7654144600780781,-6.432486735577432,0.11416658871886522,0.0,0.2208755386185139,0.05284005728006923,0.932763346965809,105.48243534586436,210231,100,49,U133,4,Energetic
TRK0212,Summer Colours,Neon Harbor,Neon Sessions,Country,2024,French,0.5396798383289502,0.6710169766168603,-7.766428857027675,0.0,0.46055217838559614,0.0,0.1544024476969952,0.8401943486243177,113.51240837382346,217125,100,32,U040,3,Romantic
TRK0177,Falling Fire,Urban Bloom,Urban Sessions,Hip-Hop,2020,English,0.6936826249363235,0.6438186224948674,-8.781022605854742,0.284047860355674,0.07060353225379468,0.0,0.20659834247214126,0.6203261255841609,87.60527432132514,271620,77,35,U060,3,Romantic
TRK0308,Neon Paradise,Royal Riders,Royal Frequency,Indie,2005,English,0.7172387434143576,0.7156516974997185,-9.112201110597413,0.049865016043825726,0.4360725023201662,0.16552731106107718,0.16037561673284348,0.8132149677184671,111.88907566088601,234456,73,34,U071,4,Energetic
TRK0224,Higher Memories,Urban Skies,Urban Sessions,Electronic,2006,Spanish,0.6699434666969848,0.6463911480538451,-6.886578571011203,0.08195475039088049,0.07510286644399623,0.18422735734636903,0.02471876853415725,0.6393122394236813,137.03403871531705,205362,81,51,U023,5,Motivational
TRK0127,Electric Fire,Urban Parade,,Pop,2021,English,0.6857847109267953,0.5648239028275313,-9.77882716635796,0.05822971445201193,0.11787080086001953,0.0,0.1175867594475757,0.8152596734541223,98.72429449393793,208947,98,47,U087,4,Happy
TRK0245,Gravity Sky,Static Lines,Static Diaries,Indie,2012,English,,0.6321213150233576,-7.279291653604948,0.12752734475160765,0.3612409774159476,0.10482006065445633,0.2556103736325805,0.7846826053302078,113.91398100228058,234747,83,42,U018,4,Motivational
TRK0389,Slow Sky,Royal Heights,Royal Stories,Pop,2026,English,0.7326281137237569,0.6436961034914768,-6.9969502871483344,0.0,0.1712519232465236,0.06947260067388616,0.11597117362738567,0.7756447544303136,109.99740965342735,260718,76,44,U014,4,Happy
TRK0151,Ocean Memories,Indigo Pulse,Indigo Diaries,Rock,2013,English,0.43594921391520064,0.9280126933158811,-5.081624812735736,0.05072582368742018,0.04253584874401047,0.0009303192120989276,,0.7559709051706432,122.35925035093342,240529,44,27,U141,4,
TRK0233,Velvet Sky,Wild Circuit,Wild Diaries,Classical,2014,English,0.3648742349822743,0.23283784478405428,-14.186854533420584,0.03825039962992895,0.9080945516133593,0.7807786293377045,0.1671164659207673,0.499938862906362,,219635,69,59,U064,5,Melancholic
TRK0364,Falling Paradise,Royal Heights,Royal Horizons,Pop,2026,English,0.6401854295213565,0.6723972752960317,-6.937562646515616,0.13868364399938976,0.14306409830118771,0.0519356719397647,0.10600842890311846,0.8070555772640607,128.02269581486706,237972,89,30,U035,3,Romantic
TRK0363,Sunday Rain,Aurora Heights,Aurora Sessions,Jazz,2011,English,0.8208160913916496,0.30561803613701105,-9.53869331415619,0.0,0.5260027278853091,0.3319230564333415,0.23908476257232905,0.45669402595376823,112.37859941802716,185762,95,50,U063,4,Energetic
TRK0136,Afterglow Roads,Aurora Heights,Aurora Sessions,Jazz,2017,English,0.3514437996768929,0.40120210006183354,-11.008420491271995,0.08386970663364313,0.39245139382269467,0.22927930479783531,0.24640088522638284,0.5374987224103095,112.20228727149497,304060,83,35,U135,4,Relaxing
TRK0168,Starlight Dreams,Solar Heights,Solar Collection,Hip-Hop,2026,English,0.7130134750780427,0.6932435527093319,-6.280550677482256,0.2576173216806648,0.017447026545175756,0.0,0.15797126358994085,0.8121812704726568,90.01794697836672,260178,100,47,U100,4,
TRK0174,Gravity Hearts,Golden Parade,Golden Diaries,Lo-Fi,2022,Japanese,0.3835413327741403,0.20931168286767243,-13.013331523300225,0.012063037644373512,0.7335025249211707,0.4209486575215223,0.09914087973273197,0.5956770182966491,91.28743039313612,236786,72,57,U050,5,Melancholic
TRK0048,Gravity Rhythm,Paper Heaven,,Jazz,2026,English,0.6350625120952657,0.4648504142779807,-9.652092024888722,0.030793788329210772,0.5039170807365264,0.35643030091609434,0.1388143518215875,0.5467474941204821,107.88491970331523,,100,56,U127,5,
TRK0109,Wild Sun,Electric Waves,Electric Frequency,Electronic,2018,,0.9506091758127639,0.9734073552254533,-5.713478889440305,0.0,0.004257805145407637,0.008282675912815257,0.2623648684431353,0.9500846327122934,126.9146226362837,161972,75,41,U090,4,Party
TRK0159,,Echo Signals,Echo Diaries,R&B,2026,English,0.4986220265171073,0.6656016002378206,-8.515734564509806,0.16350926436445204,0.16134424011109158,0.056605092613162156,0.21252682050141541,0.6147630372029348,94.74124954089578,231291,100,27,U090,3,Romantic
TRK0190,Electric City,Solar Theory,Solar Collection,R&B,2023,English,0.5606495140661624,0.5144947162989243,-8.034371919321229,0.15469670874239622,0.34985887646033387,0.13293882972317844,0.15011035327254546,0.7731082306590776,95.08341394282901,229848,77,28,U127,4,
TRK0320,Higher Paradise,Midnight Dream,Midnight Diaries,Lo-Fi,2013,English,0.5322229315560356,0.43550178141374535,-11.484845461857114,0.18585665846395535,0.7331931558845588,0.3558070780291385,0.048685291014278535,0.46808497361117857,95.14314253640646,283707,100,48,U142,4,Energetic
TRK0055,Neon Lights,Golden Heights,Golden Collection,Pop,2026,English,0.46983001558403453,0.48409814626107484,-8.64734962857199,0.04490220006271534,0.08106935972319837,0.03196504827041154,0.09817775684242869,0.8937312248781106,109.35333374846518,211189,100,46,U098,4,Motivational
TRK0327,Sunday Waves,Royal Heights,Royal Frequency,Pop,2024,English,0.7142430237594596,0.6599245325905864,-7.280822231534281,0.04742671496326437,0.11457151660985919,0.22381987370325773,0.09732542682500142,0.8546241057817568,133.3568393361317,220680,100,54,U018,4,
TRK0233,Velvet Sky,Wild Circuit,Wild Diaries,Classical,2014,English,0.3648742349822743,0.23283784478405428,-14.186854533420584,,0.9080945516133593,0.7807786293377045,0.1671164659207673,0.499938862906362,80.93253355183563,219635,69,30,U004,3,
TRK0275,Velvet Fire,Blue Hearts,Blue Collection,Indie,2007,English,0.449233310161506,0.6390332596429159,-8.924149209856617,0.12207071200529417,0.4182710627354647,0.021022319186143668,0.08580422134527854,0.7209574107395091,114.4864738489624,228306,93,71,U069,4,Romantic
TRK0045,Afterglow Shadows,Echo Riders,Echo Diaries,Rock,2025,,0.3303361310096673,0.6995242529818426,-4.808012600990078,0.06271641423136834,,0.0,0.11163248873106316,0.6934291647637784,126.65905844221122,254667,87,32,U044,3,Happy
TRK0196,Electric Stories,Crimson Garden,Crimson Collection,Pop,2015,English,,0.7998906917363736,-7.358342570228901,,0.07786154903117141,0.09820096906709562,0.048237456388907696,0.9558730147234602,123.22899055340895,196690,100,63,U130,4,Happy
TRK0088,Distant Motion,Solar Circuit,Solar Stories,Rock,2022,English,0.45290718698421917,0.7296177717043025,-7.512978801656027,0.0,0.1361407285500787,0.045269194532348504,0.1592008606829204,0.3413013106465727,116.6657268180112,273824,,31,U132,2,Sad
TRK0039,Slow Rhythm,Golden Heights,Golden Stories,Pop,2019,English,0.7671136293399929,0.663767696090173,-7.602662898388932,0.13131891879115035,0.0,0.0,0.2327655896508326,1.0,114.21436131775793,178021,,41,U042,4,Romantic
TRK0226,Afterglow Fire,Sapphire Garden,Sapphire Sessions,Electronic,2010,English,0.7749525927218578,0.7485004972599811,-7.633720803954731,0.02484640382338473,0.06241596171224914,0.10302902712168918,0.14749996224743026,0.8785151326196182,121.6411905930362,230159,89,46,U125,3,Motivational
TRK0282,Velvet Echoes,Velvet Lines,Velvet Diaries,K-Pop,2026,English,0.6597261987851413,1.0,-5.090941511810036,0.030230677279735108,0.03580820178252286,0.030326276785038454,0.18922876721339243,1.0,128.1084134502337,222189,100,51,U008,4,Happy
TRK0041,Distant Rain,Midnight Motion,Midnight Frequency,Rock,2020,English,,0.9335615981807674,-6.247865250601619,0.0,,0.0,0.16603613429352823,0.6872129524827117,116.05820624458737,187005,94,32,U123,3,Motivational
TRK0273,Velvet Echoes,Silver Sound,Silver Diaries,K-Pop,2015,Korean,0.6782991349257921,0.8063887696586054,-7.281096575314743,0.16035293368795878,0.15191598052088773,0.0,0.165881649540186,0.8982280240557057,117.96283344908116,261982,92,51,U077,5,Happy
TRK0022,Paper Sky,Blue District,Blue Sessions,Classical,2026,English,0.19088965748088943,0.3084039834216243,-15.782701329079858,0.0964177071624079,,0.8826411169102876,0.06003394369347438,0.4508749884753946,91.12383219923667,235754,90,61,U050,5,
TRK0049,Gravity Memories,Nova Riders,Nova Diaries,K-Pop,2016,Korean,0.7448948122393071,0.7290748599611006,-8.113154066824475,0.10300498165463906,0.11163748279799143,0.0,0.1214120753753411,0.9828910172899792,129.40991281058706,271152,89,55,U123,4,Happy
TRK0086,Paper Rain,,Golden Stories,Rock,2026,English,0.4617500157349738,0.8672366898337339,-7.7500732452361705,0.10321388337886958,0.06353311967030892,0.025946360462187422,0.1555841069524161,0.6231793669959312,134.26591524053327,247236,100,35,U069,3,Happy
TRK0207,Hidden Fire,Silver Hearts,Silver Collection,Rock,2017,Korean,0.3250742823655756,0.7352934602766225,-7.742562514431493,0.0,0.03219690059974667,0.0,0.23086505817050637,0.7260826099791239,119.49836758750234,231189,50,20,U022,3,Happy
TRK0125,Summer Signals,Sapphire Heaven,,,2023,Spanish,0.8596554884498404,0.6554810631728766,-6.940045399411315,0.28151878752545334,,0.23437908983336986,0.09655924778825375,0.5468126655550608,91.07753507963218,259223,98,57,U002,5,Romantic
TRK0396,Slow Colours,Royal Heaven,Royal Sessions,Electronic,2017,English,0.7030869782256146,0.9017189063858078,-6.788584533862755,0.01073866258361078,0.0,0.13180097531291235,0.021910704306431522,0.8200602286657633,132.0196230705732,254439,100,50,U027,4,Party
TRK0139,Gravity Roads,Golden Theory,Golden Collection,Rock,2022,English,0.29536629888795196,0.7328482623250544,-5.96181343525809,,0.17518568153315112,0.14835789788004555,0.198880688340709,0.3076981422820441,116.46801703318138,297730,70,39,U053,4,Calm
TRK0337,Ocean Paradise, Aurora Harbor,Aurora Sessions,Hip-Hop,2022,Spanish,0.6793932527048435,,-7.123713224494114,0.17655209294934998,0.09237072291810616,0.06093325465326305,0.13406256595699206,0.6876423177643098,95.0910098620933,258138,89,34,U034,3,
TRK0010,Wild Colours,Golden Pulse,Golden Sessions,K-Pop,2016,Korean,0.5925317055295642,0.7143652145657913,-6.721443417284611,0.15955684611109472,0.08730362639939365,0.12700431374224513,0.09504930810225937,0.7252122217023026,112.99454412062789,215483,100,42,U117,4,Party
TRK0267,Falling Promises,Blue Hearts,Blue Diaries,Indie,2023,Hindi,0.5210118668446194,0.48298570905082705,-6.425231733863422,0.08940449893339852,0.14177245080036432,0.0,0.14073580286497595,0.6175097755344411,103.6497279711473,300105,93,66,U014,5,Focus
TRK0088,Distant Motion,Solar Circuit,Solar Stories,Rock,2022,English,0.45290718698421917,0.7296177717043025,-7.512978801656027,0.0,0.1361407285500787,0.045269194532348504,0.1592008606829204,0.3413013106465727,116.6657268180112,273824,70,47,U073,4,Sad
TRK0284,Paper Paradise,Sapphire Riders,Sapphire Frequency,R&B,2019,English,0.59553720668084,0.6856547922432635,-7.290827047244499,0.07983717696359884,0.18227072963433938,0.029844820813237572,0.06926863439157083,0.7332028708476079,98.01672784518995,207028,59,51,U003,4,Party
TRK0266,Hidden Fire,Crimson Garden,Crimson Frequency,Pop,2007,French,0.6449302063495839,0.757187067967636,-7.263571936621392,0.04984601147005928,0.2846068033850083,0.08370693005737223,0.1437296157332378,0.7696747053149479,114.08683267842032,165765,91,35,U058,3,Happy
TRK0260,Slow Lights,Blue Hearts,Blue Frequency,Indie,2012,English,0.4062578070937889,0.6571461294974312,-6.215197731876743,0.03337450979793133,0.37032374120293926,0.22894108260539658,0.11732475683695362,0.7502949577626425,,219161,64,34,U135,4,Happy
TRK0259,Midnight Stories,,Indigo Collection,Pop,2019,Hindi,0.7840785134252641,0.718821765121364,-7.961764675059078,,0.018537762820207096,0.04406700053696589,0.11811309144953548,0.8681763943593139,122.28883154518934,219647,100,56,U102,4,Party
TRK0266,Hidden Fire,Crimson Garden,Crimson Frequency,Pop,2007,French,0.6449302063495839,0.757187067967636,-7.263571936621392,0.04984601147005928,0.2846068033850083,0.08370693005737223,0.1437296157332378,0.7696747053149479,114.08683267842032,165765,91,41,U137,1,Happy
TRK0287,Hidden Roads,Echo Signals,Echo Sessions,R&B,2017,Hindi,0.6907989308907942,0.6915559733892898,-8.373154730139111,0.01843352350441113,0.1938491819951375,0.11191732451417631,0.17027431322652986,0.7829840672443317,100.28464387319944,211276,95,49,U072,4,Motivational
TRK0221,Distant Echoes,Indigo Pulse,Indigo Collection,Rock,2024,Spanish,0.4098655850236158,0.8338046676909375,-6.477234566482271,0.06477232829364638,0.03718571575598459,0.0,0.263645242021662,0.6725637153477547,144.38394162219186,240924,74,33,U113,3,Energetic
TRK0274,Broken Paradise,Blue Hearts,Blue Collection,Indie,2018,Japanese,0.7493766240762492,0.547806361117693,-7.843417453991226,0.035589166596435524,0.5302179636108069,0.04267354263869662,0.09853157167677674,,117.80481582437027,188109,75,,U143,,Focus
TRK0087,,Electric Lines,Electric Frequency,Classical,,Hindi,0.37609373235629845,0.424635103653962,-14.558685256196826,0.1303173124750188,0.8285928158560564,0.8999731822678968,0.10196155309181137,0.3674124555756131,82.64425593849256,,100,59,U050,4,Sad
TRK0293,Paper Rhythm,Echo Garden,Echo Frequency,Hip-Hop,2020,English,0.805117611985762,0.6910076755578571,-7.698279657603706,0.24113682739942757,0.11134671358909004,0.03970127090771791,0.21817974364316406,0.6459942730875767,88.93795348966297,301593,77,36,U149,5,Party
TRK0225,Hidden Echoes,Solar Heights,Solar Frequency,Hip-Hop,2021,Hindi,0.7151710226355766,0.6142772648876302,-7.095839168346096,0.18542765404308345,0.10903483242556825,0.30355197414624685,0.24451190358834085,0.7575437301693447,97.72930059138528,176324,67,43,U062,4,Happy
TRK0050,Wild Lights,Royal Riders,Royal Collection,Indie,2026,English,0.5667771343468827,0.48471575448924237,-8.928780652945349,0.05977540376647361,0.3416257849223505,0.056373167684469455,0.1677019370478929,0.603719417221595,109.24620764753564,244842,85,44,U083,4,Relaxing
TRK0240,Electric Memories,Solar Stories,Solar Horizons,Pop,2008,Hindi,0.6444459281259471,0.5860475952853267,-6.435555082972699,0.0858089354194563,0.21959268794429188,0.08160795053552103,0.13460547073113582,0.9303411317059618,120.04853264716029,238885,100,49,U017,4,
TRK0176,Paper Memories,Golden Heights,Golden Nights,Pop,2002,French,0.6662806205986582,0.6117544299140677,-6.789046507609315,0.08375110863561161,0.19596934300385754,0.11483530757165357,0.19985689525529665,0.8052405460219413,119.10405165524438,253428,72,41,U085,4,Happy
TRK0398,Wild Sun,Crimson Hearts,Crimson Diaries,K-Pop,2025,Korean,0.8671902956182658,0.8815532311358876,-5.90372513568255,0.1294708284029445,0.14615489143770344,0.07222502589916946,,,120.89959307391472,228022,100,48,U063,5,Energetic
TRK0340,,Wild Harbor,Wild Stories,Electronic,2024,English,,0.8468124130677129,,0.05628338422146777,0.03890651956251758,0.07644152901354467,0.1007959043691874,0.9193097683061009,127.3521529785314,255108,100,48,U134,4,Motivational
TRK0042,Golden Motion,Wild District,Wild Collection,Indie,2013,English,,0.652336753438297,-5.18386700046422,0.06890848694262218,0.3804899037136058,0.10135619736050408,0.20717431070405537,0.7531835499398102,126.79885137009602,217610,73,45,U044,4,Happy
TRK0005,Golden Waves,Royal Heights,Royal Diaries,Pop,2014,Spanish,0.7008695675118385,0.5804056227775467,-8.718727788471536,0.028624647129927495,0.1600673996720708,0.050249313574263606,0.16833397478474377,0.762341727308391,117.4744018702769,257617,77,50,U096,4,Happy
TRK0268,Afterglow Lights,Sapphire Garden,,Electronic,2016,English,0.6171002434939701,0.9330075682600809,-5.972110237551107,0.1176424893951191,0.0,0.027683487597180687,0.07866698448801314,0.8448855300384169,126.07297993924718,225138,68,27,U041,3,
TRK0294,Wild Promises,Electric Lines,Electric Diaries,Classical,2017,English,0.2674819327020807,0.06219661186666178,-12.366358595990596,0.02337202589094491,0.8305986685206992,0.6652497326986675,0.06702998171255248,0.26791485433401435,90.6407392940683,208794,86,51,U142,4,Focus
TRK0091,Falling Signals,Indigo Waves,Indigo Diaries,Pop,2007,English,0.8905852680544564,0.7831443677348033,-6.07459120857588,0.07515629966607452,0.11901702973755005,0.1096626560016086,0.06333595767750635,,108.26314138093774,248722,83,36,U075,3,Energetic
TRK0067,Distant Lights,Paper Riders,Paper Frequency,Classical,2018,English,0.20916668371733307,0.13396180154743675,-16.260464838384188,0.05939601974765521,0.7362545748057363,0.7340165675149569,0.10059539387062076,0.4370383640370838,81.40233856742273,207962,98,38,U066,2,Focus
TRK0271,Ocean Waves,Aurora Skies,Aurora Sessions,Pop,2026,English,0.6777085744177497,0.7630534519991411,-8.488036301136791,0.026688732834351164,0.12174783896761407,0.0,0.11739874505462819,0.7156615848796087,119.75625822121323,203686,100,46,U022,4,Energetic
TRK0055,Neon Lights,Golden Heights,Golden Collection,Pop,2026,English,0.46983001558403453,0.48409814626107484,,0.04490220006271534,0.08106935972319837,0.03196504827041154,0.09817775684242869,0.8937312248781106,109.35333374846518,211189,100,43,U003,3,Motivational
TRK0127,Electric Fire,Urban Parade,Urban Diaries,Pop,2021,English,0.6857847109267953,0.5648239028275313,-9.77882716635796,0.05822971445201193,0.11787080086001953,0.0,0.1175867594475757,0.8152596734541223,98.72429449393793,208947,98,59,U120,5,Happy
TRK0253,Higher Fire,Electric Lines,Electric Sessions,Classical,2010,English,0.2353885968405455,0.5772113254121127,-12.736217414152936,0.012871881882013596,0.852737432729257,0.6211701265436411,0.10660241094667683,0.6071359039586541,85.67857560630367,,65,29,U040,4,Relaxing
TRK0268,Afterglow Lights,Sapphire Garden,Sapphire Stories,Electronic,2016,English,0.6171002434939701,0.9330075682600809,-5.972110237551107,0.1176424893951191,0.0,0.027683487597180687,0.07866698448801314,0.8448855300384169,126.07297993924718,225138,68,33,U105,4,Motivational
TRK0209,Paper Shadows,Lunar Circuit,Lunar Sessions,R&B,2026,Spanish,0.6784665005192664,0.712904721892063,-8.895414890373532,0.22665013539697726,0.20197718118962601,0.07828064340272992,0.16675671817808185,0.9430332900428288,109.73363012176179,185608,100,52,U024,4,Motivational
TRK0037,Gravity Memories,Sapphire Signals,Sapphire Collection,Indie,2026,English,0.6049036122306941,0.7701427996308533,-9.67168257892256,0.0,0.28522220339821375,0.056463379054280276,0.20688209014275513,0.7233675063392037,104.35244551732578,252214,84,35,U083,4,Happy
TRK0366,Velvet Stories,,Silver Collection,Pop,2026,English,0.5817238393907174,0.6856914652811356,-7.106937158852667,0.10888196317334037,,0.0,0.15816695430999198,0.6953220448569555,106.41154204762744,231592,100,54,U108,4,Party
TRK0169,Broken City,Midnight Dream,Midnight Frequency,Lo-Fi,2006,English,0.5389127317527007,0.2934478316208378,-12.912508493766657,0.0,0.8200510156605935,0.4145764657085903,0.16389271868923352,0.5648600222653026,86.21538436665978,,66,56,U034,,Focus
TRK0342,Silent Promises,Wild District,Wild Sessions,Indie,2020,English,0.45388762686528644,0.5490164066173447,-8.231270740061658,0.06032554135000981,0.4010716679075012,0.21224018657851862,0.1015492149814993,0.5721441056599775,126.84209953720544,258655,77,25,U071,3,Romantic
TRK0376,Silent Echoes,Royal Heights,Royal Sessions,,2013,,0.6722581378592292,0.833346682958548,-5.9436085331051105,0.10014205394123972,0.0,0.013321132117118918,0.2658247671341324,0.9898798425429977,105.2234835570158,229970,65,31,U129,4,Party
TRK0036,Starlight Motion,Silver Hearts,Silver Frequency,Rock,2011,English,0.334517751474221,0.9038861868696506,-4.45080145731973,0.03863671995636659,0.12787909135954925,0.0,0.1090556637814267,0.6379847403383734,120.68122863162988,260942,100,,U135,4,Party
TRK0157,Wild City,Golden Parade,Golden Frequency,Lo-Fi,2026,English,0.3558462397770199,0.31458259673359795,-11.488832836649491,0.0,0.6891861543540457,0.5462177980333435,0.15479553160605541,0.6111003550568717,83.38205679203361,227319,96,45,U029,3,Calm
TRK0015,Electric Fire,Electric Lines,Electric Frequency,Classical,2007,English,0.28156050035903407,0.3864169509696995,-14.525649752383233,0.0005634101969491552,0.5189010629097706,0.7556235142364862,0.025630991169830586,0.3426785330970043,76.7313680392048,229200,34,19,U068,4,Melancholic
TRK0094,Golden Waves,Solar Stories,,Pop,2016,Korean,0.7817281580492258,0.7654144600780781,-6.432486735577432,0.11416658871886522,0.0,0.2208755386185139,0.05284005728006923,0.932763346965809,105.48243534586436,210231,100,53,U119,5,Energetic
TRK0395,Ocean Memories,Aurora Heights,Aurora Diaries,,2022,Japanese,0.5163722255058019,0.3437610100494708,-12.345501642491481,0.04073484009132958,0.47397697697702046,0.13684376987680358,0.19189747454090755,0.5011851762637948,104.9830027228584,211715,79,53,U012,4,Relaxing
TRK0028,Starlight Echoes,Urban Parade,Urban Collection,Pop,2026,English,0.5723142183154268,0.7591285720703351,-7.2204000903057,0.12015666000598196,0.12724228266980683,0.01961047524664619,0.14441431258324067,1.0,135.50277281348505,240311,100,39,U076,4,Energetic
TRK0075,Higher Shadows,Velvet Dream,Velvet Sessions,Pop,2008,English,0.49502162220483925,0.5361730978643806,-5.901533891148901,0.06800037245330406,0.24471560448839175,0.08556981813892672,0.17477911780006114,0.6743439866084442,119.73420410150707,259648,63,21,U100,3,Motivational
TRK0316,Ocean Waves, Indigo Pulse,Indigo Stories,Rock,2016,English,0.6193519509610061,0.6981663089190868,-7.36464394815389,0.019892969412178,0.10823540651913566,0.044792115340538216,0.39973673667787,0.5669849662934751,128.00425411910143,258104,80,39,U126,5,Focus
TRK0362,Slow Waves,Velvet Dream,Velvet Sessions,Pop,2013,English,0.7179905451624203,0.5569181657921383,-8.822817748290701,0.019529527242505354,0.18958064247332085,0.06349355910457373,0.16277428400517602,0.6043221817225677,103.98523899846926,258379,31,29,U008,4,Relaxing
TRK0231,Wild Fire,Indigo Motion,Indigo Diaries,Indie,2020,Hindi,0.48547434481266233,0.6980199097605752,-5.716085449349736,0.0,0.3032984570874615,0.11459209801661675,0.2746858849307098,,113.6552264621424,285009,78,62,U133,5,Energetic
TRK0160,Broken Rain,Indigo Lines,Indigo Diaries,R&B,2015,Hindi,0.6221020685648018,0.6023444604443969,-6.9365131895193395,0.06529464251944125,0.343456276769922,0.0,0.08218357388903777,0.8765195228393803,103.4268481255773,217183,82,45,U029,4,Romantic
TRK0069,Higher Motion,Velvet Lines,Velvet Sessions,K-Pop,2025,Korean,0.7952034471802925,0.7198244183459586,-6.100146011309549,0.08013988475835365,0.0,0.0,0.1171076977439345,,134.96809621333085,236849,,52,U111,4,Energetic
TRK0223,,Golden Heights,Golden Diaries,Pop,2026,English,0.862953197456844,0.7588408042780886,-5.799598391722843,0.10235918707397516,0.15126821011182642,,0.10370044987190905,1.0,111.62711618340413,237868,100,56,U040,4,Party
TRK0165,Paper Rain,Nova Heaven,Nova Frequency,Country,2024,English,0.5845630314343885,0.6190314377872316,-9.617284513014354,0.07857446591004755,0.2945118020296121,0.1229888795931843,0.2530299751483182,0.7516848696181704,111.17576709511268,248392,43,15,U011,3,Happy
TRK0180,Falling Motion,Urban Parade,Urban Nights,Pop,2026,English,0.6906596908936026,0.6807758135702193,-6.785077201224383,0.14200212765938236,0.14055364479529636,0.10665826778344378,0.201848907634912,0.6910480925679444,123.75053234334564,228465,51,42,U146,4,Motivational
TRK0091,Falling Signals,Indigo Waves,Indigo Diaries,Pop,2007,English,0.8905852680544564,0.7831443677348033,-6.07459120857588,0.07515629966607452,0.11901702973755005,0.1096626560016086,0.06333595767750635,0.9522497502409132,108.26314138093774,248722,83,38,U092,4,
TRK0267,Falling Promises,Blue Hearts,Blue Diaries,Indie,2023,Hindi,0.5210118668446194,0.48298570905082705,-6.425231733863422,0.08940449893339852,0.14177245080036432,0.0,0.14073580286497595,0.6175097755344411,103.6497279711473,300105,93,31,U097,4,Focus
TRK0314,Gravity Signals,Indigo Parade,Indigo Frequency,Hip-Hop,2014,English,0.591819424337232,0.6880970641217066,-5.293395350612535,0.20577241711452837,0.05764326034816381,0.0,0.26390617991645005,0.6660499875351579,99.89447070417773,282472,91,55,U100,4,Energetic
TRK0072,Golden Waves,Royal Heaven,Royal Diaries,Electronic,2026,English,0.7388250582315351,0.7869837684302718,-8.008093491335137,0.0,0.0,0.020214801675597416,0.1540604627836593,0.6413347404360288,117.25896085997202,244756,100,34,U116,,Party
TRK0113,Ocean Rhythm,Paper Sound,Paper Frequency,Indie,2016,,0.48993078162873227,,-8.41294590349164,0.08955293124654017,0.2073078237795332,0.0,0.00735900445856974,0.6682659253467892,105.9229108637243,224584,92,64,U075,5,Happy
TRK0204,Ocean Shadows,Echo Heaven,,Pop,2021,Korean,0.5571957786048789,0.6279636634759189,-6.299171722970096,0.14593988677689873,0.18285718429236375,0.0,0.10373429324362601,0.8232610669557565,118.34018388752752,,74,45,U130,4,Happy
TRK0315,Gravity Fire,Midnight Dream,Midnight Frequency,Lo-Fi,2013,Spanish,0.44467592013609225,0.1854498405327902,-10.46411237412516,0.047955443699341876,0.5672285134617077,0.23685960987992538,0.0,0.33558700584681805,88.11233322831744,302908,84,49,U100,4,Melancholic
